{
"type": "FeatureCollection",
"name": "2026assec_sem33",
"crs": { "type": "name", "properties": { "name": "urn:ogc:def:crs:OGC:1.3:CRS84" } },
"features": [
{ "type": "Feature", "properties": { "id_map": 69000144.0, "num_tronc": "142", "nom": "ruisseau de corsenat", "me_sdage": null, "Date": "2026\/08\/12", "Longueur": 833.186, "ONDE_num": 2, "ONDE_com": null }, "geometry": { "type": "MultiLineString", "coordinates": [ [ [ 4.615694212119441, 45.610531703636291 ], [ 4.61587289761677, 45.610480636171175 ], [ 4.616189979794165, 45.610435956340005 ], [ 4.616708082763125, 45.610314081727054 ], [ 4.617032160910363, 45.610232146433823 ], [ 4.617171096888153, 45.610177865455135 ], [ 4.617374743253508, 45.610098335913563 ], [ 4.617498787194968, 45.610035081828705 ], [ 4.617655223925397, 45.609947313973301 ], [ 4.61772522952093, 45.609905642120729 ], [ 4.617863518156065, 45.60980286864077 ], [ 4.617956240476913, 45.609734930701734 ], [ 4.618057262325078, 45.609687543619792 ], [ 4.61824144311807, 45.609627071374852 ], [ 4.61842029414327, 45.609621391050631 ], [ 4.618814065996657, 45.609658686931397 ], [ 4.619153035734992, 45.609717710781858 ], [ 4.619485211612534, 45.60979452955106 ], [ 4.619846013393596, 45.609889173672507 ], [ 4.620276111161104, 45.610049558057561 ], [ 4.620460529484862, 45.610102562901631 ], [ 4.620688747046288, 45.610152504628175 ], [ 4.62073021949447, 45.610162039632961 ], [ 4.621628178927091, 45.610523056073994 ], [ 4.622143650009217, 45.610693010769204 ], [ 4.62254184879133, 45.610841687644374 ], [ 4.622938128351285, 45.611003630660619 ], [ 4.623197476939785, 45.611130395630724 ], [ 4.623244110505114, 45.611158363997177 ], [ 4.623304509929428, 45.611196266224724 ], [ 4.623459184225629, 45.611245642455202 ], [ 4.623990865031271, 45.611377121549779 ], [ 4.624435500787126, 45.611507288243985 ], [ 4.624935444570405, 45.611619766777459 ], [ 4.625072397331537, 45.611629271997217 ], [ 4.625243882854408, 45.611621660802427 ], [ 4.625364955659592, 45.611601673003896 ] ] ] } },
{ "type": "Feature", "properties": { "id_map": 69000488.0, "num_tronc": "471", "nom": "ruisseau de cartelier", "me_sdage": "FRDR11479", "Date": "2026\/08\/13", "Longueur": 263.314, "ONDE_num": 2, "ONDE_com": null }, "geometry": { "type": "MultiLineString", "coordinates": [ [ [ 4.623738420974675, 45.654119028640523 ], [ 4.623899006046235, 45.654089962445312 ], [ 4.624018201152833, 45.654094727907548 ], [ 4.624442758776242, 45.654054151951108 ], [ 4.624706035951365, 45.654123982740948 ], [ 4.62515622074712, 45.654195167997294 ], [ 4.625228287622402, 45.654195748861717 ], [ 4.625322855772821, 45.654175334391951 ], [ 4.625480789006015, 45.654121580748203 ], [ 4.62558258481979, 45.654058640012586 ], [ 4.625672400730316, 45.654020730743731 ], [ 4.625858430094353, 45.653900371389405 ], [ 4.626095074987314, 45.653719295825184 ], [ 4.626142661052805, 45.653555406555597 ], [ 4.626181329076511, 45.653533907365713 ], [ 4.626423199985296, 45.653517713838468 ], [ 4.626534044304273, 45.653526785395002 ], [ 4.626604505454228, 45.653564541326297 ] ] ] } },
{ "type": "Feature", "properties": { "id_map": 69000820.0, "num_tronc": "793", "nom": "le garon", "me_sdage": "FRDR479c", "Date": "2026\/08\/12", "Longueur": 619.843, "ONDE_num": 4, "ONDE_com": null }, "geometry": { "type": "MultiLineString", "coordinates": [ [ [ 4.774500932545911, 45.599932707459374 ], [ 4.774560687073479, 45.599827327917282 ], [ 4.774667914881705, 45.599689854720914 ], [ 4.774729302904132, 45.599587421633032 ], [ 4.77490494626983, 45.599038147157238 ], [ 4.774933561685335, 45.598922045049562 ], [ 4.774962833279793, 45.598754322190565 ], [ 4.774969125358163, 45.598626277764701 ], [ 4.77496193268889, 45.598365637237627 ], [ 4.774926034375502, 45.597917787921915 ], [ 4.77488171413609, 45.597651653608914 ], [ 4.774850027053462, 45.597527586226541 ], [ 4.774769988639988, 45.597215809431482 ], [ 4.774762158599001, 45.597067451837241 ], [ 4.774761181063418, 45.597012884563043 ], [ 4.774761123364312, 45.596878860625601 ], [ 4.77476207819511, 45.59683655747564 ], [ 4.774762669794472, 45.596782911179936 ], [ 4.774731169494507, 45.596267980090644 ], [ 4.774720817814602, 45.595536005782826 ], [ 4.774710705727594, 45.595376470458923 ], [ 4.774664615227129, 45.594994848772011 ], [ 4.774661765742544, 45.594893834703697 ], [ 4.77467757581582, 45.594726459505523 ], [ 4.774704443748853, 45.594664022003315 ], [ 4.774725156798373, 45.594637754838153 ], [ 4.774811475422415, 45.594532766534883 ], [ 4.774874418205343, 45.59445503312616 ] ] ] } },
{ "type": "Feature", "properties": { "id_map": 69001308.0, "num_tronc": "1253", "nom": "goutte de bellevue", "me_sdage": null, "Date": "2026\/08\/13", "Longueur": 511.317, "ONDE_num": 4, "ONDE_com": null }, "geometry": { "type": "MultiLineString", "coordinates": [ [ [ 4.592282782634581, 45.689324398470127 ], [ 4.59235353287059, 45.68939824390457 ], [ 4.592403153052466, 45.689568444185575 ], [ 4.592389433213879, 45.689774936040543 ], [ 4.592419487341892, 45.689894885440985 ], [ 4.592433776323836, 45.689922514087307 ], [ 4.592549963779949, 45.689994366118405 ], [ 4.59275984448292, 45.690012879824025 ], [ 4.592827006517587, 45.690002203016846 ], [ 4.592897725879014, 45.690007958089389 ], [ 4.593138521556265, 45.690069130911418 ], [ 4.593268255165508, 45.690075807465028 ], [ 4.593386816204478, 45.690096151914666 ], [ 4.593540290927993, 45.690137348205077 ], [ 4.593667031138687, 45.690147173949924 ], [ 4.593830498956301, 45.690187282780109 ], [ 4.593971907497969, 45.690184336336458 ], [ 4.594116402773633, 45.690194856056912 ], [ 4.594345701349916, 45.690258350623637 ], [ 4.594534835177531, 45.690279316269489 ], [ 4.594682884818082, 45.690306132086732 ], [ 4.595042685853358, 45.69032265435942 ], [ 4.595255414277404, 45.690346256935349 ], [ 4.595527713827488, 45.690349966282 ], [ 4.595690439743237, 45.69036427879896 ], [ 4.596190762734288, 45.690373808193051 ], [ 4.596393471839701, 45.690397550592735 ], [ 4.596532225421091, 45.69051636392917 ], [ 4.596684820690372, 45.690580400401494 ], [ 4.597054036290109, 45.690789435898225 ], [ 4.597166857683698, 45.690891323273625 ], [ 4.597219738806047, 45.690920160510657 ], [ 4.597314329966927, 45.691004878270576 ], [ 4.597452134535836, 45.691063989637925 ], [ 4.597615011220165, 45.691083431087776 ] ] ] } },
{ "type": "Feature", "properties": { "id_map": 69001468.0, "num_tronc": "1397", "nom": "le garon", "me_sdage": "FRDR11479", "Date": "2026\/08\/13", "Longueur": 1170.76, "ONDE_num": 1, "ONDE_com": null }, "geometry": { "type": "MultiLineString", "coordinates": [ [ [ 4.637883948402213, 45.678327498231873 ], [ 4.637888758930949, 45.678372822419824 ], [ 4.637942048142388, 45.678454189243972 ], [ 4.638071756010183, 45.678525798140925 ], [ 4.638179145105646, 45.678663796217734 ], [ 4.638233559570669, 45.678705021363683 ], [ 4.638370733550057, 45.6787423406196 ], [ 4.63843830088332, 45.678746086287425 ], [ 4.638710942375937, 45.678724016188085 ], [ 4.638814734437403, 45.67874047453337 ], [ 4.639045941950464, 45.67881614459403 ], [ 4.639185661861362, 45.678848291956704 ], [ 4.639733158430344, 45.678826812340176 ], [ 4.639932609431677, 45.678845389606899 ], [ 4.640138889765386, 45.678743221250635 ], [ 4.640223146534975, 45.678685791943565 ], [ 4.64067217192155, 45.678307316863062 ], [ 4.640833203680876, 45.678109208590513 ], [ 4.641038692955368, 45.677889511549999 ], [ 4.641087622939425, 45.677862723974592 ], [ 4.641220139924653, 45.677794998464094 ], [ 4.641294598331871, 45.677784186101285 ], [ 4.641359591801792, 45.677792155664442 ], [ 4.641403529573632, 45.677817995277863 ], [ 4.641463839587332, 45.677888990448423 ], [ 4.641522544493869, 45.677957847355401 ], [ 4.641656011153911, 45.678052094483625 ], [ 4.641752157032699, 45.678070688091715 ], [ 4.641848806535862, 45.678054282921956 ], [ 4.641926712108574, 45.678055714153132 ], [ 4.641994760297049, 45.678062693111059 ], [ 4.642423937618203, 45.678158977617144 ], [ 4.642519502796318, 45.678157989286618 ], [ 4.642664604183747, 45.678111694820153 ], [ 4.642747073267346, 45.678111032400523 ], [ 4.643040649632026, 45.678171058501825 ], [ 4.643097872953595, 45.678202918341682 ], [ 4.643178409000515, 45.678292937120794 ], [ 4.64320999661977, 45.678383129587672 ], [ 4.643349810084359, 45.678418377780389 ], [ 4.64338752438194, 45.67844228092013 ], [ 4.643449838383705, 45.678593631419986 ], [ 4.643710180210422, 45.678949203168614 ], [ 4.643822541885547, 45.679033488087818 ], [ 4.643897518480757, 45.679066034148249 ], [ 4.644012654198545, 45.679139875555542 ], [ 4.644242082660151, 45.679388896729883 ], [ 4.644410427460973, 45.679476146660647 ], [ 4.644617841141047, 45.679542020191356 ], [ 4.644724393824574, 45.679560459358626 ], [ 4.644954284360012, 45.679643297096234 ], [ 4.645509854352347, 45.67965977031028 ], [ 4.645627135491294, 45.679650085796602 ], [ 4.645785153816593, 45.679597383909524 ], [ 4.645878152304678, 45.679574813963072 ], [ 4.646051040388671, 45.679516625429123 ], [ 4.646090019169976, 45.679466338258216 ], [ 4.646130474825239, 45.679413867857299 ], [ 4.646208817330598, 45.679313287816413 ], [ 4.646263358188445, 45.679177118504263 ], [ 4.646268822673909, 45.679101651757726 ], [ 4.646233729842915, 45.678854928169578 ], [ 4.646236297394557, 45.678811658026426 ], [ 4.646227296286506, 45.678703437849116 ], [ 4.646253363002413, 45.678659689130484 ], [ 4.646371238283296, 45.678592306603967 ], [ 4.64645978364265, 45.67856264084282 ], [ 4.646920005557509, 45.678458233486658 ], [ 4.647028721944758, 45.678419895997315 ], [ 4.647230523634791, 45.678387897850349 ], [ 4.647471379142533, 45.678411800707515 ], [ 4.648002199057876, 45.678581288724246 ], [ 4.648286801106933, 45.678637379527665 ], [ 4.648382491695174, 45.678640572560248 ], [ 4.648552362862936, 45.678623630374922 ], [ 4.648710308907342, 45.678594568214386 ], [ 4.648790055553322, 45.678567191034055 ], [ 4.648841369666508, 45.67852996228676 ], [ 4.648895955187037, 45.67849903541623 ], [ 4.649061882281431, 45.67845323836346 ], [ 4.649171600146315, 45.678409750244072 ] ] ] } },
{ "type": "Feature", "properties": { "id_map": 69001507.0, "num_tronc": "1427", "nom": "le mornantet", "me_sdage": "FRDR11709", "Date": "2026\/08\/12", "Longueur": 901.35, "ONDE_num": 2, "ONDE_com": null }, "geometry": { "type": "MultiLineString", "coordinates": [ [ [ 4.705842706370593, 45.60590507007538 ], [ 4.705885184836275, 45.605896860076065 ], [ 4.705945467865477, 45.605866763513667 ], [ 4.706017657003871, 45.605798252125112 ], [ 4.706144987933973, 45.6055201698125 ], [ 4.706171482442636, 45.605480452892643 ], [ 4.706228462075474, 45.605443110704513 ], [ 4.706407599027052, 45.605372301178512 ], [ 4.706514055294234, 45.605316509708857 ], [ 4.706556023668029, 45.605304254090278 ], [ 4.70667275830176, 45.605282217434308 ], [ 4.706713125102529, 45.605267959508531 ], [ 4.706849204938328, 45.605186589013435 ], [ 4.706944019215193, 45.605140295913543 ], [ 4.707138410304625, 45.605077359900456 ], [ 4.707344727116856, 45.605026672022788 ], [ 4.707415518118832, 45.605000333140374 ], [ 4.707473584384227, 45.604985806259855 ], [ 4.707539624996992, 45.604980210209952 ], [ 4.707672155607414, 45.604983602323927 ], [ 4.707728223298785, 45.604991667899903 ], [ 4.707816215586255, 45.605023837525543 ], [ 4.707897121897741, 45.605063410255518 ], [ 4.708026939805198, 45.605141149952132 ], [ 4.708159226767199, 45.605211556431314 ], [ 4.708282673649699, 45.605244943612384 ], [ 4.708337015234663, 45.605246955457218 ], [ 4.70839414365557, 45.605239467717062 ], [ 4.708597506584169, 45.605192875496961 ], [ 4.708645951503876, 45.60519092366453 ], [ 4.708737094604039, 45.605187917858707 ], [ 4.708831706561897, 45.605172564876959 ], [ 4.709106757873338, 45.605103806467781 ], [ 4.709158379938775, 45.605080054501229 ], [ 4.709309745365645, 45.605007635725777 ], [ 4.709478037611896, 45.604959818499609 ], [ 4.709653085956839, 45.604931353208215 ], [ 4.7097249604637, 45.604927693747442 ], [ 4.709819150683257, 45.604936124524905 ], [ 4.709897977500238, 45.604958164010185 ], [ 4.710079752994051, 45.604948104945997 ], [ 4.710614494472663, 45.604949160742898 ], [ 4.710720796440277, 45.604963351117334 ], [ 4.710905889963588, 45.605023358911517 ], [ 4.710991514117585, 45.605041106040446 ], [ 4.711203388911231, 45.605045853983 ], [ 4.711270362541534, 45.605033081063389 ], [ 4.711358018311871, 45.605016886050599 ], [ 4.711614011308611, 45.604991779618672 ], [ 4.711751969709443, 45.604959011720986 ], [ 4.712040732945935, 45.604910573115568 ], [ 4.712319886355052, 45.604837691230486 ], [ 4.712378326716235, 45.604835315411314 ], [ 4.712493320236559, 45.604844237862629 ], [ 4.712638734661508, 45.60487836665888 ], [ 4.712779465933492, 45.604897975409479 ], [ 4.712899433313671, 45.604893446465908 ], [ 4.71304912263331, 45.604854148452986 ], [ 4.71312558635606, 45.604824612157906 ], [ 4.713185480209042, 45.60478208804949 ], [ 4.713257437713546, 45.604706414908968 ], [ 4.71334650339169, 45.604661149607416 ], [ 4.713633067790942, 45.604529246410607 ], [ 4.713806708860525, 45.604467830792224 ], [ 4.713966214163063, 45.604385013746025 ], [ 4.714187121365244, 45.604258703100577 ], [ 4.714252401081928, 45.604203666800238 ], [ 4.714326535513992, 45.604123771559649 ], [ 4.71437508215683, 45.604050481040453 ], [ 4.714430088760882, 45.603899812826732 ], [ 4.714466900948358, 45.603658767468019 ], [ 4.714463832385568, 45.603621795881395 ], [ 4.714433392587722, 45.603533767073145 ], [ 4.714428756998598, 45.603458585081164 ], [ 4.71432209931234, 45.603271065878594 ], [ 4.714298893051067, 45.603242642535434 ], [ 4.714215488724765, 45.603184603281363 ], [ 4.714172350856495, 45.603134056506775 ], [ 4.714140757493202, 45.603046045215649 ], [ 4.714130067812945, 45.602936909409237 ] ] ] } },
{ "type": "Feature", "properties": { "id_map": 69001641.0, "num_tronc": "1565", "nom": "ruisseau de la bâtie", "me_sdage": null, "Date": "2026\/08\/13", "Longueur": 82.495, "ONDE_num": 2, "ONDE_com": null }, "geometry": { "type": "MultiLineString", "coordinates": [ [ [ 4.586237965315155, 45.658539515002957 ], [ 4.586502613306055, 45.65857753194053 ], [ 4.586589464721487, 45.65860981278918 ], [ 4.586727649406708, 45.658685412621459 ], [ 4.586829963891624, 45.6587059919 ], [ 4.58707076958192, 45.658732184580295 ], [ 4.587153268518313, 45.658733588538873 ], [ 4.587234435866647, 45.65874230658946 ] ] ] } },
{ "type": "Feature", "properties": { "id_map": 69001642.0, "num_tronc": "1566", "nom": "ruisseau de la bâtie", "me_sdage": null, "Date": "2026\/08\/13", "Longueur": 112.863, "ONDE_num": 2, "ONDE_com": null }, "geometry": { "type": "MultiLineString", "coordinates": [ [ [ 4.587234435866647, 45.65874230658946 ], [ 4.587261711475026, 45.658833519624082 ], [ 4.587299976886525, 45.658904853173169 ], [ 4.587358241946921, 45.658961449086327 ], [ 4.587392094653497, 45.659040140200965 ], [ 4.587416640291003, 45.659210830287776 ], [ 4.587484111872538, 45.659346599836205 ], [ 4.587501702657208, 45.65942254801746 ], [ 4.587627292108293, 45.659650041301425 ], [ 4.587645862329745, 45.659706386204604 ] ] ] } },
{ "type": "Feature", "properties": { "id_map": 69001828.0, "num_tronc": "1762", "nom": "ruisseau de cartelier", "me_sdage": "FRDR11479", "Date": "2026\/08\/13", "Longueur": 432.561, "ONDE_num": 4, "ONDE_com": null }, "geometry": { "type": "MultiLineString", "coordinates": [ [ [ 4.617905567428421, 45.652421026954947 ], [ 4.61802488096178, 45.652495914228972 ], [ 4.618089439817153, 45.6525297071952 ], [ 4.618121069562574, 45.652583698128261 ], [ 4.618164885715125, 45.652606440741842 ], [ 4.618321766982242, 45.652635258797986 ], [ 4.618430195024152, 45.652733134149088 ], [ 4.618610764778623, 45.652755126426975 ], [ 4.618778285798703, 45.652792032021217 ], [ 4.619055287396693, 45.652910044521711 ], [ 4.619617223568914, 45.653061515468927 ], [ 4.619656395538234, 45.653083513726962 ], [ 4.619737374040821, 45.653085861282463 ], [ 4.619952215377007, 45.653093983370361 ], [ 4.620016840943027, 45.653090486503892 ], [ 4.620110071993329, 45.653063881022952 ], [ 4.620152550076669, 45.6530671876342 ], [ 4.620246757454316, 45.653100282505676 ], [ 4.620584667580871, 45.653166616816833 ], [ 4.620785883307908, 45.65323572879521 ], [ 4.620941730953885, 45.653268611150999 ], [ 4.62106815823394, 45.653336232524978 ], [ 4.62107300818144, 45.653383447951313 ], [ 4.62114092766484, 45.65349244194114 ], [ 4.621186787652929, 45.653505967125859 ], [ 4.621297690405648, 45.653517069494569 ], [ 4.621377873450336, 45.653571170928743 ], [ 4.621443167829621, 45.653590495647443 ], [ 4.621495708641715, 45.653582173262897 ], [ 4.62158018129399, 45.653519620807771 ], [ 4.62166954230938, 45.653518738924816 ], [ 4.621750752013622, 45.653555262208961 ], [ 4.62194990835217, 45.653751261454829 ], [ 4.622009275900997, 45.653765537410059 ], [ 4.622060194252288, 45.653820195107535 ], [ 4.622079671891779, 45.653906378976842 ], [ 4.62209822394358, 45.65392151316285 ], [ 4.622188706717869, 45.653906294029859 ], [ 4.622275554460937, 45.653911662525893 ], [ 4.622306451776075, 45.653914189508747 ], [ 4.622347161973802, 45.653936029589232 ], [ 4.622423743374624, 45.654011798334892 ] ] ] } },
{ "type": "Feature", "properties": { "id_map": 69002372.0, "num_tronc": "2316", "nom": "ruisseau de cartelier", "me_sdage": "FRDR11479", "Date": "2026\/08\/13", "Longueur": 107.55, "ONDE_num": 2, "ONDE_com": null }, "geometry": { "type": "MultiLineString", "coordinates": [ [ [ 4.622423743374624, 45.654011798334892 ], [ 4.622519767292127, 45.654054187127038 ], [ 4.622650361731965, 45.654053520813356 ], [ 4.622882040505718, 45.654031267204033 ], [ 4.622927509487012, 45.654031422347877 ], [ 4.622964347772407, 45.65406574730266 ], [ 4.623008335643484, 45.65406795027851 ], [ 4.623356005513236, 45.654046320163495 ], [ 4.623466882065228, 45.654056475089888 ], [ 4.62359495576552, 45.654101237915874 ], [ 4.623716531951727, 45.654121505956311 ], [ 4.623738420974675, 45.654119028640523 ] ] ] } },
{ "type": "Feature", "properties": { "id_map": 69003683.0, "num_tronc": "3635", "nom": null, "me_sdage": null, "Date": "2026\/08\/12", "Longueur": 702.006, "ONDE_num": 4, "ONDE_com": null }, "geometry": { "type": "MultiLineString", "coordinates": [ [ [ 4.605789143066364, 45.621820612322999 ], [ 4.606049185818109, 45.621745162741121 ], [ 4.606431339280659, 45.62164473200481 ], [ 4.606806314524063, 45.621509276498195 ], [ 4.606900441973588, 45.621475373168487 ], [ 4.60720214615542, 45.621336234231897 ], [ 4.607520076525431, 45.621212264026468 ], [ 4.607564766164089, 45.621186496944489 ], [ 4.607911889454148, 45.620980508167342 ], [ 4.608282918468606, 45.620749183093345 ], [ 4.60842666445812, 45.620633914542644 ], [ 4.608823695095875, 45.620356687244993 ], [ 4.608838518973471, 45.620323510895076 ], [ 4.609009349957495, 45.620226092763396 ], [ 4.60935727269125, 45.619968479775679 ], [ 4.609454065337108, 45.619854151669749 ], [ 4.609551367614573, 45.619757379177436 ], [ 4.609696259142818, 45.619641957453496 ], [ 4.609847925396807, 45.619507929907613 ], [ 4.610015768936996, 45.61933435656811 ], [ 4.610103876267453, 45.619186242073631 ], [ 4.61027067374161, 45.618989986511593 ], [ 4.610717825432202, 45.618609764236744 ], [ 4.610803321282613, 45.618544097527888 ], [ 4.610991298325174, 45.618401037200641 ], [ 4.611251031257953, 45.618183319450196 ], [ 4.611476460787817, 45.617977711017197 ], [ 4.611679821357802, 45.617820919151789 ], [ 4.611945467228985, 45.617594873928901 ], [ 4.612010609297129, 45.617570838483331 ], [ 4.612157938714891, 45.617579265228727 ] ] ] } },
{ "type": "Feature", "properties": { "id_map": 69004245.0, "num_tronc": "4176", "nom": null, "me_sdage": null, "Date": "2026\/08\/13", "Longueur": 263.299, "ONDE_num": 4, "ONDE_com": null }, "geometry": { "type": "MultiLineString", "coordinates": [ [ [ 4.578806690109604, 45.652661498428579 ], [ 4.578893281196704, 45.652725672085076 ], [ 4.579105276873277, 45.652836992675581 ], [ 4.579287549073834, 45.652878748417905 ], [ 4.579383537993222, 45.652921173986996 ], [ 4.579497304267635, 45.652938491786749 ], [ 4.57985046802726, 45.652906651521853 ], [ 4.580113963495585, 45.65291889521923 ], [ 4.580192425333217, 45.652927656179827 ], [ 4.580199769698792, 45.652928498786821 ], [ 4.580450212376248, 45.653050355377026 ], [ 4.580533431987257, 45.653104307590276 ], [ 4.580597430096382, 45.653159745507999 ], [ 4.580626651583674, 45.653225128619397 ], [ 4.580648491809975, 45.653477322660251 ], [ 4.580696268129668, 45.653639311478777 ], [ 4.580728008553781, 45.653698444633861 ], [ 4.580734096021413, 45.653776716786624 ], [ 4.580751464562255, 45.65387225835908 ], [ 4.580723859088053, 45.654025443340224 ], [ 4.580721715714883, 45.654085322451003 ] ] ] } },
{ "type": "Feature", "properties": { "id_map": 69007912.0, "num_tronc": "7887", "nom": "le garon", "me_sdage": "FRDR10853", "Date": "2026\/08\/12", "Longueur": 1138.23, "ONDE_num": 1, "ONDE_com": null }, "geometry": { "type": "MultiLineString", "coordinates": [ [ [ 4.755358368814964, 45.671369637032349 ], [ 4.75535486294568, 45.67135631619982 ], [ 4.755341374213054, 45.671283434183593 ], [ 4.755308101938724, 45.670963481709471 ], [ 4.755329496450372, 45.670775215976626 ], [ 4.755394104302591, 45.670539800217824 ], [ 4.755520367421592, 45.670194663053223 ], [ 4.755582241675163, 45.669897411306678 ], [ 4.755738243719904, 45.66946926055769 ], [ 4.755820129699333, 45.669316935449004 ], [ 4.755929228797445, 45.669159862549058 ], [ 4.756058526121898, 45.669019903213211 ], [ 4.756302757234327, 45.668821812042587 ], [ 4.756422023452419, 45.668657284343141 ], [ 4.756492468955706, 45.668484601060612 ], [ 4.75650961374198, 45.668441910381134 ], [ 4.756548534950868, 45.668259585850976 ], [ 4.756574126891581, 45.66783941268465 ], [ 4.756573218922157, 45.667713643281651 ], [ 4.756554224186584, 45.66761301550212 ], [ 4.756468159238449, 45.667366303653026 ], [ 4.756460042381259, 45.667316981518432 ], [ 4.756390733246715, 45.666905989751704 ], [ 4.756382853478761, 45.666657652995141 ], [ 4.756422232332259, 45.666489777709678 ], [ 4.756463949914916, 45.666262014035354 ], [ 4.756494262319245, 45.666184936174268 ], [ 4.756670374089242, 45.666038841527488 ], [ 4.757075631724064, 45.665827022442009 ], [ 4.757408609287644, 45.665669291488271 ], [ 4.757765763644183, 45.665532663946863 ], [ 4.757891149771288, 45.665476258843889 ], [ 4.758007092919059, 45.665401626626917 ], [ 4.758130386535062, 45.665230819219062 ], [ 4.758258485375526, 45.66499292410321 ], [ 4.75844300007001, 45.664747662720764 ], [ 4.75857663116873, 45.664635464421991 ], [ 4.758810932094527, 45.664513857376036 ], [ 4.759057434545333, 45.664400300672675 ], [ 4.759242413486989, 45.664291082329612 ], [ 4.759474000104958, 45.664144791883061 ], [ 4.759675614425435, 45.664049769191642 ], [ 4.759867070890934, 45.663986789899838 ], [ 4.760003147579159, 45.663939537584369 ], [ 4.760138098541281, 45.663893248440331 ], [ 4.760370649952672, 45.663801658928762 ], [ 4.760468780021103, 45.663785127931646 ], [ 4.760580427124316, 45.663781625880944 ], [ 4.760690460295115, 45.663812195664782 ], [ 4.760780250704847, 45.663848486138519 ], [ 4.76087853532472, 45.663873159694667 ], [ 4.760973845946443, 45.663864913815374 ], [ 4.761050464393071, 45.663838450685532 ], [ 4.761062200166349, 45.663771254558363 ], [ 4.761061615269207, 45.663425797671898 ], [ 4.761040065046172, 45.663305620179862 ], [ 4.761003444298831, 45.663208376197488 ] ] ] } },
{ "type": "Feature", "properties": { "id_map": 69007933.0, "num_tronc": "7907", "nom": "le garon", "me_sdage": "FRDR11456", "Date": "2026\/08\/12", "Longueur": 372.296, "ONDE_num": 4, "ONDE_com": null }, "geometry": { "type": "MultiLineString", "coordinates": [ [ [ 4.763646643298723, 45.660642278129089 ], [ 4.763740112806407, 45.660358712496894 ], [ 4.763748671132076, 45.66025238506348 ], [ 4.7637420884844, 45.660069959893704 ], [ 4.763794177758739, 45.65998740472223 ], [ 4.76387106532553, 45.659897030192731 ], [ 4.763934401304513, 45.659792546678808 ], [ 4.763973891939293, 45.659689517572708 ], [ 4.764040155915133, 45.659592283847601 ], [ 4.764123514840696, 45.659487351390624 ], [ 4.764152201281507, 45.659395975520162 ], [ 4.764136085323003, 45.659301383582481 ], [ 4.764040822334507, 45.659141559577968 ], [ 4.764115335210965, 45.65896461908445 ], [ 4.764093995186329, 45.658875378138731 ], [ 4.763995955374373, 45.658688846625935 ], [ 4.763917861353447, 45.658620355446423 ], [ 4.763826407711745, 45.658580040466241 ], [ 4.763746082664305, 45.658526175578785 ], [ 4.763704078936481, 45.658441446572326 ], [ 4.763712006448871, 45.65835161197392 ], [ 4.76377599489035, 45.658267654436621 ], [ 4.764008893582837, 45.658079045407128 ], [ 4.764359338037575, 45.657758081381004 ], [ 4.764456367148385, 45.657659014181512 ] ] ] } },
{ "type": "Feature", "properties": { "id_map": 69008117.0, "num_tronc": "8091", "nom": "goutte croze", "me_sdage": null, "Date": "2026\/08\/13", "Longueur": 364.814, "ONDE_num": 4, "ONDE_com": null }, "geometry": { "type": "MultiLineString", "coordinates": [ [ [ 4.591384352618125, 45.656088325289495 ], [ 4.5913615129089, 45.65613822973377 ], [ 4.591359559507689, 45.656204321121905 ], [ 4.591392171494083, 45.656279921315189 ], [ 4.591451712047846, 45.656367434932477 ], [ 4.591572951568887, 45.656563912432013 ], [ 4.591627099969495, 45.656597867587038 ], [ 4.591712204897673, 45.656623008879912 ], [ 4.591750149945562, 45.656656247357446 ], [ 4.591720587939718, 45.656834186399038 ], [ 4.59179748961173, 45.657311082155381 ], [ 4.591761827818313, 45.657410884684126 ], [ 4.591841806839398, 45.657565929258531 ], [ 4.591850872846575, 45.657613221100377 ], [ 4.591830908400627, 45.657655924702262 ], [ 4.591715619602478, 45.657827375082412 ], [ 4.591535573611567, 45.657984609578101 ], [ 4.591387607977117, 45.65807829874506 ], [ 4.591241241610937, 45.658160616728019 ], [ 4.591107999341702, 45.658216944991516 ], [ 4.591029646679181, 45.658239127805864 ], [ 4.590868589959507, 45.658252752008728 ], [ 4.590780904021431, 45.658271959231008 ], [ 4.590702020356478, 45.658315900376969 ], [ 4.590630331219501, 45.658395676357259 ], [ 4.59050721533526, 45.658589932772109 ], [ 4.590324318742828, 45.658755446610904 ] ] ] } },
{ "type": "Feature", "properties": { "id_map": 69008259.0, "num_tronc": "8232", "nom": "le garon", "me_sdage": "FRDR479c", "Date": "2026\/08\/12", "Longueur": 1.872, "ONDE_num": 4, "ONDE_com": null }, "geometry": { "type": "MultiLineString", "coordinates": [ [ [ 4.777724549574162, 45.591346761352689 ], [ 4.777735159185029, 45.591331657519511 ] ] ] } },
{ "type": "Feature", "properties": { "id_map": 69008761.0, "num_tronc": "8794", "nom": null, "me_sdage": null, "Date": "2026\/08\/12", "Longueur": 1155.124, "ONDE_num": 4, "ONDE_com": null }, "geometry": { "type": "MultiLineString", "coordinates": [ [ [ 4.596823235538691, 45.61111837154116 ], [ 4.596915453125224, 45.611045324721836 ], [ 4.597011345603382, 45.611019645539052 ], [ 4.597073084697905, 45.610984453799851 ], [ 4.59724585625287, 45.610821097445047 ], [ 4.597441230883813, 45.610573793315282 ], [ 4.597683738396839, 45.610465782409655 ], [ 4.597795195178976, 45.610392461594053 ], [ 4.597816351581022, 45.610365141213393 ], [ 4.597817939939589, 45.610260011313429 ], [ 4.597873662434411, 45.610189778730764 ], [ 4.598029034616628, 45.610104080226307 ], [ 4.598411772749968, 45.609772647584975 ], [ 4.598769417472349, 45.609532357047044 ], [ 4.599693147105127, 45.60884453807391 ], [ 4.59974771134972, 45.608774320990143 ], [ 4.599761665850299, 45.608684281400201 ], [ 4.599762889486143, 45.608539977782861 ], [ 4.599705515250853, 45.608246141824189 ], [ 4.599697037500368, 45.608152503372324 ], [ 4.599788367679051, 45.607942340778294 ], [ 4.599802563624711, 45.607860673918438 ], [ 4.599806168845229, 45.607838871634137 ], [ 4.599749946081159, 45.60750489481606 ], [ 4.599736699095309, 45.607366065890467 ], [ 4.599747460149913, 45.607298768430994 ], [ 4.599784440261893, 45.607206239787864 ], [ 4.599925516311266, 45.606985777510999 ], [ 4.600186382191906, 45.606687685119219 ], [ 4.600269775180227, 45.606642726536165 ], [ 4.600466806696867, 45.60657372455303 ], [ 4.600624093998327, 45.606501504990483 ], [ 4.600804663660168, 45.606395719398364 ], [ 4.600945430522591, 45.606284690737304 ], [ 4.601011225945967, 45.606163650850974 ], [ 4.601047699880686, 45.606053701136041 ], [ 4.601051019667504, 45.60591544713359 ], [ 4.601036673938415, 45.605778660473042 ], [ 4.601027967627023, 45.605424013222795 ], [ 4.600992862552618, 45.605035021174835 ], [ 4.601015271205197, 45.604904601453605 ], [ 4.601131652678887, 45.604482650481131 ], [ 4.60121279286528, 45.604279927066052 ], [ 4.601408589622801, 45.603968707578638 ], [ 4.6015563109291, 45.603765576335903 ], [ 4.601610365946888, 45.603691312546545 ], [ 4.601694374603674, 45.603481387642837 ], [ 4.601725303035879, 45.6033394980916 ], [ 4.601763605546288, 45.603239654547984 ], [ 4.60182009109182, 45.603182918966624 ], [ 4.602034086432062, 45.603062064479772 ], [ 4.602389141725542, 45.602907316598909 ], [ 4.602667805959013, 45.602826474701303 ], [ 4.602824995603074, 45.602791270545424 ], [ 4.602949516329066, 45.602744507894961 ], [ 4.603001119143562, 45.602718643967279 ], [ 4.603254689272761, 45.602661935737125 ] ] ] } },
{ "type": "Feature", "properties": { "id_map": 69011038.0, "num_tronc": "11753", "nom": "rmin20032", "me_sdage": null, "Date": "2026\/08\/13", "Longueur": 191.727, "ONDE_num": 4, "ONDE_com": null }, "geometry": { "type": "MultiLineString", "coordinates": [ [ [ 4.58078080808049, 45.651310362770772 ], [ 4.580575927038763, 45.651583167969918 ], [ 4.580372145370844, 45.651854065950495 ], [ 4.580167233326714, 45.652125925102105 ], [ 4.580183320395506, 45.652527619777324 ], [ 4.580199769698792, 45.652928498786821 ] ] ] } },
{ "type": "Feature", "properties": { "id_map": 69011039.0, "num_tronc": "11754", "nom": "rmin20037", "me_sdage": null, "Date": "2026\/08\/13", "Longueur": 396.6, "ONDE_num": 4, "ONDE_com": null }, "geometry": { "type": "MultiLineString", "coordinates": [ [ [ 4.575632618828512, 45.650963728387126 ], [ 4.576013803517013, 45.651091059934473 ], [ 4.576396168368927, 45.651219184286369 ], [ 4.576775816111541, 45.651346534827667 ], [ 4.577156620947708, 45.651473867904087 ], [ 4.577537866516799, 45.651603084931544 ], [ 4.578299866242008, 45.651857604203997 ], [ 4.578498184156727, 45.652124481773278 ], [ 4.578697682451405, 45.652392153069066 ], [ 4.578895565161318, 45.652657144717303 ], [ 4.579277974456685, 45.652786204616383 ], [ 4.579658024694972, 45.652913540053426 ] ] ] } },
{ "type": "Feature", "properties": { "id_map": 69000820.0, "num_tronc": "793", "nom": "le garon", "me_sdage": "FRDR479c", "Date": "2026\/08\/12", "Longueur": 416.432, "ONDE_num": 4, "ONDE_com": null }, "geometry": { "type": "MultiLineString", "coordinates": [ [ [ 4.774874418205343, 45.59445503312616 ], [ 4.775011208284186, 45.594267509142767 ], [ 4.775229255937241, 45.593913197831142 ], [ 4.77528755006806, 45.593798518606022 ], [ 4.775311767511918, 45.593749498250439 ], [ 4.775431845677068, 45.593448883887731 ], [ 4.775503676044435, 45.593312238817212 ], [ 4.775595065015591, 45.593185417803241 ], [ 4.775827846891503, 45.592930850797579 ], [ 4.776320447062323, 45.592484922970968 ], [ 4.77640210080053, 45.592402704813537 ], [ 4.776468514582479, 45.592337345349065 ], [ 4.776547254883383, 45.592260307122267 ], [ 4.776677995363092, 45.592160560152067 ], [ 4.77703718154942, 45.591911424139099 ], [ 4.77753880043245, 45.591531279798566 ], [ 4.777637492966373, 45.591440414807685 ], [ 4.777724549574162, 45.591346761352689 ] ] ] } },
{ "type": "Feature", "properties": { "id_map": 69001905.0, "num_tronc": "1824", "nom": "le garon", "me_sdage": "FRDR479c", "Date": "2026\/08\/12", "Longueur": 107.405, "ONDE_num": 4, "ONDE_com": null }, "geometry": { "type": "MultiLineString", "coordinates": [ [ [ 4.776158386809547, 45.604362739317594 ], [ 4.775901412754434, 45.604200211498721 ], [ 4.775742102842605, 45.604082077245238 ], [ 4.775567852668501, 45.603966205216999 ], [ 4.775438175605855, 45.603859762285076 ], [ 4.775329271956934, 45.603752856217703 ], [ 4.775268671502471, 45.603639648323849 ] ] ] } },
{ "type": "Feature", "properties": { "id_map": 69001905.0, "num_tronc": "1824", "nom": "le garon", "me_sdage": "FRDR479c", "Date": "2026\/08\/12", "Longueur": 152.25, "ONDE_num": 4, "ONDE_com": null }, "geometry": { "type": "MultiLineString", "coordinates": [ [ [ 4.773683367947423, 45.611756685698481 ], [ 4.773729560141371, 45.611636118473108 ], [ 4.77393041524614, 45.611259518679489 ], [ 4.773965983018224, 45.611131823174517 ], [ 4.773967795057931, 45.611008037636871 ], [ 4.773953160032812, 45.610743325857676 ], [ 4.773958478586183, 45.610632860506307 ], [ 4.773997193459201, 45.610543350316718 ], [ 4.774077735817089, 45.610437508174691 ] ] ] } },
{ "type": "Feature", "properties": { "id_map": 69001905.0, "num_tronc": "1824", "nom": "le garon", "me_sdage": "FRDR479c", "Date": "2026\/08\/12", "Longueur": 1950.025, "ONDE_num": 4, "ONDE_com": null }, "geometry": { "type": "MultiLineString", "coordinates": [ [ [ 4.764054962783532, 45.623342070376026 ], [ 4.76420669979185, 45.623318209486072 ], [ 4.764343180445803, 45.623311070513282 ], [ 4.764480353553748, 45.623325672524601 ], [ 4.764603973636301, 45.623362103830999 ], [ 4.764676245286299, 45.623430684871721 ], [ 4.764755114108297, 45.623488759259772 ], [ 4.765181555005398, 45.623589884240978 ], [ 4.765303868900337, 45.623633630994711 ], [ 4.7654265845837, 45.623653727818876 ], [ 4.76569266445569, 45.623653065328369 ], [ 4.765793218146058, 45.623630275713396 ], [ 4.7659750029168, 45.623522175333157 ], [ 4.766276107102857, 45.623315601034825 ], [ 4.76636923470226, 45.62322902246256 ], [ 4.766453048586702, 45.623128133720648 ], [ 4.766664449877163, 45.622958634525226 ], [ 4.766731605655126, 45.622878813405499 ], [ 4.766781620647604, 45.622780751917553 ], [ 4.766838801363099, 45.622617592023843 ], [ 4.766866786898314, 45.622480830872469 ], [ 4.766841233995604, 45.622404086772278 ], [ 4.766661189139487, 45.622349223805756 ], [ 4.76661041983396, 45.622302869070211 ], [ 4.766570393173063, 45.622255264797239 ], [ 4.766501858673715, 45.622207297466808 ], [ 4.76644085421481, 45.622153942753208 ], [ 4.766400081231128, 45.622095001262174 ], [ 4.766413668481312, 45.622038043550447 ], [ 4.766451571080234, 45.621994890185981 ], [ 4.76651678465999, 45.621974951509898 ], [ 4.76658320126099, 45.621980663991629 ], [ 4.766631554870266, 45.622011654612116 ], [ 4.766675669866114, 45.622078784994031 ], [ 4.766716770427685, 45.622147989280414 ], [ 4.766760593280308, 45.622169728698204 ], [ 4.766789672846127, 45.622163867835845 ], [ 4.766816726169743, 45.622142771837815 ], [ 4.766799387665023, 45.622118319760673 ], [ 4.766799775564214, 45.621997664260427 ], [ 4.766776897138757, 45.621811577630524 ], [ 4.76673258895391, 45.621702162236389 ], [ 4.766654845690849, 45.621606917507648 ], [ 4.766600675600006, 45.621514274923342 ], [ 4.76657158858277, 45.621387056739401 ], [ 4.766496925799846, 45.621255555220507 ], [ 4.7663735343798, 45.621093339064672 ], [ 4.766334961306588, 45.62101882587713 ], [ 4.766327075733014, 45.620940588375142 ], [ 4.766355284049131, 45.620883266026588 ], [ 4.766490854912678, 45.620654565299283 ], [ 4.766711393307886, 45.62028888407918 ], [ 4.766767377279887, 45.620196943717069 ], [ 4.766781735670761, 45.620188341687616 ], [ 4.766840876664526, 45.620159175859506 ], [ 4.767093477883135, 45.620122783343632 ], [ 4.767224589538881, 45.620068302970964 ], [ 4.767485635927534, 45.619922476383685 ], [ 4.767651160149581, 45.619872453791359 ], [ 4.767818585536706, 45.619833749959838 ], [ 4.768169478413962, 45.619764330873117 ], [ 4.768332052381932, 45.619754615142497 ], [ 4.768471930338658, 45.619757685659003 ], [ 4.768599420911576, 45.619782837862942 ], [ 4.76882572810752, 45.61991195399974 ], [ 4.768952948487349, 45.619964806743774 ], [ 4.769010415895073, 45.619967686137542 ], [ 4.769047203437946, 45.619974133207073 ], [ 4.769079692659368, 45.619978621264913 ], [ 4.769113587716047, 45.619978898928402 ], [ 4.769156265948989, 45.619976876776782 ], [ 4.7691952560402, 45.619967887104231 ], [ 4.76923750732325, 45.619952496162419 ], [ 4.769262401372868, 45.619924137792125 ], [ 4.76926561293626, 45.619892067216419 ], [ 4.769262834665978, 45.619865359960627 ], [ 4.769250178995759, 45.619842861206578 ], [ 4.769215209154209, 45.619820983561155 ], [ 4.769166033433077, 45.619800410137508 ], [ 4.769121285430722, 45.619785846829835 ], [ 4.769092667731908, 45.619769949023862 ], [ 4.769077036639146, 45.619750739576745 ], [ 4.769070223194128, 45.619730310633138 ], [ 4.769069079392579, 45.61970655000129 ], [ 4.769076494495327, 45.619673467596215 ], [ 4.769092593535071, 45.6196349795175 ], [ 4.769118992516663, 45.619605516668578 ], [ 4.769136330203263, 45.619593760050222 ], [ 4.769163608857162, 45.61954361217348 ], [ 4.769200931891806, 45.619458313942907 ], [ 4.769269398268766, 45.619383604621213 ], [ 4.769374956779244, 45.619336954346657 ], [ 4.769453715118966, 45.619258975614073 ], [ 4.769587047250746, 45.619020983838844 ], [ 4.769683358477621, 45.61876925301361 ], [ 4.769699013042542, 45.618656598753915 ], [ 4.76968786784539, 45.618404126245139 ], [ 4.769697429155658, 45.618293594420656 ], [ 4.769701234212151, 45.618243950744535 ], [ 4.769722562343503, 45.618128099805645 ], [ 4.769772963140452, 45.618006252195123 ], [ 4.769883691248158, 45.617386266242455 ], [ 4.769931562515731, 45.617305800716309 ], [ 4.769931066406587, 45.617290271356566 ], [ 4.769933008203541, 45.617230524052978 ], [ 4.769931348231426, 45.617166510029186 ], [ 4.76993755364921, 45.617107641389552 ], [ 4.769955883741216, 45.61705466175745 ], [ 4.769984734341597, 45.617005569777852 ], [ 4.770014739458844, 45.61695645962606 ], [ 4.770036342411842, 45.616909508247076 ], [ 4.770078541119637, 45.616868447682585 ], [ 4.77011316433988, 45.616819264842427 ], [ 4.7701512244386, 45.616781241693424 ], [ 4.770193949343466, 45.616756655709366 ], [ 4.770250718817189, 45.616737793367939 ], [ 4.770294389426825, 45.616730756215844 ], [ 4.77031488163717, 45.616733406081543 ], [ 4.770344839048452, 45.616743067604688 ], [ 4.770367583479194, 45.616755950059549 ], [ 4.770379941159953, 45.61676913106708 ], [ 4.770396527933687, 45.616782110416054 ], [ 4.770477034343592, 45.616807189118504 ], [ 4.770535456956726, 45.616767764535538 ], [ 4.770626235432161, 45.616692568073802 ], [ 4.770828680885849, 45.616484966582831 ], [ 4.770980280821771, 45.61636112009289 ], [ 4.77123909994398, 45.616194648291128 ], [ 4.771389766337133, 45.616113914680653 ], [ 4.771530728451844, 45.616042791082727 ], [ 4.771684904614664, 45.615975512379876 ], [ 4.771966377389921, 45.615831244764834 ], [ 4.77207409386657, 45.615768074929186 ], [ 4.772127469787459, 45.61567928024423 ], [ 4.772111006596717, 45.61547755634372 ], [ 4.772129364305964, 45.615425521630463 ], [ 4.772151860249588, 45.615370449397481 ], [ 4.772421696805162, 45.615091258037431 ], [ 4.772498871961359, 45.614976147877563 ], [ 4.772636547476841, 45.614597843912641 ], [ 4.772665076309727, 45.614478636334518 ], [ 4.772669276882939, 45.614405342774589 ], [ 4.772657940729766, 45.614351884382295 ], [ 4.772601405495713, 45.614305758383459 ], [ 4.77248782376077, 45.614257693970252 ], [ 4.772380936017775, 45.614202228267118 ], [ 4.772277525781029, 45.614123064161134 ], [ 4.772202857984762, 45.614027639794884 ], [ 4.772145313649149, 45.613925865877924 ], [ 4.772123161296685, 45.613823129100908 ], [ 4.772140214945408, 45.613706264135182 ], [ 4.77216681073106, 45.613610865778526 ], [ 4.772224876666923, 45.613500245110743 ], [ 4.772312440451651, 45.613384971406788 ], [ 4.77246002227773, 45.613196065071058 ], [ 4.77257918789863, 45.613105828225514 ], [ 4.772707882800319, 45.613024628280684 ], [ 4.772836218704092, 45.612932220056628 ], [ 4.772974983905725, 45.612816814421457 ], [ 4.773173073926661, 45.612606169638809 ], [ 4.773277748311155, 45.612484275458037 ], [ 4.773340099749102, 45.612399391835481 ], [ 4.773370428870338, 45.612288397139025 ], [ 4.773421667944459, 45.612181125969393 ], [ 4.773529713868659, 45.61203229232202 ], [ 4.77361763605374, 45.61189228751816 ], [ 4.773683367947423, 45.611756685698481 ] ] ] } },
{ "type": "Feature", "properties": { "id_map": 69001905.0, "num_tronc": "1824", "nom": "le garon", "me_sdage": "FRDR479c", "Date": "2026\/08\/12", "Longueur": 807.246, "ONDE_num": 4, "ONDE_com": null }, "geometry": { "type": "MultiLineString", "coordinates": [ [ [ 4.760491757025536, 45.629475466625109 ], [ 4.760485560213496, 45.629365317426625 ], [ 4.760464129820701, 45.629309043467984 ], [ 4.760390226190986, 45.629201304562962 ], [ 4.760368084854792, 45.629134773688619 ], [ 4.760364016037492, 45.629043100663125 ], [ 4.760389744556577, 45.628858954598151 ], [ 4.760442621626935, 45.628692893260173 ], [ 4.760466132188588, 45.628451091802397 ], [ 4.760507256476338, 45.628218201946126 ], [ 4.760503612389828, 45.628139897735963 ], [ 4.760500408745097, 45.62809968640245 ], [ 4.760451968067104, 45.627835772489149 ], [ 4.76043902035786, 45.627707084361489 ], [ 4.760445383625068, 45.62758012069748 ], [ 4.760469844187574, 45.627465168501821 ], [ 4.76051410266107, 45.627270329381098 ], [ 4.760551113741441, 45.627174636001456 ], [ 4.760637303689929, 45.627099519796836 ], [ 4.760946317441056, 45.62700727095384 ], [ 4.761105254828236, 45.626943040272941 ], [ 4.761214486374846, 45.626890125610153 ], [ 4.76143038748005, 45.626788524335936 ], [ 4.761922319046115, 45.626538578194868 ], [ 4.762230525062151, 45.626396889745756 ], [ 4.762350808053118, 45.6263282637237 ], [ 4.762568225263198, 45.626153409217594 ], [ 4.76269621927229, 45.626060883436125 ], [ 4.762749647100524, 45.626009246735812 ], [ 4.76281768703055, 45.6259448162646 ], [ 4.762911291601715, 45.625836616314821 ], [ 4.762978078624164, 45.62572073012948 ], [ 4.762995284156919, 45.625607917566825 ], [ 4.762995687620151, 45.625451188726373 ], [ 4.762990876061791, 45.625312105329371 ], [ 4.762975787342794, 45.625201014716787 ], [ 4.762932951847911, 45.625125621406617 ], [ 4.762905829142718, 45.625047820210781 ], [ 4.762911818153731, 45.624945586535688 ], [ 4.762953722378751, 45.624834413593113 ], [ 4.763019318990545, 45.624717465180545 ], [ 4.763119804586565, 45.624595646652061 ], [ 4.763290139612415, 45.624430040045887 ], [ 4.763341246089309, 45.624317641889725 ], [ 4.763356065971544, 45.624190410354743 ], [ 4.763367500888421, 45.623944744243687 ], [ 4.76341037725596, 45.623852065348935 ], [ 4.763662227466945, 45.623634245741428 ], [ 4.763945874240879, 45.623399173962937 ], [ 4.764054962783532, 45.623342070376026 ] ] ] } },
{ "type": "Feature", "properties": { "id_map": 69009915.0, "num_tronc": "10227", "nom": null, "me_sdage": "FRDR10530", "Date": "2026\/08\/12", "Longueur": 1863.473, "ONDE_num": 4, "ONDE_com": null }, "geometry": { "type": "MultiLineString", "coordinates": [ [ [ 4.58499185423472, 45.609360127093659 ], [ 4.58509611758199, 45.609425126660462 ], [ 4.58533369684495, 45.609601730522378 ], [ 4.585534856557039, 45.60970292161192 ], [ 4.585637346808081, 45.609732819953884 ], [ 4.58582380247607, 45.609764101430052 ], [ 4.586356129453289, 45.609774023565443 ], [ 4.586426954544324, 45.609787075061924 ], [ 4.586543324176165, 45.609831097346117 ], [ 4.58671338598793, 45.609854502631549 ], [ 4.58712007705201, 45.609846333657551 ], [ 4.587640270388992, 45.60984926067237 ], [ 4.5879014985135, 45.609802882239876 ], [ 4.588147661054437, 45.60971442988361 ], [ 4.588381809240407, 45.609515770680815 ], [ 4.588481409692949, 45.609404528719708 ], [ 4.588512518430316, 45.609334783603103 ], [ 4.58849666743705, 45.609131007840794 ], [ 4.58855320045273, 45.609034964665234 ], [ 4.588998234313284, 45.608565154168893 ], [ 4.589496026617524, 45.60805595800278 ], [ 4.589789296307648, 45.607932521099613 ], [ 4.589926594046478, 45.607914368690174 ], [ 4.59006066207703, 45.607890992900167 ], [ 4.59023729249405, 45.607821486850021 ], [ 4.590671760193777, 45.607561087366818 ], [ 4.59114431587567, 45.607300012298396 ], [ 4.591277173190571, 45.607100482878863 ], [ 4.591362286508362, 45.607021326588807 ], [ 4.591500764205586, 45.606923717230295 ], [ 4.592251915727966, 45.606578581509119 ], [ 4.592743901329778, 45.606324384740851 ], [ 4.593184357341309, 45.606099016256486 ], [ 4.593494680810399, 45.605926692196917 ], [ 4.593772745469312, 45.605757121023373 ], [ 4.594046218753834, 45.605548435435921 ], [ 4.594963259211756, 45.604949510454787 ], [ 4.595058695012055, 45.604881553228402 ], [ 4.595118442332781, 45.604830854335702 ], [ 4.595268595250029, 45.604697948815968 ], [ 4.59534233824217, 45.604625300325317 ], [ 4.595552648299906, 45.604415885590967 ], [ 4.596028159929897, 45.604018567396039 ], [ 4.596262222837979, 45.603738562614794 ], [ 4.596328646886097, 45.603599008079442 ], [ 4.596426307543084, 45.603301079116356 ], [ 4.596528062251707, 45.603091852168411 ], [ 4.59654290644316, 45.602992478604705 ], [ 4.596586551997071, 45.602944169035013 ], [ 4.596848922557143, 45.602925448426141 ], [ 4.596923113920001, 45.602908588485263 ], [ 4.597031005008975, 45.602858961279054 ], [ 4.597135669288854, 45.602790871184673 ], [ 4.597190584985397, 45.602732944389111 ], [ 4.597264713711851, 45.602713923518962 ], [ 4.597409569734344, 45.602664716696509 ], [ 4.597437380729154, 45.602627980008037 ], [ 4.597486975892428, 45.602585800144197 ], [ 4.597564856140183, 45.602509984086076 ], [ 4.597732995653138, 45.602453961359352 ], [ 4.597786022920531, 45.602424026641998 ], [ 4.597834489197218, 45.60235605868921 ], [ 4.597909560549061, 45.602316353800141 ], [ 4.597953948099549, 45.602293837104632 ], [ 4.59810951057291, 45.602255555394109 ], [ 4.598261941717123, 45.602242176235173 ], [ 4.598453201334854, 45.602253778835234 ], [ 4.598667983983783, 45.602226813660678 ], [ 4.59901978299947, 45.602239240651677 ], [ 4.599215218842215, 45.602275505767359 ], [ 4.599466531979481, 45.60235393755292 ], [ 4.599635895289516, 45.602367065420033 ], [ 4.59997436305549, 45.602451011508904 ], [ 4.600065983132926, 45.602464569107937 ], [ 4.600128867559771, 45.602456108943031 ], [ 4.600185030206427, 45.602428154962084 ], [ 4.600212928927679, 45.6023945235982 ], [ 4.600278151806045, 45.602373736034757 ], [ 4.600454112419532, 45.602402035040278 ], [ 4.60089295775707, 45.602456179167127 ], [ 4.601207552199703, 45.602433192431256 ], [ 4.601295114970975, 45.602412896837556 ], [ 4.601614047064827, 45.602460098910463 ], [ 4.601832481395128, 45.602519539327133 ], [ 4.602049762366999, 45.602552381162717 ], [ 4.602274876108604, 45.602563224889231 ], [ 4.602650854467581, 45.602559759680034 ], [ 4.60290189851604, 45.602588741304686 ], [ 4.603254689272761, 45.602661935737125 ] ] ] } },
{ "type": "Feature", "properties": { "id_map": 69001487.0, "num_tronc": "1414", "nom": "le fondagny", "me_sdage": "FRDR10530", "Date": "2026\/08\/12", "Longueur": 531.031, "ONDE_num": 3, "ONDE_com": null }, "geometry": { "type": "MultiLineString", "coordinates": [ [ [ 4.603254689272761, 45.602661935737125 ], [ 4.603518262998794, 45.602605084312728 ], [ 4.603616153641392, 45.602595852923201 ], [ 4.603722296134005, 45.602565833566146 ], [ 4.603950895831334, 45.602524205627837 ], [ 4.604076511173522, 45.602502014212064 ], [ 4.604216817008315, 45.602521899280589 ], [ 4.604382305217023, 45.602547369351974 ], [ 4.604753697453624, 45.602677981277225 ], [ 4.605041421444558, 45.602644289020219 ], [ 4.605249799982984, 45.602569036996975 ], [ 4.605323899419716, 45.602575680109183 ], [ 4.605367438579429, 45.602603699794344 ], [ 4.605504863514621, 45.602696848353716 ], [ 4.605560315383692, 45.602684303150461 ], [ 4.605617391179806, 45.602648092311959 ], [ 4.605669608369389, 45.602590334870897 ], [ 4.605915075210357, 45.602453352023993 ], [ 4.606452840950331, 45.602453913685451 ], [ 4.606639203256505, 45.602415990792558 ], [ 4.606916189251104, 45.602397037848348 ], [ 4.606994574090563, 45.602378895404435 ], [ 4.607126924839144, 45.602310265157485 ], [ 4.607189925502755, 45.602305852355492 ], [ 4.607301571018887, 45.602372752486907 ], [ 4.607368921730881, 45.602372330411391 ], [ 4.607530510693535, 45.602303146741946 ], [ 4.607610728955296, 45.60228187036865 ], [ 4.607679740081699, 45.602285612462119 ], [ 4.607827068851601, 45.602335249677203 ], [ 4.607900638544917, 45.602336899977416 ], [ 4.60798828491499, 45.602319570134149 ], [ 4.60815412131863, 45.602317199164489 ], [ 4.60843144281902, 45.602243522312193 ], [ 4.60865418253401, 45.602225610990402 ], [ 4.609050633667813, 45.602118615382075 ], [ 4.609189536037507, 45.602103388416623 ], [ 4.609244751199657, 45.602082738782393 ], [ 4.609527629823255, 45.602001684298912 ] ] ] } },
{ "type": "Feature", "properties": { "id_map": 69002279.0, "num_tronc": "2218", "nom": "ruisseau de corsenat", "me_sdage": null, "Date": "2026\/08\/12", "Longueur": 1177.27, "ONDE_num": 4, "ONDE_com": null }, "geometry": { "type": "MultiLineString", "coordinates": [ [ [ 4.625364955659592, 45.611601673003896 ], [ 4.625509439854077, 45.611579185181945 ], [ 4.625801939726071, 45.611510245167381 ], [ 4.626709486444062, 45.611356620880684 ], [ 4.627301120873129, 45.611274434277775 ], [ 4.627715735168101, 45.611247360141284 ], [ 4.627799263432008, 45.611207512770456 ], [ 4.627914871334128, 45.611119510643057 ], [ 4.628053168043141, 45.611056849121304 ], [ 4.628162788941402, 45.611040266428994 ], [ 4.628366102202725, 45.611054616461963 ], [ 4.6285930127191, 45.611033498379342 ], [ 4.628697916814304, 45.611052920181237 ], [ 4.628898936669933, 45.611041633362575 ], [ 4.629003753545491, 45.611058083932861 ], [ 4.629176912632896, 45.6111205596427 ], [ 4.629269526017306, 45.611127864768847 ], [ 4.629370323395393, 45.611112354393455 ], [ 4.629469372061815, 45.61112902318213 ], [ 4.629683939141686, 45.611198734150001 ], [ 4.629761298960281, 45.61122409312155 ], [ 4.629974667584596, 45.611266125297263 ], [ 4.630057034929614, 45.611304651365991 ], [ 4.630152208562137, 45.611333534761556 ], [ 4.630315091753237, 45.61142614998473 ], [ 4.630504087241352, 45.611490285590413 ], [ 4.630718798665844, 45.61146015320957 ], [ 4.630821042282147, 45.611480692426234 ], [ 4.63090099096295, 45.61152857489445 ], [ 4.630998149685762, 45.611637948756801 ], [ 4.631058495308438, 45.611673821178954 ], [ 4.631173337172757, 45.611716874319967 ], [ 4.631561118690437, 45.611824465109592 ], [ 4.631664536780023, 45.611832557284473 ], [ 4.631852104807029, 45.611756612033794 ], [ 4.63193339043636, 45.611732195562332 ], [ 4.632296772087271, 45.611664912278613 ], [ 4.632399777303815, 45.611672064061175 ], [ 4.632453868514458, 45.611770037699323 ], [ 4.632518508085398, 45.611807873552912 ], [ 4.632629572378931, 45.611827202334716 ], [ 4.632762146050917, 45.611870942239179 ], [ 4.632989685157701, 45.611936405711333 ], [ 4.63300599550664, 45.611941167671269 ], [ 4.633093895979379, 45.611932190910665 ], [ 4.633218530926735, 45.611928625198686 ], [ 4.633701805774802, 45.611892831443193 ], [ 4.633973451230564, 45.61184808573811 ], [ 4.63444703735671, 45.611718804700224 ], [ 4.634614296647102, 45.611646257168367 ], [ 4.634801068070857, 45.611582612675647 ], [ 4.634859036726606, 45.611563936945153 ], [ 4.635406531762045, 45.611447493048097 ], [ 4.635624712126819, 45.611391496590571 ], [ 4.635728618748348, 45.61137701609794 ], [ 4.635905994103234, 45.611373356000378 ], [ 4.636314040913019, 45.611462937598539 ], [ 4.63653799107221, 45.611445899556038 ], [ 4.636830267464228, 45.611408952800289 ], [ 4.637302056255346, 45.611479770044539 ], [ 4.637331359346872, 45.611481234957083 ], [ 4.637603338025282, 45.611487003273616 ], [ 4.63771890501333, 45.611476269117745 ], [ 4.638266845276251, 45.611401145578135 ], [ 4.638380389481961, 45.611374092994453 ], [ 4.638526890106323, 45.611263743451616 ], [ 4.638677129491514, 45.611123617061182 ], [ 4.63883401923301, 45.611013115764585 ], [ 4.639043046486623, 45.610921174020582 ], [ 4.639261157183288, 45.610863009831597 ] ] ] } },
{ "type": "Feature", "properties": { "id_map": 69002282.0, "num_tronc": "2221", "nom": "ruisseau de corsenat", "me_sdage": null, "Date": "2026\/08\/12", "Longueur": 939.998, "ONDE_num": 4, "ONDE_com": null }, "geometry": { "type": "MultiLineString", "coordinates": [ [ [ 4.605698745307969, 45.614729298790898 ], [ 4.606088595557567, 45.61471008880023 ], [ 4.606265204451196, 45.614679601701802 ], [ 4.60645690709069, 45.6146252563342 ], [ 4.606752854540797, 45.614567665543539 ], [ 4.607056601241522, 45.61455332958549 ], [ 4.607367469946257, 45.614505791599072 ], [ 4.607690612096672, 45.614430111693189 ], [ 4.607984990368807, 45.614371594355305 ], [ 4.608336321169894, 45.614338606507545 ], [ 4.608597621793107, 45.614334330168965 ], [ 4.608836712338125, 45.614294434287984 ], [ 4.609077386655446, 45.614216281983886 ], [ 4.609401387807956, 45.614051013615814 ], [ 4.609675855725525, 45.613863891361241 ], [ 4.609803687961341, 45.613758170420461 ], [ 4.61035842936248, 45.613318992138083 ], [ 4.610587533063303, 45.61317412770218 ], [ 4.610834605417398, 45.61303819228835 ], [ 4.611508813882185, 45.612749149739621 ], [ 4.611814633325728, 45.612607912256898 ], [ 4.612199730640128, 45.612359754558099 ], [ 4.612275440598768, 45.612275718158699 ], [ 4.613343358913491, 45.611413736322099 ], [ 4.614293724139007, 45.610944815585896 ], [ 4.614746508613856, 45.610813890041747 ], [ 4.614826677391116, 45.610790582852133 ], [ 4.615694212119441, 45.610531703636291 ] ] ] } },
{ "type": "Feature", "properties": { "id_map": 69002993.0, "num_tronc": "2968", "nom": null, "me_sdage": null, "Date": "2026\/08\/12", "Longueur": 635.537, "ONDE_num": 4, "ONDE_com": null }, "geometry": { "type": "MultiLineString", "coordinates": [ [ [ 4.612157938714891, 45.617579265228727 ], [ 4.612880491871659, 45.617639836625308 ], [ 4.613184624819477, 45.617677897616375 ], [ 4.613554949268381, 45.617714738302688 ], [ 4.613952487740663, 45.617773749096642 ], [ 4.614535326671618, 45.617902107838347 ], [ 4.614660538220095, 45.617904634121658 ], [ 4.614802158419731, 45.617849237013743 ], [ 4.615819154102815, 45.61728518335147 ], [ 4.6159445162626, 45.617226910965165 ], [ 4.616376835645648, 45.617092355500823 ], [ 4.616437832217636, 45.617071484319304 ], [ 4.61677571765442, 45.616933555541287 ], [ 4.616846121549897, 45.616892013720161 ], [ 4.616859021959515, 45.616885478616155 ], [ 4.616916459460731, 45.616782247222069 ], [ 4.617065780544922, 45.616621493494343 ], [ 4.617146769564055, 45.616560074709511 ], [ 4.61733207713946, 45.61645824740755 ], [ 4.617414096021191, 45.616445314579757 ], [ 4.617541656049044, 45.61647563448453 ], [ 4.617579663416365, 45.616471845618747 ], [ 4.617704647984375, 45.616440326487727 ], [ 4.617865138064614, 45.616372089784576 ], [ 4.618303578057904, 45.616249732865796 ], [ 4.618341703552899, 45.616249995046559 ], [ 4.618420001163847, 45.616254678034039 ], [ 4.61864874356388, 45.616176811916446 ], [ 4.618813475608403, 45.616069333740683 ], [ 4.618821649196951, 45.616019634351545 ], [ 4.61917536519075, 45.615830942930572 ] ] ] } },
{ "type": "Feature", "properties": { "id_map": 69000383.0, "num_tronc": "375", "nom": "le fondagny", "me_sdage": "FRDR10530", "Date": "2026\/08\/12", "Longueur": 2753.527, "ONDE_num": 1, "ONDE_com": null }, "geometry": { "type": "MultiLineString", "coordinates": [ [ [ 4.661083839422845, 45.599434430920368 ], [ 4.661115246688274, 45.599442073143521 ], [ 4.661231249500585, 45.599446844647218 ], [ 4.661448622848667, 45.599443363505031 ], [ 4.661551856070806, 45.599458726133157 ], [ 4.661643741087975, 45.599506410489923 ], [ 4.661746755833068, 45.599514480687532 ], [ 4.662094331634693, 45.59946300484323 ], [ 4.66225106091562, 45.599452447356406 ], [ 4.662369773213601, 45.599444883402178 ], [ 4.662897505553195, 45.599355480567539 ], [ 4.66300912621283, 45.599355316271314 ], [ 4.663136270640884, 45.599372215307795 ], [ 4.663274050488677, 45.599397198113607 ], [ 4.663371226053315, 45.599441560400763 ], [ 4.663447480189216, 45.599507037685662 ], [ 4.663627001668958, 45.59961462526789 ], [ 4.663915774793112, 45.599809763375525 ], [ 4.663999716072842, 45.599849187070596 ], [ 4.664090153141847, 45.599874193823624 ], [ 4.664159671463116, 45.599881946821711 ], [ 4.664556920867263, 45.599933621510779 ], [ 4.664650349383176, 45.599917242446821 ], [ 4.664736462350913, 45.599875167174773 ], [ 4.664838954929236, 45.599865814175423 ], [ 4.66494596093682, 45.59989138559262 ], [ 4.665111430055373, 45.600017958023301 ], [ 4.665193833501687, 45.600057403612894 ], [ 4.665320479261421, 45.600096058965285 ], [ 4.665438807768903, 45.600088497468541 ], [ 4.665550014267689, 45.600112925308657 ], [ 4.665698268960561, 45.600178956079802 ], [ 4.665885579570303, 45.600263727721497 ], [ 4.666157721944709, 45.600340622399173 ], [ 4.666290515003345, 45.600353246087359 ], [ 4.666432694469117, 45.600345195087002 ], [ 4.666578667585996, 45.60032249670823 ], [ 4.666857720622783, 45.600257970915017 ], [ 4.667118144246183, 45.600162782266075 ], [ 4.667508141663266, 45.599973262398173 ], [ 4.667654215167691, 45.599915569764654 ], [ 4.667820606763167, 45.599893512704767 ], [ 4.668193334249825, 45.59984650864881 ], [ 4.668322743721707, 45.59984904748103 ], [ 4.669122262047097, 45.599965396552399 ], [ 4.66926067155323, 45.599972799510461 ], [ 4.669562811495973, 45.599959262968461 ], [ 4.669816887988705, 45.599960219596845 ], [ 4.67017257881483, 45.599961017746907 ], [ 4.670333418098019, 45.599946334907749 ], [ 4.670928064038306, 45.59980402137851 ], [ 4.671389164983082, 45.59962423958909 ], [ 4.671496298729646, 45.599551854055591 ], [ 4.671826857706155, 45.599140689494341 ], [ 4.671889038474306, 45.599083832987908 ], [ 4.671980897204166, 45.599028291572672 ], [ 4.672085330534402, 45.598994044331107 ], [ 4.672308913692954, 45.598966807011116 ], [ 4.672535156130373, 45.599040450818286 ], [ 4.672643980201283, 45.599075174832301 ], [ 4.67285106065395, 45.599177069093322 ], [ 4.673000076875703, 45.599191605166887 ], [ 4.673371781915872, 45.599200261026631 ], [ 4.673599255954771, 45.599225382807674 ], [ 4.673703003191481, 45.599283148690802 ], [ 4.673836264460112, 45.599311293214654 ], [ 4.674223637830855, 45.59936713387615 ], [ 4.674325659022628, 45.599380476344272 ], [ 4.674535595123837, 45.59941112631369 ], [ 4.674993110359761, 45.599533470989336 ], [ 4.675212178199794, 45.599573305750368 ], [ 4.675766127416404, 45.599651383571235 ], [ 4.675994199153381, 45.599657982669235 ], [ 4.676219787663596, 45.599646109334934 ], [ 4.676641037393262, 45.599600110306142 ], [ 4.676693518728737, 45.599591762208362 ], [ 4.676758460373435, 45.599562692806551 ], [ 4.676821264400624, 45.599552029117518 ], [ 4.676875223354859, 45.599541632372734 ], [ 4.67694762618129, 45.599517450392021 ], [ 4.677051456044159, 45.599476047094143 ], [ 4.67715767943035, 45.599450144744424 ], [ 4.677280274488751, 45.599431023446414 ], [ 4.677524178799726, 45.599401175953886 ], [ 4.677857309791526, 45.599394315217189 ], [ 4.677928119015069, 45.599393799238747 ], [ 4.678011935522499, 45.59940335691013 ], [ 4.67818138119783, 45.599444196459892 ], [ 4.678264669252878, 45.599474432453995 ], [ 4.678387777654001, 45.599535823148827 ], [ 4.678494292607811, 45.599621239330894 ], [ 4.678520057105776, 45.599671247911154 ], [ 4.678505283664141, 45.599742667215445 ], [ 4.67846623402781, 45.599825932493573 ], [ 4.678377063245414, 45.599970066170343 ], [ 4.678342121801634, 45.600087315832184 ], [ 4.678337298668217, 45.600144130699896 ], [ 4.678342479009655, 45.600200796290615 ], [ 4.678361060171556, 45.600255100271696 ], [ 4.678392996882534, 45.600318256789734 ], [ 4.678436770961649, 45.600378264400646 ], [ 4.67854953684164, 45.600504793431398 ], [ 4.678768219163529, 45.600709586847138 ], [ 4.678909397703656, 45.600782866502506 ], [ 4.679096469027861, 45.600833574307693 ], [ 4.679189022405502, 45.60086461705221 ], [ 4.67947484038908, 45.601023687989695 ], [ 4.679714784109989, 45.601104273461381 ], [ 4.679787449684731, 45.601152230309268 ], [ 4.679796405486461, 45.601257206061888 ], [ 4.679778338275128, 45.601321514339567 ], [ 4.679768973079064, 45.601406228184679 ], [ 4.679767343956991, 45.601479477907453 ], [ 4.679779783077818, 45.601559677939264 ], [ 4.679894936710014, 45.601714001111752 ], [ 4.680074002279224, 45.601881420141673 ], [ 4.680180745684885, 45.602012225787107 ], [ 4.680288373875422, 45.602159500594162 ], [ 4.680326159271124, 45.602250400308542 ], [ 4.680364787503438, 45.602292920821618 ], [ 4.680456322126557, 45.602442597559275 ], [ 4.68055431209234, 45.602576641021166 ], [ 4.680620619681334, 45.602643336485833 ], [ 4.680730025809314, 45.602734922221423 ], [ 4.681123856846825, 45.602977219335067 ], [ 4.681235019684173, 45.603037839927232 ], [ 4.681325883177911, 45.60306377236634 ], [ 4.681403062684948, 45.603082748875373 ], [ 4.68150509244375, 45.603096084836857 ], [ 4.681560965926007, 45.603097951565168 ], [ 4.681621043189073, 45.603098809699354 ], [ 4.681710460824923, 45.603089771955375 ], [ 4.681813328032304, 45.603054593393082 ], [ 4.682266650296125, 45.602935814288003 ], [ 4.682370638371633, 45.602899537624047 ], [ 4.682588581800077, 45.602838318593058 ], [ 4.682675043728597, 45.602833377359872 ], [ 4.682736350177565, 45.60286204758453 ], [ 4.682831292788204, 45.602920882754681 ], [ 4.68292567592625, 45.602999316057861 ], [ 4.682985924897481, 45.603069208187371 ], [ 4.683055345102995, 45.603174900275327 ], [ 4.683204994470173, 45.60334923964129 ], [ 4.683288739830515, 45.603419590611608 ], [ 4.683441455560116, 45.603517415861276 ], [ 4.683508919515706, 45.603545993524484 ], [ 4.683638152240049, 45.603580401682386 ], [ 4.683784006475949, 45.603591728569533 ], [ 4.684131902238775, 45.603588546551833 ], [ 4.684322338868879, 45.603572184716903 ], [ 4.684409081833246, 45.603538461146378 ], [ 4.684587615726383, 45.603485123948133 ], [ 4.684690333309836, 45.603483045067719 ], [ 4.68478038991474, 45.603431708260295 ], [ 4.684905630001807, 45.603398083158581 ], [ 4.684942890014918, 45.603382798831611 ], [ 4.685334819722423, 45.603169409553821 ], [ 4.685376573487116, 45.603150004672379 ], [ 4.685473732659718, 45.603117069899383 ], [ 4.685548655806903, 45.603112434472834 ], [ 4.685624577060476, 45.603140613929909 ], [ 4.685653256690166, 45.603159638868902 ], [ 4.685749761125892, 45.603282351679923 ], [ 4.685785065494028, 45.603316678976796 ], [ 4.685875968615657, 45.603381786896108 ], [ 4.686000499052708, 45.603451389474777 ], [ 4.686088988420019, 45.603487756588073 ], [ 4.686395778375097, 45.603588537138634 ], [ 4.686684614448976, 45.603643245953535 ], [ 4.686782853819582, 45.603671089969261 ], [ 4.686913291664005, 45.603732361722763 ], [ 4.687208555558432, 45.603909645881529 ], [ 4.687276396086696, 45.6039505100021 ], [ 4.687327484088957, 45.603972170635515 ], [ 4.687424341519741, 45.604005168732144 ], [ 4.687701892505429, 45.604068420643358 ], [ 4.688126237001621, 45.604135818642064 ], [ 4.688245150840305, 45.604172538084406 ], [ 4.688268121972309, 45.604193674600289 ], [ 4.688332689486655, 45.604291330299993 ], [ 4.688416073631514, 45.604488544300096 ], [ 4.68848558839475, 45.604571669686955 ], [ 4.688658219927508, 45.604728904416753 ], [ 4.688907127502485, 45.604875266234536 ], [ 4.689063013485267, 45.604950339239174 ], [ 4.689203668769931, 45.604980381399947 ], [ 4.689400617599211, 45.605013360766854 ], [ 4.689462532920123, 45.605049178713323 ] ] ] } },
{ "type": "Feature", "properties": { "id_map": 69001092.0, "num_tronc": "1058", "nom": "le mornantet", "me_sdage": "FRDR479b", "Date": "2026\/08\/12", "Longueur": 2258.766, "ONDE_num": 2, "ONDE_com": null }, "geometry": { "type": "MultiLineString", "coordinates": [ [ [ 4.670255428283272, 45.61518847763908 ], [ 4.670484014144901, 45.61482692815931 ], [ 4.670647915209266, 45.614605899202175 ], [ 4.670717267878839, 45.614543668047226 ], [ 4.670896884826928, 45.614448050216041 ], [ 4.671259647304415, 45.614195154708902 ], [ 4.671365390484647, 45.614165077220576 ], [ 4.671576198931708, 45.614146273247584 ], [ 4.67182403093416, 45.614065717439367 ], [ 4.6720206288269, 45.613984301336757 ], [ 4.672374960343924, 45.613924318121327 ], [ 4.672473652903198, 45.613890291325681 ], [ 4.672539050607047, 45.613837439850741 ], [ 4.67259167427878, 45.61369304393083 ], [ 4.672601203354667, 45.613613327115957 ], [ 4.672669516300407, 45.613491259939714 ], [ 4.672707964606483, 45.613387470255695 ], [ 4.67274589746832, 45.613279364954458 ], [ 4.672795447514946, 45.61295667986073 ], [ 4.672851927803833, 45.612799797068469 ], [ 4.672901132827362, 45.612708006545112 ], [ 4.67296573615731, 45.612641656404222 ], [ 4.673120026992078, 45.612536413969558 ], [ 4.673201107987843, 45.612505755777711 ], [ 4.673527724737507, 45.612446316097078 ], [ 4.673624179618272, 45.612440287675611 ], [ 4.673829171477049, 45.61245858389448 ], [ 4.67386469460123, 45.612461973296988 ], [ 4.673961469031422, 45.612453778197334 ], [ 4.674042074847126, 45.61242015421476 ], [ 4.674072204738428, 45.61239795440202 ], [ 4.674242609393981, 45.612265450163846 ], [ 4.674425385398377, 45.61217288685414 ], [ 4.674562229152248, 45.612140181728115 ], [ 4.67484252544323, 45.612102368520105 ], [ 4.675371056385615, 45.611985065609822 ], [ 4.675490791939668, 45.611934105131539 ], [ 4.675747902027194, 45.611791660575015 ], [ 4.67585595894782, 45.611711016081678 ], [ 4.676061126998673, 45.611455183214339 ], [ 4.676322752553244, 45.610863995601925 ], [ 4.676398549396445, 45.610747894097209 ], [ 4.676491017654211, 45.610673831069803 ], [ 4.676559536822766, 45.610597152652602 ], [ 4.676640584475415, 45.610565546698787 ], [ 4.676663833848425, 45.61055776955115 ], [ 4.676692098864331, 45.610537623338956 ], [ 4.676768373296196, 45.610424621802913 ], [ 4.676803136574406, 45.610377493359259 ], [ 4.676902434337002, 45.610261986899864 ], [ 4.677027429338544, 45.610130560496394 ], [ 4.677217815301763, 45.609971814057879 ], [ 4.677289877126776, 45.609910484005667 ], [ 4.677462160297303, 45.609815099797508 ], [ 4.677550705857986, 45.609789596058093 ], [ 4.677615998345539, 45.609771734556404 ], [ 4.677671379617875, 45.609757128184221 ], [ 4.677808340879295, 45.609766704248692 ], [ 4.677872511522304, 45.609749940147019 ], [ 4.678038523716485, 45.609714498867554 ], [ 4.678397362125665, 45.609626462808528 ], [ 4.678449513181093, 45.609606905461121 ], [ 4.678508128029551, 45.609597384309318 ], [ 4.678579098111221, 45.609576330170441 ], [ 4.678664592899102, 45.60955181678154 ], [ 4.678763711572691, 45.609532233893496 ], [ 4.678856141261379, 45.609495187452303 ], [ 4.678936113780389, 45.609440898668218 ], [ 4.679022402735201, 45.609391784534274 ], [ 4.679108114397036, 45.609336329142074 ], [ 4.679173373540941, 45.609279287557492 ], [ 4.679237281551946, 45.609228480808333 ], [ 4.67929603967927, 45.609160187605063 ], [ 4.679352574638838, 45.609107464322463 ], [ 4.679411115311507, 45.609070112726336 ], [ 4.679490963672362, 45.60904987116384 ], [ 4.679579068953909, 45.609048015272819 ], [ 4.679659273282329, 45.609064921406329 ], [ 4.679743960289363, 45.609090001785582 ], [ 4.679822998019688, 45.609119219534143 ], [ 4.679901913013691, 45.609144385992217 ], [ 4.679966176583013, 45.609168825493974 ], [ 4.680101172061386, 45.609227875556563 ], [ 4.68014299387812, 45.609248597073432 ], [ 4.680171613367023, 45.609265597804018 ], [ 4.680196904597564, 45.609274406999077 ], [ 4.680292518427775, 45.609304322550038 ], [ 4.680392959103743, 45.609353755754022 ], [ 4.680477241905039, 45.609403565358441 ], [ 4.680595507213598, 45.609456785172547 ], [ 4.680905473737998, 45.609623463588427 ], [ 4.681093588375624, 45.609694823660895 ], [ 4.681215305295384, 45.609722186709206 ], [ 4.681353077332775, 45.609720397749825 ], [ 4.681677475217723, 45.609677449706403 ], [ 4.681951703245192, 45.609630522293998 ], [ 4.68236761385577, 45.609533108653388 ], [ 4.682494658569289, 45.609507700700682 ], [ 4.682584384466815, 45.609483121021022 ], [ 4.682670916299534, 45.609442106553033 ], [ 4.682726036212524, 45.60939359087201 ], [ 4.682776578607555, 45.609333795037536 ], [ 4.682900745690924, 45.609251686649316 ], [ 4.683003191018407, 45.609240291475103 ], [ 4.683090425071754, 45.609247767939294 ], [ 4.683192872686086, 45.609274471442433 ], [ 4.683452006307101, 45.60938975401114 ], [ 4.683545665205855, 45.609418615264048 ], [ 4.683621097608075, 45.609430456125146 ], [ 4.683740296141636, 45.609438264288244 ], [ 4.683813783109199, 45.609436758997653 ], [ 4.684049327721646, 45.609409184706657 ], [ 4.684345478509838, 45.609361653001287 ], [ 4.684503295661419, 45.609348076311655 ], [ 4.684611959414726, 45.609338613086962 ], [ 4.684880287305972, 45.609325677560363 ], [ 4.685024276829322, 45.609325817499091 ], [ 4.685251996812753, 45.609294169705819 ], [ 4.6853421716693, 45.60927174271778 ], [ 4.685463612382152, 45.609188726572512 ], [ 4.685502284120919, 45.609131133868679 ], [ 4.685577629773431, 45.608899655092159 ], [ 4.685604252995925, 45.608838324918679 ], [ 4.685654246759759, 45.608773266963794 ], [ 4.685714071468378, 45.608727651525413 ], [ 4.685886652819183, 45.608642652581445 ], [ 4.685966247566496, 45.608614168926657 ], [ 4.68620067956906, 45.608562828696016 ], [ 4.686387983943272, 45.608506250000623 ], [ 4.686459475234573, 45.60846451232505 ], [ 4.686496084734604, 45.60842775596975 ], [ 4.686521831782438, 45.608375625672345 ], [ 4.68655119560091, 45.608239947772141 ], [ 4.686542093827971, 45.608092687370736 ], [ 4.686518780617198, 45.607959150300523 ], [ 4.686524198677287, 45.60790948643676 ], [ 4.686561480750407, 45.607818949163743 ], [ 4.686676541789002, 45.607728866865891 ], [ 4.686745687653919, 45.607698647877939 ], [ 4.68684159431927, 45.607674917770503 ], [ 4.686931449350427, 45.607642091363317 ], [ 4.687129464092123, 45.607532795865275 ], [ 4.687183083507023, 45.6075110507335 ], [ 4.687362384143234, 45.607482556632441 ], [ 4.687616736812144, 45.607453476665761 ], [ 4.687719457523819, 45.607451259977807 ], [ 4.68788317983276, 45.607467447523746 ], [ 4.688226129712871, 45.607515936608941 ], [ 4.688296379272119, 45.607509343040675 ], [ 4.68833559802443, 45.607495109032939 ], [ 4.688374304407896, 45.607476694521388 ], [ 4.688469891310947, 45.60740460107985 ], [ 4.688642744394351, 45.607227723945819 ], [ 4.68875991411454, 45.607143822516896 ], [ 4.688874696549646, 45.607082654042969 ], [ 4.688903274297919, 45.60706033833965 ], [ 4.688959641571506, 45.607002478689907 ], [ 4.688984097532637, 45.606958608436699 ], [ 4.689007164353865, 45.606881793999747 ], [ 4.689005161867397, 45.60680346455495 ], [ 4.688985975384851, 45.606729716421214 ], [ 4.6889513086984, 45.60664066392502 ], [ 4.688928235352761, 45.606578322765152 ], [ 4.688863351337096, 45.606470404283861 ], [ 4.68881067595147, 45.60637148944685 ], [ 4.688785485497486, 45.606302830227776 ], [ 4.688721048601125, 45.606196931502247 ], [ 4.688695738996939, 45.606124356080912 ], [ 4.688678802248178, 45.606035983054717 ], [ 4.688690485950703, 45.605964608584614 ], [ 4.688705254048187, 45.605931286735967 ], [ 4.688764091665838, 45.605866094549008 ], [ 4.688817040072246, 45.605835036603963 ], [ 4.688919879053769, 45.60579890624814 ], [ 4.68909330039364, 45.605729291282607 ], [ 4.689123093458648, 45.605708983803588 ], [ 4.689169804575703, 45.60566275275896 ], [ 4.689201159072764, 45.605605268594772 ], [ 4.689305779179293, 45.60533713996157 ], [ 4.689400228482342, 45.605177381167891 ], [ 4.689462532920123, 45.605049178713323 ] ] ] } },
{ "type": "Feature", "properties": { "id_map": 69002285.0, "num_tronc": "2224", "nom": "ruisseau de la condamine", "me_sdage": null, "Date": "2026\/08\/12", "Longueur": 2107.887, "ONDE_num": 4, "ONDE_com": null }, "geometry": { "type": "MultiLineString", "coordinates": [ [ [ 4.647274201038053, 45.619075143647017 ], [ 4.64756296962127, 45.618910217446739 ], [ 4.647771099073617, 45.618761665354732 ], [ 4.647897518764399, 45.618726984157576 ], [ 4.648042549916613, 45.618709593359952 ], [ 4.648381210711447, 45.618729355612878 ], [ 4.649182574515867, 45.618887163967351 ], [ 4.649871198834848, 45.618944078068274 ], [ 4.65010259054276, 45.618994995355301 ], [ 4.650272228404074, 45.619041008633133 ], [ 4.650531475979998, 45.619122184471379 ], [ 4.650978846418063, 45.619146018368141 ], [ 4.651194525172642, 45.619173521266326 ], [ 4.651368932030364, 45.61922446167469 ], [ 4.651811684291418, 45.619274164434145 ], [ 4.651903364029837, 45.61924958094837 ], [ 4.65212024524164, 45.618994567329217 ], [ 4.652372181133296, 45.618830502111692 ], [ 4.65248165347827, 45.618782824681666 ], [ 4.652642496772915, 45.618688863373194 ], [ 4.652766581628843, 45.618498574083759 ], [ 4.652743002068609, 45.618430964442538 ], [ 4.652813780581956, 45.618325356156177 ], [ 4.652973189769146, 45.61817048466385 ], [ 4.653104565867813, 45.618147208354294 ], [ 4.653179897141784, 45.618090980063606 ], [ 4.65326903338494, 45.618045762280737 ], [ 4.653303561422921, 45.618028637411022 ], [ 4.653711057691601, 45.617929428428845 ], [ 4.653885284495062, 45.617845401172865 ], [ 4.653996742198959, 45.617774050280147 ], [ 4.654076180991423, 45.617739377222208 ], [ 4.654292951141308, 45.617584335955556 ], [ 4.654424153214145, 45.617516612244387 ], [ 4.654584170737725, 45.617485482410899 ], [ 4.654728840510795, 45.617494838332007 ], [ 4.655040500520283, 45.617435808100019 ], [ 4.655375557865088, 45.617360896059211 ], [ 4.655583979841761, 45.617287441294437 ], [ 4.655777703193989, 45.617250409675293 ], [ 4.65592383445468, 45.617192732177237 ], [ 4.656127839862386, 45.617113261822439 ], [ 4.65633761635578, 45.617007901727902 ], [ 4.656596302342882, 45.616864262827256 ], [ 4.656664101847467, 45.616800982653274 ], [ 4.656809353464527, 45.616726834537914 ], [ 4.656870273821002, 45.616703915810369 ], [ 4.657327213165563, 45.616674893670627 ], [ 4.65751146722414, 45.616617463072075 ], [ 4.657606156409832, 45.616564999576795 ], [ 4.657682402245333, 45.61648808416156 ], [ 4.658132277077537, 45.616248809598225 ], [ 4.658352436019368, 45.616168961936424 ], [ 4.658679215608861, 45.616113751643582 ], [ 4.658843212016384, 45.616099985111099 ], [ 4.659003904885545, 45.616117340431487 ], [ 4.659232599144128, 45.616168278656971 ], [ 4.659710505087788, 45.616248099680533 ], [ 4.659847507604638, 45.616258642909628 ], [ 4.659960562709837, 45.616292371498773 ], [ 4.660122362983666, 45.616295253015643 ], [ 4.660154180265756, 45.616316264675625 ], [ 4.660305575910837, 45.616357398143307 ], [ 4.660315674599847, 45.616386025768549 ], [ 4.660467673966246, 45.616434445605059 ], [ 4.66062118137042, 45.616456092843073 ], [ 4.660814488086132, 45.616469586653039 ], [ 4.661055987947512, 45.616485205731124 ], [ 4.661126219716131, 45.616477548787778 ], [ 4.661236911608417, 45.616419576933119 ], [ 4.661334197474304, 45.616389633890549 ], [ 4.661602674640268, 45.6163418960044 ], [ 4.661795106614331, 45.616274880405904 ], [ 4.661873942770093, 45.616258854687104 ], [ 4.662112269933426, 45.616271411014701 ], [ 4.662551608604367, 45.61623344067668 ], [ 4.662716985524707, 45.616188709780886 ], [ 4.662955314893916, 45.616085887363575 ], [ 4.663277683528908, 45.615922377202061 ], [ 4.663815218197416, 45.6156028840104 ], [ 4.664017766203352, 45.615462624846408 ], [ 4.664712036903574, 45.615131621908638 ], [ 4.664819270217603, 45.615061268250727 ], [ 4.664882581267578, 45.61498994327566 ], [ 4.665223288957858, 45.614604318742437 ], [ 4.665394942296869, 45.614563679067132 ], [ 4.665422779128567, 45.614529086209657 ], [ 4.665411771192984, 45.614508713687236 ], [ 4.665425170411192, 45.614480549244092 ], [ 4.665522164759095, 45.614479518615163 ], [ 4.665636509823788, 45.614479311828262 ], [ 4.666046156457255, 45.614363543230276 ], [ 4.666144998609363, 45.61437275243901 ], [ 4.666231348839117, 45.614401871455513 ], [ 4.666379809324478, 45.614371030899136 ], [ 4.666765424070367, 45.614173203459103 ], [ 4.666956691791072, 45.614106331194662 ], [ 4.667006113609597, 45.614098168266423 ], [ 4.667103766093631, 45.614080644078633 ], [ 4.667343089592679, 45.61417774823888 ], [ 4.667456547353664, 45.614224838416725 ], [ 4.667593646420873, 45.614264282541406 ], [ 4.667729138657024, 45.614275919324008 ], [ 4.66785308550107, 45.614287727111389 ], [ 4.66803993900584, 45.614432352978916 ], [ 4.668093682524338, 45.61449100096096 ], [ 4.668313754342918, 45.614511245348361 ], [ 4.668678777436223, 45.614601483821374 ], [ 4.669071647691652, 45.614683066763462 ], [ 4.669251484562576, 45.614696880958356 ], [ 4.669532146717105, 45.614696228838838 ], [ 4.669726693546782, 45.614712661117103 ], [ 4.669875187155908, 45.614810702764238 ], [ 4.669932756632135, 45.614894016784028 ], [ 4.670024948588472, 45.614989111108834 ], [ 4.670092167218199, 45.615009324270609 ], [ 4.670137565097583, 45.615046478887777 ], [ 4.670178989836645, 45.615117873287282 ], [ 4.670255428283272, 45.61518847763908 ] ] ] } },
{ "type": "Feature", "properties": { "id_map": 69000401.0, "num_tronc": "391", "nom": "le mornantet", "me_sdage": "FRDR479b", "Date": "2026\/08\/12", "Longueur": 2247.214, "ONDE_num": 1, "ONDE_com": null }, "geometry": { "type": "MultiLineString", "coordinates": [ [ [ 4.654073915608693, 45.629012960135675 ], [ 4.654160945177314, 45.629025596312729 ], [ 4.654254008999096, 45.629033955564722 ], [ 4.654391847396874, 45.628994100698328 ], [ 4.654444591134571, 45.628954821282157 ], [ 4.65459996250513, 45.628767042277225 ], [ 4.654742181857433, 45.628654708067728 ], [ 4.655005948480899, 45.628498704563683 ], [ 4.655316916661719, 45.628272698926033 ], [ 4.655375510583634, 45.628197260852801 ], [ 4.655418846215927, 45.62813961043441 ], [ 4.655499745135991, 45.627972920731821 ], [ 4.65558477047962, 45.627892770425582 ], [ 4.655822128152442, 45.627665144286397 ], [ 4.655977078759062, 45.627579506342578 ], [ 4.655997061040311, 45.627526522617721 ], [ 4.656092734743705, 45.627287335623649 ], [ 4.656095731479105, 45.627117063402004 ], [ 4.656172842094346, 45.626952590561139 ], [ 4.65623424794085, 45.626778081093633 ], [ 4.656258031952588, 45.626710585481334 ], [ 4.656342592586334, 45.626589235394519 ], [ 4.656355829715056, 45.626516761144664 ], [ 4.656398378318811, 45.626445746842386 ], [ 4.656462896285962, 45.626375354824745 ], [ 4.656535758876418, 45.626326456190881 ], [ 4.6566222880489, 45.626322480266644 ], [ 4.65695961788603, 45.62637331043188 ], [ 4.657243556809853, 45.626415874133279 ], [ 4.657401766381265, 45.626439348343183 ], [ 4.657715279246421, 45.626453509197475 ], [ 4.65807549955876, 45.626458469529695 ], [ 4.658147913426761, 45.626433219249684 ], [ 4.658195064010966, 45.626400235111028 ], [ 4.658353582801538, 45.626112429000273 ], [ 4.658417189718658, 45.626050290455815 ], [ 4.658535764019497, 45.625933300990226 ], [ 4.658627449369074, 45.625882907611249 ], [ 4.658921031343492, 45.625771714210885 ], [ 4.659604218981109, 45.625592492422363 ], [ 4.659894070612736, 45.625459735167375 ], [ 4.660083938963488, 45.625396003196393 ], [ 4.660295854812071, 45.625399766689235 ], [ 4.660389960165515, 45.625365953654857 ], [ 4.660653355174929, 45.625198593428379 ], [ 4.66079005858515, 45.625095654731041 ], [ 4.660962417377072, 45.625000295652612 ], [ 4.661031854673624, 45.624940096037385 ], [ 4.661151257737206, 45.624709741040967 ], [ 4.661208839068169, 45.624639448601705 ], [ 4.661385410104463, 45.624504847126794 ], [ 4.661525478060821, 45.624347276675486 ], [ 4.661587754395389, 45.624292316312641 ], [ 4.661665074815522, 45.624238214560599 ], [ 4.661696058940062, 45.62420560274829 ], [ 4.661773525127813, 45.62413069308186 ], [ 4.662027562971105, 45.623805803843702 ], [ 4.662126478011463, 45.623650056390311 ], [ 4.662250784675511, 45.623532032452864 ], [ 4.662320972394712, 45.623484115185462 ], [ 4.662591747327973, 45.623357847271443 ], [ 4.662931718367449, 45.623125041469848 ], [ 4.663087966008169, 45.623032078751315 ], [ 4.663174120629105, 45.623015808972674 ], [ 4.663405552835952, 45.623028600023218 ], [ 4.663494523374378, 45.62301634142505 ], [ 4.663811121789559, 45.622890203634867 ], [ 4.663868119476226, 45.62285193755109 ], [ 4.663934539355019, 45.622755573380672 ], [ 4.663933423095408, 45.622692767502294 ], [ 4.663856928420362, 45.622581899236266 ], [ 4.663848085743535, 45.622518261902584 ], [ 4.663733361270219, 45.622442274767977 ], [ 4.663690564924964, 45.622337933407039 ], [ 4.663708058550771, 45.622292145400749 ], [ 4.663808442839438, 45.622198386425531 ], [ 4.663917649085977, 45.622039377779629 ], [ 4.664003456271863, 45.621985959456993 ], [ 4.664498868886924, 45.621672490648351 ], [ 4.66491355695118, 45.62136386188773 ], [ 4.665004106715181, 45.621314560757042 ], [ 4.665193505142003, 45.621248665216413 ], [ 4.665234498333028, 45.621241708717946 ], [ 4.665662106487764, 45.621170935508822 ], [ 4.66575946327102, 45.621143149296032 ], [ 4.665961830292547, 45.621034773526581 ], [ 4.666258386030046, 45.620921354774069 ], [ 4.666338574225554, 45.620873286809058 ], [ 4.666384371698227, 45.620808435089621 ], [ 4.666383852001085, 45.620688742442347 ], [ 4.666378647507191, 45.620605326508908 ], [ 4.66630727542811, 45.620165545858818 ], [ 4.66630536219772, 45.62015314481399 ], [ 4.666391176559293, 45.619997722516743 ], [ 4.666449014650292, 45.61973152561275 ], [ 4.666536311620883, 45.619535820851766 ], [ 4.666705584977661, 45.619300397592333 ], [ 4.667317565793611, 45.619035987307171 ], [ 4.667374313657533, 45.618951247987354 ], [ 4.667471171757385, 45.618843081938984 ], [ 4.667618864780125, 45.618722408453223 ], [ 4.667844920583816, 45.618582739656304 ], [ 4.667968671106725, 45.618447018993564 ], [ 4.668024268103806, 45.618298528246605 ], [ 4.668104692902481, 45.617977144108139 ], [ 4.668211351853553, 45.617683066825322 ], [ 4.66841930769089, 45.617390054211221 ], [ 4.668598121855032, 45.617280131311809 ], [ 4.668637661683943, 45.617276167325819 ], [ 4.668693333464607, 45.617270883238646 ], [ 4.66877517940101, 45.617290880269564 ], [ 4.669124982217855, 45.617297039698713 ], [ 4.669345309462008, 45.61726148131649 ], [ 4.669416044629607, 45.617232195401201 ], [ 4.669605027985738, 45.617114824458703 ], [ 4.669728487250714, 45.617008017926253 ], [ 4.669818341081204, 45.616872122691795 ], [ 4.669900451595893, 45.616555981088219 ], [ 4.669944543137894, 45.616485884173478 ], [ 4.670009946317189, 45.616433034155293 ], [ 4.670065522439179, 45.61636074018044 ], [ 4.670087741613653, 45.616293129523918 ], [ 4.670098099227066, 45.616227991682443 ], [ 4.670091202108908, 45.616101368352744 ], [ 4.670097577126474, 45.616006296979975 ], [ 4.670092212799806, 45.615917749674445 ], [ 4.670135563022895, 45.615657034704611 ], [ 4.670177085746351, 45.61559116398827 ], [ 4.670255917227376, 45.615511229151117 ], [ 4.670290280814831, 45.615386695290731 ], [ 4.670286745569243, 45.615231110228486 ], [ 4.670255428283272, 45.61518847763908 ] ] ] } },
{ "type": "Feature", "properties": { "id_map": 69000881.0, "num_tronc": "849", "nom": "ruisseau de malval", "me_sdage": null, "Date": "2026\/08\/12", "Longueur": 1166.542, "ONDE_num": 4, "ONDE_com": null }, "geometry": { "type": "MultiLineString", "coordinates": [ [ [ 4.615503625711864, 45.636677003995011 ], [ 4.615735023052905, 45.636515479686366 ], [ 4.616180050199008, 45.636256857420442 ], [ 4.616549771120626, 45.636057543313541 ], [ 4.616823714170016, 45.635823126858362 ], [ 4.61716345830826, 45.635547098989505 ], [ 4.617333128201784, 45.635421989649181 ], [ 4.617472584480359, 45.635277859822651 ], [ 4.617552484196267, 45.635178223263473 ], [ 4.61782413467548, 45.634997472085928 ], [ 4.617911668643635, 45.634948253071556 ], [ 4.617970781379611, 45.634914979141961 ], [ 4.618101163798847, 45.634803132854373 ], [ 4.618198665576579, 45.634673250437842 ], [ 4.618253825441967, 45.634544246986685 ], [ 4.618279809519381, 45.634458084578995 ], [ 4.618372694306186, 45.634328403491665 ], [ 4.6186247301646, 45.634201567236104 ], [ 4.618709316036365, 45.634183327978889 ], [ 4.619073740714567, 45.633974894636722 ], [ 4.619444660108246, 45.633738400824598 ], [ 4.619543730408481, 45.633675504441612 ], [ 4.619770647300478, 45.633480125791152 ], [ 4.619989415158919, 45.633335391546971 ], [ 4.620188702364419, 45.63324889543032 ], [ 4.620364452583943, 45.633226775480217 ], [ 4.620619208653823, 45.633166905311981 ], [ 4.620663489199488, 45.633140193238596 ], [ 4.621119351676303, 45.632858697874987 ], [ 4.62122145406406, 45.632767925587082 ], [ 4.621283012153296, 45.632660444453101 ], [ 4.621391161370862, 45.632578906824179 ], [ 4.621605263631616, 45.632419780803751 ], [ 4.621759948284932, 45.632322846283188 ], [ 4.621842190495091, 45.632251003483937 ], [ 4.621892113889285, 45.632035609251446 ], [ 4.621936669973545, 45.631978900370001 ], [ 4.622021714236679, 45.631937009363348 ], [ 4.622297202455218, 45.631848870657741 ], [ 4.622668088251189, 45.631756788836114 ], [ 4.622848926813953, 45.631579901421937 ], [ 4.622935173339505, 45.631526508822887 ], [ 4.623099105524374, 45.631508743064153 ], [ 4.623382674587784, 45.631367930976374 ], [ 4.623523186239394, 45.631352664055484 ], [ 4.62366000940703, 45.631356094056116 ], [ 4.623812189111324, 45.63144981969662 ], [ 4.623881864141927, 45.631461783956944 ], [ 4.624005126471785, 45.63146243701263 ], [ 4.624287570919213, 45.631427827911423 ], [ 4.624702773760562, 45.631336855938756 ], [ 4.625113258552928, 45.631282022417409 ], [ 4.625325040817627, 45.631175611864506 ], [ 4.625413032495691, 45.631168666739462 ], [ 4.625657171601186, 45.6312462005707 ], [ 4.625821280454115, 45.631234507800194 ], [ 4.626095539540332, 45.631183530105467 ], [ 4.626461288689052, 45.631179190196413 ], [ 4.626849122512692, 45.63103510592132 ] ] ] } },
{ "type": "Feature", "properties": { "id_map": 69006377.0, "num_tronc": "6311", "nom": null, "me_sdage": null, "Date": "2026\/08\/12", "Longueur": 1927.751, "ONDE_num": 4, "ONDE_com": null }, "geometry": { "type": "MultiLineString", "coordinates": [ [ [ 4.632223624374769, 45.641686186784902 ], [ 4.632491060868754, 45.641715813267034 ], [ 4.632773882266979, 45.641731570734919 ], [ 4.632997442217614, 45.641697119110219 ], [ 4.633265283296826, 45.64159677068578 ], [ 4.633550326759353, 45.641491983814134 ], [ 4.633971241561213, 45.641357528099512 ], [ 4.634166512539514, 45.641356584557478 ], [ 4.63449521622154, 45.641308579303406 ], [ 4.635062650434394, 45.641126867852329 ], [ 4.635212441501548, 45.641059843213178 ], [ 4.635328494712259, 45.640985202497667 ], [ 4.635650518545011, 45.640880683509877 ], [ 4.635799126851039, 45.640851908877693 ], [ 4.636709420450893, 45.640645480722213 ], [ 4.63708864607752, 45.640534586580586 ], [ 4.637246528996202, 45.64048081649787 ], [ 4.637755227480622, 45.640306430478937 ], [ 4.638030916017493, 45.640224465178953 ], [ 4.6384678293122, 45.640123669934496 ], [ 4.638508775900881, 45.640114562471496 ], [ 4.638790661634888, 45.640007781540653 ], [ 4.638922087635692, 45.639945207401368 ], [ 4.638980963914973, 45.639917194708751 ], [ 4.639118049007042, 45.63988966424624 ], [ 4.639331682909417, 45.639897631125336 ], [ 4.639446288187479, 45.639865428935288 ], [ 4.63964069821824, 45.639835576693216 ], [ 4.63973807286774, 45.639806867646179 ], [ 4.639804861073092, 45.639785899613159 ], [ 4.640060594320077, 45.639615593573502 ], [ 4.640529805355033, 45.639409075673406 ], [ 4.640657724792818, 45.639371274107326 ], [ 4.641164177991314, 45.639355784248878 ], [ 4.641454998431542, 45.639316822195951 ], [ 4.641556147901065, 45.6393115641254 ], [ 4.641676548591603, 45.639306025162924 ], [ 4.641870721187032, 45.639307245791834 ], [ 4.642259887315043, 45.639337369840263 ], [ 4.642846030493925, 45.639359348575383 ], [ 4.642979797149456, 45.639401844306107 ], [ 4.643110807935591, 45.639468293055742 ], [ 4.643522640000413, 45.639509295279765 ], [ 4.643753627298336, 45.639517946058582 ], [ 4.644019664255452, 45.639513519969995 ], [ 4.644216440599456, 45.639511591198733 ], [ 4.644333424451975, 45.639494750793908 ], [ 4.644406892402795, 45.639465306122688 ], [ 4.644620312887389, 45.639466105694552 ], [ 4.644747006348012, 45.639477899579866 ], [ 4.645163652806428, 45.63956421954807 ], [ 4.645324914844003, 45.639585640097685 ], [ 4.645652331497242, 45.639572747171698 ], [ 4.645777749499686, 45.639554566028011 ], [ 4.645933925087535, 45.639521479091847 ], [ 4.646023378673249, 45.639485584910858 ], [ 4.646237760655987, 45.63944097325912 ], [ 4.646644450412832, 45.639399627396976 ], [ 4.646865023121178, 45.639330065290238 ], [ 4.646996359605263, 45.639303690083835 ], [ 4.647259795358263, 45.639276597329385 ], [ 4.647407351712636, 45.63918689183771 ], [ 4.647632727696814, 45.639123472565068 ], [ 4.647757764857937, 45.638988972351584 ], [ 4.647780902186526, 45.638912166146312 ], [ 4.647892080349342, 45.638752064285157 ], [ 4.648057255260905, 45.638633188216453 ], [ 4.648101723254096, 45.638535399055243 ], [ 4.648147464249274, 45.63846744867233 ], [ 4.648151646535982, 45.638387947724951 ], [ 4.648234886784391, 45.638130441111564 ], [ 4.648373423902111, 45.637996688177083 ], [ 4.648432517351499, 45.637898549566664 ], [ 4.648558537407737, 45.637719585606561 ], [ 4.648623523778869, 45.637651218011229 ], [ 4.648788751982916, 45.637560170947687 ], [ 4.649050476745951, 45.637462981231181 ], [ 4.649346513501973, 45.637302195630014 ], [ 4.649562829611176, 45.637025444651314 ], [ 4.649625256757279, 45.636974677166151 ], [ 4.649845897009253, 45.636869035926338 ], [ 4.649900153357623, 45.636763807025275 ], [ 4.650004665401808, 45.636664731492679 ], [ 4.650150576269221, 45.636597743449308 ], [ 4.650270295674641, 45.636543703716519 ], [ 4.650502084690024, 45.636424522614824 ], [ 4.650790801881859, 45.63623817112714 ], [ 4.650930771493458, 45.636101151457666 ], [ 4.650995014109, 45.636059678562511 ], [ 4.65103826786216, 45.635998923810831 ], [ 4.651079463294424, 45.635894966723747 ], [ 4.651145241533033, 45.635853336108234 ], [ 4.651283315514075, 45.635743229010416 ], [ 4.651399300033884, 45.635602777803385 ], [ 4.651475527946579, 45.635420758173574 ], [ 4.651587936029217, 45.635263741741973 ], [ 4.651632668920467, 45.635175134107079 ], [ 4.651807851717559, 45.634966262844983 ], [ 4.651990066119666, 45.634902792530561 ], [ 4.652224793924206, 45.63485665459028 ], [ 4.652318332087417, 45.634803132072108 ], [ 4.652384265221642, 45.634766767393756 ], [ 4.652484209155969, 45.634695587466481 ] ] ] } },
{ "type": "Feature", "properties": { "id_map": 69008358.0, "num_tronc": "8335", "nom": "le mornantet", "me_sdage": "FRDR479b", "Date": "2026\/08\/12", "Longueur": 1465.95, "ONDE_num": 1, "ONDE_com": null }, "geometry": { "type": "MultiLineString", "coordinates": [ [ [ 4.689462532920123, 45.605049178713323 ], [ 4.689467322903069, 45.605029516889644 ], [ 4.68952513195401, 45.604968527912668 ], [ 4.689666728009495, 45.604877908739105 ], [ 4.689793433842485, 45.604753467222679 ], [ 4.689834189379141, 45.604739209573957 ], [ 4.68994515186389, 45.604729706517915 ], [ 4.690031336039462, 45.604715576859299 ], [ 4.69018489473691, 45.604663821928462 ], [ 4.690265864158598, 45.604630180567376 ], [ 4.690634941098495, 45.604437786742572 ], [ 4.690689029934818, 45.604431569628545 ], [ 4.690820237461895, 45.604442161887619 ], [ 4.690953656949388, 45.60439908498951 ], [ 4.691010918705946, 45.604395927380132 ], [ 4.691063340604794, 45.60438554696357 ], [ 4.691198008884129, 45.604345558357018 ], [ 4.691480391815513, 45.604213775239337 ], [ 4.691776615679305, 45.604094077557143 ], [ 4.691964554700147, 45.604021132319929 ], [ 4.692156354875952, 45.603973798183453 ], [ 4.69226967862494, 45.603915620314112 ], [ 4.692306328236909, 45.60390561171085 ], [ 4.692418699876254, 45.603891896798991 ], [ 4.69251718541032, 45.603889874457295 ], [ 4.692625262588762, 45.603874197418705 ], [ 4.692788021740784, 45.603871748003897 ], [ 4.69289622669026, 45.603860256964438 ], [ 4.693218852438856, 45.603811086964512 ], [ 4.693408778581952, 45.603790664321259 ], [ 4.693606638164902, 45.603740129091484 ], [ 4.693726306119722, 45.603688068924789 ], [ 4.693775586754156, 45.603675707988764 ], [ 4.693973341242714, 45.603697318553714 ], [ 4.694314724054514, 45.603707713411204 ], [ 4.694583336249881, 45.603705017833121 ], [ 4.694958907428204, 45.603687875092078 ], [ 4.695007727377472, 45.603698217822561 ], [ 4.695079520882101, 45.603729695655851 ], [ 4.695237390138067, 45.603882009084629 ], [ 4.695269403631111, 45.603909222652135 ], [ 4.695308599788188, 45.603932139764169 ], [ 4.695341900435416, 45.6039510926406 ], [ 4.695446511241265, 45.603998287934068 ], [ 4.69557642229806, 45.604041994375152 ], [ 4.69574198997535, 45.604068410357165 ], [ 4.695813309152452, 45.604084358063382 ], [ 4.695881839451859, 45.604109804972104 ], [ 4.695971059588174, 45.604169796404562 ], [ 4.696073568129054, 45.604261471660934 ], [ 4.696164579950263, 45.604329677203651 ], [ 4.696262850261371, 45.604496668494185 ], [ 4.696387253032954, 45.60466218476521 ], [ 4.696427131634121, 45.604732512313056 ], [ 4.696485350041294, 45.60486119787668 ], [ 4.69660730889167, 45.605034856965283 ], [ 4.696725123498888, 45.605173721910397 ], [ 4.696760940311603, 45.605224520709747 ], [ 4.6968145150836, 45.605276943053404 ], [ 4.696885190391229, 45.605309517477139 ], [ 4.697063604705389, 45.605365595515202 ], [ 4.697118342689568, 45.605405705808323 ], [ 4.697187636366321, 45.605443434803732 ], [ 4.697268866982617, 45.605456124704155 ], [ 4.697305769013728, 45.605454351940075 ], [ 4.697359440219777, 45.605447057100676 ], [ 4.697407501074748, 45.605432551343249 ], [ 4.697441846290203, 45.605410146374702 ], [ 4.697567609055073, 45.605293140742603 ], [ 4.697604742744827, 45.605273801004955 ], [ 4.697742648224526, 45.605163637255075 ], [ 4.697773012910703, 45.605149533539951 ], [ 4.697828797987591, 45.605148421298487 ], [ 4.697914099552535, 45.605155780265591 ], [ 4.698019583509204, 45.605143379672221 ], [ 4.698073858414091, 45.605143235827413 ], [ 4.69816566411911, 45.605161845058326 ], [ 4.698294074027178, 45.605206651926657 ], [ 4.698492369669959, 45.605245674767907 ], [ 4.698750658354126, 45.605270145826147 ], [ 4.699050950405838, 45.605283443796061 ], [ 4.699245778409967, 45.605272124295972 ], [ 4.699581394075115, 45.605219632471709 ], [ 4.699885838569539, 45.605192604777912 ], [ 4.700157745673943, 45.605159042715051 ], [ 4.700314516940812, 45.605149512511524 ], [ 4.700333785018766, 45.605150166962368 ], [ 4.70056457576782, 45.605156675529159 ], [ 4.700833817734995, 45.605199350221213 ], [ 4.701006955084095, 45.605233885369188 ], [ 4.70142260654916, 45.605293123775368 ], [ 4.701682179645492, 45.605321756892046 ], [ 4.702014643784771, 45.605367255180077 ], [ 4.702365456730826, 45.605395992214078 ], [ 4.702663924906344, 45.605399986054088 ], [ 4.702855039424739, 45.60536804573681 ], [ 4.703076475052513, 45.605358208218085 ], [ 4.703245693947902, 45.605327814682262 ], [ 4.703377824135938, 45.605293118848536 ], [ 4.703561755709954, 45.605265474293205 ], [ 4.703971743595927, 45.605303172601189 ], [ 4.704095333411922, 45.605303732113086 ], [ 4.704229814858659, 45.605320473947152 ], [ 4.7045402159496, 45.605399534464318 ], [ 4.704704783503556, 45.605468239832192 ], [ 4.704808948734686, 45.605538130676322 ], [ 4.704865360421209, 45.605582400118998 ], [ 4.704981421149407, 45.605651029684765 ], [ 4.705178843811855, 45.605736529566656 ], [ 4.705303958033788, 45.605774082931205 ], [ 4.705551491074188, 45.605861659616309 ], [ 4.705710304900337, 45.60589343251992 ], [ 4.705842706370593, 45.60590507007538 ] ] ] } },
{ "type": "Feature", "properties": { "id_map": 69008143.0, "num_tronc": "8116", "nom": "le grand val", "me_sdage": "FRDR11709", "Date": "2026\/08\/12", "Longueur": 426.668, "ONDE_num": 4, "ONDE_com": null }, "geometry": { "type": "MultiLineString", "coordinates": [ [ [ 4.675585877127409, 45.631222056584534 ], [ 4.675644031776897, 45.631107434410808 ], [ 4.675763936525716, 45.630984326940087 ], [ 4.675825839916309, 45.630611738289815 ], [ 4.675882431363796, 45.630521863007466 ], [ 4.675939940186709, 45.630487771338764 ], [ 4.675961243170764, 45.630440843728245 ], [ 4.675926492695123, 45.630348816103179 ], [ 4.675832760627384, 45.630216730814567 ], [ 4.675622804726605, 45.629705522414483 ], [ 4.675565107034852, 45.629593300825867 ], [ 4.675462054555141, 45.629484051254948 ], [ 4.675351032851641, 45.62942963671729 ], [ 4.675265437602635, 45.62938821868044 ], [ 4.675067348776637, 45.629320103673422 ], [ 4.674983913633892, 45.62926095486111 ], [ 4.674918496755956, 45.629211805582329 ], [ 4.674688326890239, 45.629012442611213 ], [ 4.674583828637171, 45.628804318866877 ], [ 4.674553156688573, 45.628706961194027 ], [ 4.674546690875267, 45.628658690766606 ], [ 4.674601836004811, 45.62853371105362 ], [ 4.674718968814017, 45.628459147678285 ], [ 4.674767427540748, 45.628316839184528 ], [ 4.67482602702356, 45.628204237358908 ], [ 4.674908761134233, 45.628112892648829 ], [ 4.675092994629311, 45.627952215585303 ], [ 4.675119043256762, 45.627909405670039 ] ] ] } },
{ "type": "Feature", "properties": { "id_map": 69006385.0, "num_tronc": "6319", "nom": "ruisseau de l'arche", "me_sdage": "FRDR11709", "Date": "2026\/08\/12", "Longueur": 1495.52, "ONDE_num": 4, "ONDE_com": null }, "geometry": { "type": "MultiLineString", "coordinates": [ [ [ 4.662741044989701, 45.639668258328378 ], [ 4.662869658436977, 45.639635773741368 ], [ 4.66300111788406, 45.639611726311678 ], [ 4.663566341911882, 45.639590808839827 ], [ 4.663829684534666, 45.639522337338207 ], [ 4.664210851226904, 45.639221638853869 ], [ 4.66444990032297, 45.639101105454664 ], [ 4.665329425706209, 45.638593080707025 ], [ 4.665653645211749, 45.638435752543998 ], [ 4.66597872852937, 45.638371225828465 ], [ 4.666227110569791, 45.638343500702938 ], [ 4.666329833673389, 45.638301043912605 ], [ 4.666488852116273, 45.638234921204315 ], [ 4.666819932829322, 45.638139364820759 ], [ 4.667099450150991, 45.638147924433 ], [ 4.667225921494918, 45.637973120173747 ], [ 4.667456100211003, 45.637609527634815 ], [ 4.667535612444559, 45.637333551657164 ], [ 4.6676426388526, 45.637191054226868 ], [ 4.667671932156947, 45.637153331955162 ], [ 4.667837001495926, 45.637058070636876 ], [ 4.668128681520288, 45.636933506771435 ], [ 4.668644541068959, 45.636553517746783 ], [ 4.668894809807314, 45.636422540501641 ], [ 4.669091422943346, 45.636377202665528 ], [ 4.66936258786665, 45.636390068571515 ], [ 4.669597962909392, 45.636365636141292 ], [ 4.669701506041731, 45.636171714364984 ], [ 4.669951876299588, 45.635699329726208 ], [ 4.670107186999592, 45.635408446556475 ], [ 4.670320002529066, 45.635121438269728 ], [ 4.670607996781244, 45.634875195299557 ], [ 4.670736889791979, 45.634730208531927 ], [ 4.671156599338534, 45.634534833620741 ], [ 4.671640085112316, 45.634155581247683 ], [ 4.672278671575158, 45.633683368401002 ], [ 4.672350404839421, 45.633533419658413 ], [ 4.672601206744034, 45.633318797596338 ], [ 4.672780194646677, 45.633276957534122 ], [ 4.672981286134922, 45.633265591931497 ], [ 4.673213543053554, 45.63326592181501 ], [ 4.673455148191808, 45.633282459597368 ], [ 4.673674911773238, 45.633264465280931 ], [ 4.673998733645781, 45.633134003633025 ], [ 4.674191151581775, 45.633026842168995 ], [ 4.674384704892872, 45.632944522316876 ], [ 4.674586790547743, 45.632927870037172 ], [ 4.674690341820947, 45.632875125285892 ], [ 4.674807670872785, 45.632768539728239 ], [ 4.674892802227975, 45.632692561093258 ], [ 4.675080373072906, 45.632476172337704 ], [ 4.675140423157806, 45.632398675401539 ], [ 4.675229632043779, 45.632279267921497 ], [ 4.675348295463992, 45.632000406302019 ], [ 4.675339915980277, 45.631901636068918 ], [ 4.675293015098744, 45.631802628696207 ], [ 4.675301576380893, 45.631729140624429 ], [ 4.675308507909574, 45.631652704561155 ], [ 4.675585877127409, 45.631222056584534 ] ] ] } },
{ "type": "Feature", "properties": { "id_map": 69008148.0, "num_tronc": "8117", "nom": "le jonan", "me_sdage": "FRDR11709", "Date": "2026\/08\/12", "Longueur": 1238.522, "ONDE_num": 2, "ONDE_com": null }, "geometry": { "type": "MultiLineString", "coordinates": [ [ [ 4.691669715415618, 45.622547079005862 ], [ 4.691753119843907, 45.622504078183773 ], [ 4.691798088871955, 45.622488675811091 ], [ 4.691871352318667, 45.622454068658413 ], [ 4.691950831743994, 45.622383430606824 ], [ 4.6919833186519, 45.62232498292385 ], [ 4.69200057281051, 45.622209075356217 ], [ 4.692032861423864, 45.622106316881847 ], [ 4.692061655819818, 45.622053058614497 ], [ 4.692092112190259, 45.62201639300406 ], [ 4.692120857209121, 45.621999343045907 ], [ 4.692151389294707, 45.62199037237896 ], [ 4.692212993803516, 45.621990121376164 ], [ 4.692321941281318, 45.6220269870837 ], [ 4.692360198969513, 45.62203141045179 ], [ 4.692462410195537, 45.622011634115658 ], [ 4.692510837382563, 45.622008608901389 ], [ 4.692714885975303, 45.622070253587985 ], [ 4.692757439516728, 45.622076638737177 ], [ 4.692894210998539, 45.622078904241029 ], [ 4.692943860061726, 45.622065457529146 ], [ 4.693012925481037, 45.622032128707716 ], [ 4.693043889918741, 45.621999508273809 ], [ 4.693118920847653, 45.621896781802619 ], [ 4.693215795743796, 45.621790619182221 ], [ 4.693336206774934, 45.62168599369646 ], [ 4.693393264292052, 45.621612584668725 ], [ 4.693427497323871, 45.621586129665502 ], [ 4.69351174932484, 45.621570945955952 ], [ 4.693554497574545, 45.621571113131822 ], [ 4.6936216190967, 45.621562401923946 ], [ 4.693640735924268, 45.621557925970741 ], [ 4.693861724889693, 45.621430574705236 ], [ 4.693987380293479, 45.621346405195773 ], [ 4.694161005043568, 45.621219090912277 ], [ 4.694202736280671, 45.621198602394436 ], [ 4.694330548119157, 45.621159794621505 ], [ 4.69453387616821, 45.621072022921986 ], [ 4.694666400686205, 45.620973293152801 ], [ 4.694745727722146, 45.620935620479742 ], [ 4.694847321878598, 45.620870591723573 ], [ 4.694874744852097, 45.620860721416491 ], [ 4.695089358345008, 45.620827225196422 ], [ 4.695198370445071, 45.620803290777097 ], [ 4.695380295635582, 45.620796361387001 ], [ 4.695487962767486, 45.620766232211693 ], [ 4.695604904855767, 45.620724614498762 ], [ 4.695819999651886, 45.62063139407384 ], [ 4.695904081385965, 45.620572978135556 ], [ 4.695988689658772, 45.620481453949225 ], [ 4.696112979089735, 45.620365418264257 ], [ 4.696172807703627, 45.620319797213661 ], [ 4.69620735283551, 45.620303604462634 ], [ 4.696281785259499, 45.620294781420164 ], [ 4.696329226297418, 45.620272179462425 ], [ 4.696387262852182, 45.620218344026689 ], [ 4.69644414018048, 45.620176955519817 ], [ 4.696555217808958, 45.620057065442424 ], [ 4.69663929955161, 45.619923261424852 ], [ 4.696719700588727, 45.619845310412458 ], [ 4.69684454198219, 45.61970967561335 ], [ 4.697030001013685, 45.619478824414443 ], [ 4.697206456601695, 45.619306067928932 ], [ 4.697249104514721, 45.619240169785058 ], [ 4.697280860001202, 45.619158088474038 ], [ 4.69729898680416, 45.619133901769843 ], [ 4.697437432156157, 45.619040213205984 ], [ 4.697533962550436, 45.618960937407685 ], [ 4.697811045690598, 45.618704518921064 ], [ 4.697940165168423, 45.618595568694644 ], [ 4.69812297164279, 45.618404070626681 ], [ 4.698213515584126, 45.618292865141363 ], [ 4.698345835254975, 45.618049708743669 ], [ 4.698358286945468, 45.61796602706147 ], [ 4.698356349151876, 45.617852569711658 ], [ 4.698370973506865, 45.617776961416425 ], [ 4.69842851257193, 45.61768192593653 ], [ 4.69846264072706, 45.617589405506848 ], [ 4.698519803454907, 45.617544904217162 ], [ 4.698578687889879, 45.617518886028037 ], [ 4.698625351913776, 45.617508724274899 ], [ 4.698664123977069, 45.617492331814184 ], [ 4.698733866781817, 45.617431157890735 ], [ 4.698771037182748, 45.617412763029343 ], [ 4.698947512473369, 45.617379159574263 ], [ 4.699060977150938, 45.617350020135632 ], [ 4.699160014998633, 45.617302454240708 ], [ 4.699266927125885, 45.61722288498612 ], [ 4.699382051231385, 45.617059562749027 ], [ 4.699406536516294, 45.617016770511974 ], [ 4.699468423226532, 45.61695058086466 ], [ 4.699491944352898, 45.616914017916109 ], [ 4.699499011612613, 45.616880810890841 ], [ 4.699499279745432, 45.616851894771308 ], [ 4.699483420928352, 45.616824438196119 ], [ 4.699424866180863, 45.616760743420755 ], [ 4.699340551456924, 45.616572737543066 ], [ 4.699339962633021, 45.616528432614984 ], [ 4.699371378999314, 45.616473106204516 ], [ 4.699471216039392, 45.616363785814471 ], [ 4.699646524784331, 45.616204417822949 ], [ 4.699720282049011, 45.616111028061638 ], [ 4.699743769509999, 45.616073384739124 ], [ 4.699763575198815, 45.615953384132297 ], [ 4.699774296454319, 45.615926336624611 ], [ 4.699804028942378, 45.615904000688928 ], [ 4.699893798486739, 45.615868193011252 ], [ 4.69992510346482, 45.615846914107202 ], [ 4.699988680977344, 45.615785697419412 ], [ 4.700020477477132, 45.615742794559409 ], [ 4.700049561877863, 45.615661698487379 ], [ 4.700100534669999, 45.615616344170355 ], [ 4.700166757546151, 45.615591159936706 ], [ 4.700281962892709, 45.61553105428235 ], [ 4.700373182764501, 45.615467257939976 ], [ 4.700435410582251, 45.615412276132275 ], [ 4.700516671324223, 45.615387810111848 ], [ 4.700569087560358, 45.615339326383172 ], [ 4.700735047011351, 45.615201714443963 ], [ 4.700782276761395, 45.615134799886995 ], [ 4.700796622018228, 45.615100401915903 ], [ 4.70083609251602, 45.614956325637912 ], [ 4.700840956052711, 45.614901535331818 ], [ 4.700785392346429, 45.614734577258567 ] ] ] } },
{ "type": "Feature", "properties": { "id_map": 69008148.0, "num_tronc": "8117", "nom": "le jonan", "me_sdage": "FRDR11709", "Date": "2026\/08\/12", "Longueur": 355.32, "ONDE_num": 4, "ONDE_com": null }, "geometry": { "type": "MultiLineString", "coordinates": [ [ [ 4.700785392346429, 45.614734577258567 ], [ 4.70074588586383, 45.614664245368672 ], [ 4.700705610055737, 45.614518672647755 ], [ 4.700704547623603, 45.614458973121273 ], [ 4.700724174366014, 45.61437085936992 ], [ 4.700747473874838, 45.614327139022883 ], [ 4.700823477144729, 45.614219258498288 ], [ 4.700849499510801, 45.614101190235083 ], [ 4.700866732514733, 45.614060533849546 ], [ 4.70089047534857, 45.614031262803891 ], [ 4.701052607263028, 45.613907083423705 ], [ 4.701156644338396, 45.613859575178815 ], [ 4.701222220103798, 45.613851017762229 ], [ 4.701343127560634, 45.613863915536726 ], [ 4.701534137702439, 45.613927902713868 ], [ 4.701623275959236, 45.61392182584278 ], [ 4.701667700267095, 45.613888999322725 ], [ 4.701690404007384, 45.613800838837783 ], [ 4.701742065246648, 45.613702783089607 ], [ 4.701762757773939, 45.613674503715778 ], [ 4.701947642441889, 45.613501476777053 ], [ 4.701964167928169, 45.613475422057476 ], [ 4.701970625365441, 45.613447493108723 ], [ 4.701962293933239, 45.613426948370169 ], [ 4.70185360867537, 45.613323077047419 ], [ 4.701704718253007, 45.613213869270815 ], [ 4.701593321846023, 45.61314705698792 ], [ 4.701494672597105, 45.613043979258308 ], [ 4.701489391062045, 45.613022442637373 ], [ 4.701497065396729, 45.612996521861568 ], [ 4.701600505641783, 45.612904573268764 ], [ 4.701752408042635, 45.612785951677246 ], [ 4.7019339336771, 45.612666611499961 ], [ 4.702024436285222, 45.612617280626523 ], [ 4.702162318065204, 45.612506031056128 ], [ 4.702204148836678, 45.612451491939595 ] ] ] } },
{ "type": "Feature", "properties": { "id_map": 69008148.0, "num_tronc": "8117", "nom": "le jonan", "me_sdage": "FRDR11709", "Date": "2026\/08\/12", "Longueur": 1085.936, "ONDE_num": 2, "ONDE_com": null }, "geometry": { "type": "MultiLineString", "coordinates": [ [ [ 4.681381116970942, 45.627836276425569 ], [ 4.681514505851104, 45.627790104674496 ], [ 4.681592279032239, 45.627751383928832 ], [ 4.68197230511498, 45.62753305262347 ], [ 4.682149564328118, 45.627409756255297 ], [ 4.682329956145442, 45.62730086874425 ], [ 4.682431697780361, 45.627201803483125 ], [ 4.682573606462662, 45.627081196607371 ], [ 4.682623435659755, 45.627010063027257 ], [ 4.682793151652784, 45.626714622534358 ], [ 4.682920917467308, 45.626508841832091 ], [ 4.683114266958929, 45.626218181250451 ], [ 4.683163657957519, 45.626170696932604 ], [ 4.683342003391435, 45.626045355809033 ], [ 4.683430971862832, 45.625994982534536 ], [ 4.683550697447274, 45.625942933080914 ], [ 4.684102677997499, 45.625757148094465 ], [ 4.684236470181626, 45.625724477249108 ], [ 4.684407424500959, 45.62569814018142 ], [ 4.684709356046289, 45.625673219459884 ], [ 4.684976605328012, 45.625672865568575 ], [ 4.685396964333456, 45.625705209405183 ], [ 4.685661178138893, 45.625731649698096 ], [ 4.685785840718307, 45.625728025750121 ], [ 4.686053299687479, 45.625696592532663 ], [ 4.686286107980395, 45.625640143547301 ], [ 4.686405148112331, 45.625603638096614 ], [ 4.686659280572408, 45.625501339099436 ], [ 4.686861202309235, 45.625404415740924 ], [ 4.686916770335385, 45.625370212291728 ], [ 4.68693048448629, 45.625340013871913 ], [ 4.686967021779307, 45.625136136417957 ], [ 4.686957357655102, 45.625008474085732 ], [ 4.686967167384565, 45.62496387820137 ], [ 4.687001044469807, 45.624900277296483 ], [ 4.687093583863594, 45.624828231072073 ], [ 4.687191243819739, 45.624772590526149 ], [ 4.687292480621037, 45.62473324369244 ], [ 4.687369178832504, 45.62471007178052 ], [ 4.687865540368128, 45.62459549060658 ], [ 4.688082023399154, 45.624534283900175 ], [ 4.688226662292857, 45.624478613130591 ], [ 4.688461600316172, 45.624340660587805 ], [ 4.688595777808538, 45.6242450207777 ], [ 4.688631348666489, 45.624186527839953 ], [ 4.688671326548078, 45.624057850385292 ], [ 4.688779835243702, 45.623979213224835 ], [ 4.688902412549806, 45.623919954695481 ], [ 4.688999918959781, 45.623897279929004 ], [ 4.689228108342169, 45.623879128146235 ], [ 4.689433519931063, 45.623871720824624 ], [ 4.689817682350334, 45.623816099082589 ], [ 4.689905905513714, 45.623817341044671 ], [ 4.689934998179787, 45.623811635085417 ], [ 4.690048564357237, 45.623747376716075 ], [ 4.690106432345289, 45.623725566560488 ], [ 4.690436890194944, 45.623651564746964 ], [ 4.690468454572046, 45.623638525957588 ], [ 4.690520140647038, 45.623603433277346 ], [ 4.690577863241305, 45.623551632218643 ], [ 4.690597191995331, 45.623516215050742 ], [ 4.690616000620786, 45.62343851849149 ], [ 4.690638704464277, 45.623387513771824 ], [ 4.69074160010783, 45.623251270070085 ], [ 4.691196656712749, 45.622831286516835 ], [ 4.69130149441409, 45.622771346222351 ], [ 4.691462910156498, 45.622697855620473 ], [ 4.69158857207833, 45.622613688779609 ], [ 4.691669715415618, 45.622547079005862 ] ] ] } },
{ "type": "Feature", "properties": { "id_map": 69001507.0, "num_tronc": "1427", "nom": "le mornantet", "me_sdage": "FRDR479b", "Date": "2026\/08\/12", "Longueur": 4164.54, "ONDE_num": 3, "ONDE_com": null }, "geometry": { "type": "MultiLineString", "coordinates": [ [ [ 4.714130067812945, 45.602936909409237 ], [ 4.714070502632661, 45.602778395066856 ], [ 4.714058907946602, 45.602714667819818 ], [ 4.714062704297271, 45.602638276500564 ], [ 4.714100191636851, 45.602580826638636 ], [ 4.714196665354303, 45.602501401635699 ], [ 4.714482039259773, 45.602306556022441 ], [ 4.714588096750812, 45.602250762794746 ], [ 4.714781637171725, 45.60217337019975 ], [ 4.714872846977869, 45.602135366519533 ], [ 4.715043829069207, 45.602013192835045 ], [ 4.715129589396029, 45.601960815961469 ], [ 4.715294856865229, 45.601877909042955 ], [ 4.715379043863912, 45.601849334186142 ], [ 4.71567805102113, 45.601771817573592 ], [ 4.715925767741229, 45.601691299775162 ], [ 4.716160243156307, 45.601605849529918 ], [ 4.716809979024404, 45.601306406705504 ], [ 4.716874608914298, 45.601280290888596 ], [ 4.716976906550634, 45.601227525020285 ], [ 4.717205385540276, 45.601147433125938 ], [ 4.717253567188159, 45.60113710512698 ], [ 4.717298767047673, 45.601129930017642 ], [ 4.717459116723703, 45.601136938809773 ], [ 4.717728777177384, 45.601118769941856 ], [ 4.718097586922342, 45.601120162036914 ], [ 4.71813089703879, 45.601114384149646 ], [ 4.718252171586713, 45.601065380311113 ], [ 4.718406941124893, 45.601041399168409 ], [ 4.718535559032336, 45.600993363650474 ], [ 4.718738353415876, 45.600929197966153 ], [ 4.718913065954802, 45.600890455265954 ], [ 4.719480634088543, 45.60079693447787 ], [ 4.719681498320686, 45.600794674051905 ], [ 4.719726150946436, 45.600807096356696 ], [ 4.71977897444587, 45.600871949029788 ], [ 4.719803782546383, 45.600939526832924 ], [ 4.719834194106571, 45.601063627385095 ], [ 4.719888042142655, 45.601186288719951 ], [ 4.719911723831385, 45.601291982966963 ], [ 4.720033428005428, 45.601492507119026 ], [ 4.720126125421279, 45.601626598457422 ], [ 4.720169175331791, 45.601674172070261 ], [ 4.720239087829544, 45.601731467591129 ], [ 4.720328041252385, 45.601782121957598 ], [ 4.720468192582341, 45.601832803727298 ], [ 4.720550255249075, 45.601897073701117 ], [ 4.720631837228634, 45.601908660524515 ], [ 4.720833190835623, 45.601909633105393 ], [ 4.720900062009985, 45.601893748547013 ], [ 4.720953215057598, 45.601869967627913 ], [ 4.721022587557365, 45.601810676426844 ], [ 4.721148998822211, 45.601642024046257 ], [ 4.721302528581073, 45.601454177070032 ], [ 4.721521900961776, 45.601229789801486 ], [ 4.721608458834613, 45.601153752519018 ], [ 4.721917361388483, 45.600998653219065 ], [ 4.722023180676616, 45.600960284866872 ], [ 4.722163686305832, 45.600886123217393 ], [ 4.722253606119523, 45.600819220996343 ], [ 4.722409180690134, 45.600722130848091 ], [ 4.722594535558562, 45.600592429669064 ], [ 4.722753277914448, 45.600522986783311 ], [ 4.722915422085854, 45.600402017017103 ], [ 4.723054707892302, 45.600325846348603 ], [ 4.723145520041564, 45.600287706822932 ], [ 4.723319397107708, 45.600197495460193 ], [ 4.723470991064453, 45.600133430112969 ], [ 4.723669993801449, 45.600083769617399 ], [ 4.723757953133229, 45.600077692908428 ], [ 4.723824439887935, 45.600086671559843 ], [ 4.723950577998527, 45.600120000251124 ], [ 4.724019950540255, 45.60015987332757 ], [ 4.724118905829729, 45.600371144930385 ], [ 4.724198149319943, 45.600505574367126 ], [ 4.724220332433868, 45.600575218072919 ], [ 4.724255465384485, 45.600776524583452 ], [ 4.724316151111014, 45.601093898845654 ], [ 4.72429410111533, 45.601572909801853 ], [ 4.724313207247524, 45.601877681371015 ], [ 4.724340105979095, 45.601987513725909 ], [ 4.724362063556313, 45.602025141270694 ], [ 4.724409314312704, 45.60205913853305 ], [ 4.724569311738118, 45.602091812379534 ], [ 4.724635096429583, 45.602115257470885 ], [ 4.724718698148056, 45.60211748821164 ], [ 4.72481926322624, 45.602095815574458 ], [ 4.724996280143197, 45.602007444951767 ], [ 4.725026640658916, 45.601968744911353 ], [ 4.725120114559823, 45.601855310121273 ], [ 4.725167911278428, 45.60177081259296 ], [ 4.725200829170295, 45.601616424355939 ], [ 4.725251184885637, 45.601453392183736 ], [ 4.725290936900495, 45.601382528386949 ], [ 4.725327060219532, 45.60126929762211 ], [ 4.725426433926135, 45.601159960273989 ], [ 4.725564210796938, 45.601047736880339 ], [ 4.725628993951452, 45.601014318005326 ], [ 4.725689551088822, 45.600993528595225 ], [ 4.725755585104114, 45.600987921854156 ], [ 4.72593071153937, 45.60099969068829 ], [ 4.72612462130195, 45.6009965797573 ], [ 4.726234222322946, 45.600980846815965 ], [ 4.72636485185379, 45.600948173211322 ], [ 4.726547218539892, 45.600920514711049 ], [ 4.72667685337551, 45.600892989958005 ], [ 4.726737857848544, 45.60087421966702 ], [ 4.726888198140196, 45.60078233751576 ], [ 4.727090972309187, 45.600581972158274 ], [ 4.727197138035414, 45.600456046202019 ], [ 4.727283105388887, 45.600336645125395 ], [ 4.727379906623844, 45.60023139860273 ], [ 4.727444720615976, 45.600174334989788 ], [ 4.727580795393371, 45.600094154815153 ], [ 4.72764327030049, 45.600073199766641 ], [ 4.727728024938403, 45.600063116055303 ], [ 4.727913503258058, 45.600073641906967 ], [ 4.728019193442276, 45.600105388766892 ], [ 4.728169698190658, 45.60011766747774 ], [ 4.728530423388895, 45.600106855031306 ], [ 4.729024241386939, 45.600043736734051 ], [ 4.729317294622144, 45.600023018655492 ], [ 4.729566464664356, 45.600014593608933 ], [ 4.729678819183643, 45.600000841484551 ], [ 4.730012417794163, 45.599934913693076 ], [ 4.730418206845814, 45.599875710249798 ], [ 4.730566045647789, 45.599864248456718 ], [ 4.730815890524501, 45.599865132425435 ], [ 4.730930779693146, 45.599870930124645 ], [ 4.731158282510593, 45.599895935501486 ], [ 4.731294309700721, 45.599986928348997 ], [ 4.731365897101217, 45.600048244428407 ], [ 4.731398706636226, 45.600162037406882 ], [ 4.73139603549495, 45.60033528197259 ], [ 4.731406028035731, 45.600494956286234 ], [ 4.731462750455804, 45.600622567059887 ], [ 4.731530590042067, 45.600662459198801 ], [ 4.731621827581219, 45.600699694289425 ], [ 4.731787434698269, 45.600751726493549 ], [ 4.731866652533776, 45.600786174175916 ], [ 4.732066784021839, 45.600797413321345 ], [ 4.732153392283512, 45.600760412012129 ], [ 4.732271157805436, 45.600698071592937 ], [ 4.73238469506951, 45.600635931279243 ], [ 4.732425594018875, 45.600602065684271 ], [ 4.732618806843459, 45.600453582211209 ], [ 4.732795930096791, 45.600332232007986 ], [ 4.732957345154444, 45.600225579697167 ], [ 4.733133540302113, 45.600123833345478 ], [ 4.733218548702856, 45.600084964386951 ], [ 4.733366256553075, 45.600069312702047 ], [ 4.733459608888914, 45.600088004439769 ], [ 4.73354398862875, 45.60013979981845 ], [ 4.733630710442147, 45.600204934348405 ], [ 4.733860382587766, 45.600323798270345 ], [ 4.733976950119356, 45.600395497848517 ], [ 4.734208323354833, 45.600519468819343 ], [ 4.734304339993193, 45.600561762026935 ], [ 4.734660900758589, 45.6007252786058 ], [ 4.734866017006852, 45.600809662386652 ], [ 4.735141018524661, 45.600925392685809 ], [ 4.735340783625889, 45.601023233500804 ], [ 4.735556476328519, 45.601113397458221 ], [ 4.735659196374701, 45.601148425576085 ], [ 4.735741622068047, 45.601186874200906 ], [ 4.735897463797587, 45.601258776369477 ], [ 4.735970587937428, 45.601282912235554 ], [ 4.736058970844838, 45.60129032980592 ], [ 4.736139312297353, 45.601311381866196 ], [ 4.736194006859117, 45.601349312501377 ], [ 4.736282745287362, 45.60136807317032 ], [ 4.736372979664347, 45.601348576160184 ], [ 4.736447882026353, 45.601282029285933 ], [ 4.736578151570479, 45.601102896236348 ], [ 4.736647111862742, 45.600994153323626 ], [ 4.736639110241808, 45.600910782419504 ], [ 4.73667264311809, 45.600777051800719 ], [ 4.736762525468984, 45.600611241942303 ], [ 4.736853571859933, 45.600507156695265 ], [ 4.73697759973456, 45.600386889909778 ], [ 4.737173726519986, 45.600270373134265 ], [ 4.737294281099611, 45.60023581576533 ], [ 4.737422657898556, 45.600217485049832 ], [ 4.737550307994306, 45.600212810950012 ], [ 4.737658244124431, 45.600230057981967 ], [ 4.737724159167746, 45.60025754658146 ], [ 4.737910990280399, 45.600298838875013 ], [ 4.738036654555328, 45.600316757336145 ], [ 4.738193979584337, 45.600288656185377 ], [ 4.738271962580339, 45.600259079028696 ], [ 4.738389237272067, 45.600181337774671 ], [ 4.738571182698482, 45.600042340171278 ], [ 4.738626330979729, 45.599959749522505 ], [ 4.738685459400775, 45.599905874543296 ], [ 4.738769339008713, 45.599867964506508 ], [ 4.738887656958376, 45.599860325750029 ], [ 4.738972804976783, 45.599887381149735 ], [ 4.739033788147681, 45.599941695906644 ], [ 4.739105819504042, 45.59994328419176 ], [ 4.739172424567916, 45.599919151404819 ], [ 4.739265090242306, 45.599891373061276 ], [ 4.739314966695085, 45.5998861432914 ], [ 4.739389364829146, 45.599877291754041 ], [ 4.739414552391477, 45.599845828201239 ], [ 4.739548410465726, 45.599818223164291 ], [ 4.739639610870138, 45.599817352945024 ], [ 4.739766027288642, 45.599785674516191 ], [ 4.739873083629051, 45.599750377416385 ], [ 4.739993864338035, 45.599723109252331 ], [ 4.740079552119162, 45.599730565328692 ], [ 4.740393796481004, 45.599735160278243 ], [ 4.740497661583512, 45.599757601549662 ], [ 4.740559833057047, 45.599800683442204 ], [ 4.740535428897553, 45.599881583359185 ], [ 4.74038512218249, 45.600108588035162 ], [ 4.740367446778226, 45.600170874482082 ], [ 4.740399109829168, 45.600259823648862 ], [ 4.740464596516565, 45.600347168556723 ], [ 4.74054181115822, 45.600427982024129 ], [ 4.740870077275713, 45.600780793091083 ], [ 4.740909595076268, 45.600850165515638 ], [ 4.740909707503678, 45.600915013915163 ], [ 4.740934401795679, 45.600941382356439 ], [ 4.740988340847379, 45.6010041816198 ], [ 4.741150043112678, 45.601139890303479 ], [ 4.741946988799107, 45.601499087413508 ], [ 4.742222061688488, 45.601567513004753 ], [ 4.742573635417177, 45.601681633971737 ], [ 4.742683403737338, 45.601708034974436 ], [ 4.742906404282426, 45.601736329063051 ], [ 4.743010782838428, 45.601738224244258 ], [ 4.743077368143612, 45.601750162369264 ], [ 4.743175793871478, 45.601783088597152 ], [ 4.743299439937557, 45.601785630619936 ], [ 4.743423654023379, 45.601769519272217 ], [ 4.743553228567263, 45.601776967987568 ], [ 4.743718342128928, 45.601825072473822 ], [ 4.744060650490502, 45.601925957160425 ], [ 4.744147895723172, 45.601970539813372 ], [ 4.744210327524367, 45.602021722019209 ], [ 4.744264227027871, 45.602046420908351 ], [ 4.744388715345348, 45.602075699393687 ], [ 4.744986803801232, 45.60207209616884 ], [ 4.745417266465409, 45.602075144346038 ], [ 4.745656239318561, 45.602036038147318 ], [ 4.74577466638509, 45.601982860239289 ], [ 4.74586280161622, 45.601921235508279 ], [ 4.745934734210127, 45.601748535984541 ], [ 4.745958705873791, 45.601654131019487 ], [ 4.745969544229181, 45.601338358289709 ], [ 4.74595680490029, 45.601141708570815 ], [ 4.745961502671651, 45.60094870620253 ], [ 4.745984631787861, 45.600742042350163 ], [ 4.746022831845637, 45.600634986862119 ], [ 4.74607600517713, 45.600538912588299 ], [ 4.746154699013484, 45.600360973965046 ], [ 4.746227785519937, 45.600286072086803 ], [ 4.746341761597655, 45.600238366818161 ], [ 4.746453623027305, 45.600209068501741 ], [ 4.746565909912388, 45.600193273931488 ], [ 4.746667933825626, 45.600169397250639 ], [ 4.746691369037483, 45.600167952455919 ], [ 4.746874242299001, 45.600156735709824 ], [ 4.746945022030364, 45.600155231015734 ], [ 4.747157792241614, 45.600188809491151 ], [ 4.747211477915459, 45.600243368413857 ], [ 4.74721508485363, 45.600284519309518 ], [ 4.747211077330936, 45.600364968856297 ], [ 4.747280262319605, 45.600532639804868 ], [ 4.747413410343413, 45.600726743215581 ], [ 4.747481782480283, 45.600941848443945 ], [ 4.747488534250214, 45.60099727157445 ], [ 4.747493687428688, 45.601050828077021 ], [ 4.747519382831963, 45.601096634646304 ], [ 4.747694307103155, 45.601370340866438 ], [ 4.747917486100024, 45.601672749766244 ], [ 4.748223154057796, 45.601978604792244 ], [ 4.748395409836332, 45.602082119525896 ], [ 4.74862797363764, 45.602193748425712 ], [ 4.748753595061035, 45.602246647840744 ], [ 4.74885315981743, 45.602303329899726 ], [ 4.748937961527598, 45.602331329014824 ], [ 4.749090097701119, 45.602382734922884 ], [ 4.749221963646617, 45.602413919952696 ], [ 4.749361702999109, 45.602414043372022 ], [ 4.749380936599402, 45.602413609113988 ], [ 4.749428890580869, 45.602408404780405 ], [ 4.749482646837991, 45.602391896475282 ], [ 4.749532328472258, 45.602380450403089 ], [ 4.749592047872296, 45.60236992900353 ], [ 4.749668114629737, 45.602365097879769 ], [ 4.74977505998717, 45.602362893732163 ], [ 4.749870006387856, 45.602346419949306 ], [ 4.749949721224342, 45.602323022516607 ], [ 4.750022257815904, 45.60230392496608 ], [ 4.750089023013164, 45.602284917171609 ], [ 4.750148153686317, 45.60225576016834 ], [ 4.75020667350889, 45.602219452082736 ], [ 4.750261466946363, 45.602162666020455 ], [ 4.750299564717799, 45.60212572994989 ], [ 4.750332023331776, 45.60209306987398 ], [ 4.750375824085786, 45.602053883347281 ], [ 4.750398630515401, 45.60200813319134 ], [ 4.750460631503351, 45.601947992339959 ] ] ] } },
{ "type": "Feature", "properties": { "id_map": 69001035.0, "num_tronc": "997", "nom": "le broulon", "me_sdage": null, "Date": "2026\/08\/12", "Longueur": 129.334, "ONDE_num": 4, "ONDE_com": null }, "geometry": { "type": "MultiLineString", "coordinates": [ [ [ 4.757836575400131, 45.608866799639095 ], [ 4.757850793122768, 45.608890220866925 ], [ 4.75787625502372, 45.608904009010757 ], [ 4.75791512072856, 45.608915561099138 ], [ 4.757943212006166, 45.6089272815586 ], [ 4.758056020429073, 45.608951728933789 ], [ 4.75832979953703, 45.608965418678231 ], [ 4.758441034717576, 45.608988809421618 ], [ 4.758985263709967, 45.609129591749259 ], [ 4.759135661437226, 45.609173851149059 ], [ 4.759241845596011, 45.609220017788431 ], [ 4.759340250258865, 45.609287922848573 ] ] ] } },
{ "type": "Feature", "properties": { "id_map": 69011780.0, "num_tronc": "12851", "nom": "rmin20876", "me_sdage": null, "Date": "2026\/08\/12", "Longueur": 2094.087, "ONDE_num": 4, "ONDE_com": null }, "geometry": { "type": "MultiLineString", "coordinates": [ [ [ 4.711949453910248, 45.619850089296982 ], [ 4.712450197448254, 45.619494036530234 ], [ 4.712649911291883, 45.619190796281323 ], [ 4.713072361142034, 45.61903021147139 ], [ 4.713272069909072, 45.618726970131689 ], [ 4.713693008343315, 45.618567486762998 ], [ 4.713893096917215, 45.618264238472136 ], [ 4.71431515123057, 45.618103654873693 ], [ 4.714513724506374, 45.617801374230766 ], [ 4.714935773495641, 45.617640788311562 ], [ 4.715135851922136, 45.617337537837763 ], [ 4.715556360303558, 45.617177108107207 ], [ 4.715977343126984, 45.617019641816206 ], [ 4.716618787044489, 45.617005938238542 ], [ 4.717259080244532, 45.616992383667842 ], [ 4.71789898408236, 45.616978696290495 ], [ 4.718332628174837, 45.617117985938009 ], [ 4.718767910255829, 45.617260356313651 ], [ 4.719200048611103, 45.617400611419775 ], [ 4.71962099343802, 45.617242186214568 ], [ 4.72004148391735, 45.617081604684337 ], [ 4.720462457462478, 45.616924256654386 ], [ 4.720883006007056, 45.616765697580917 ], [ 4.721303878267615, 45.616605240493335 ], [ 4.721724421983392, 45.616446678279942 ], [ 4.722525257804348, 45.615293331378687 ], [ 4.722557706920792, 45.615296752548296 ], [ 4.722577264282885, 45.615306585888 ], [ 4.722620581671528, 45.615387120093509 ], [ 4.722650370557399, 45.615428816393703 ], [ 4.722681087310315, 45.615463202864426 ], [ 4.722699779914529, 45.615482371599875 ], [ 4.72272164935142, 45.615517028642039 ], [ 4.722763332287473, 45.61553260281763 ], [ 4.722788372809158, 45.615533029982522 ], [ 4.722832529918786, 45.615529111272032 ], [ 4.722866037165125, 45.615529408759507 ], [ 4.72292288892401, 45.615549884526523 ], [ 4.722959021737914, 45.615572704140931 ], [ 4.723040758741683, 45.615588610502193 ], [ 4.723082634646196, 45.615573242793914 ], [ 4.723132560338485, 45.615569100508615 ], [ 4.72320290834627, 45.615565456011574 ], [ 4.72325199976007, 45.615546870324977 ], [ 4.723324470452296, 45.615524819093551 ], [ 4.723372022385513, 45.615506256935902 ], [ 4.723425824311448, 45.615490571300086 ], [ 4.723482005741423, 45.615501869984158 ], [ 4.723545397590655, 45.615534539710517 ], [ 4.723577683769325, 45.615569847630056 ], [ 4.723624661566664, 45.615607092114892 ], [ 4.723662145064088, 45.615623811134419 ], [ 4.723732685496191, 45.615651102176649 ], [ 4.72378748739735, 45.615667555801416 ], [ 4.723871272583671, 45.615699777767865 ], [ 4.723897403925168, 45.615722885447155 ], [ 4.723909461316511, 45.615763907410894 ], [ 4.723897309100807, 45.615794086717244 ], [ 4.723880218505443, 45.615838797824281 ], [ 4.723882718399193, 45.615857268768139 ], [ 4.723908628833644, 45.615885648888124 ], [ 4.723960766456529, 45.615903088987416 ], [ 4.724014313265615, 45.615916319243375 ], [ 4.724053881764156, 45.615913416102778 ], [ 4.724098966729924, 45.615902187061749 ], [ 4.724134524545183, 45.615906505870512 ], [ 4.724165564978414, 45.61591413639735 ], [ 4.72419403751675, 45.615925859392362 ], [ 4.724230049226282, 45.615944762450347 ], [ 4.724358663681164, 45.615957517526155 ], [ 4.724429398777684, 45.61596629590705 ], [ 4.724478071119732, 45.615971359314791 ], [ 4.724729494307649, 45.615971152889664 ], [ 4.724848330120644, 45.615966628899159 ], [ 4.724971012509898, 45.615949616230104 ], [ 4.72510584393122, 45.615939442543159 ], [ 4.72553295166464, 45.615930325423406 ], [ 4.725852422628274, 45.616050396228403 ], [ 4.725965195817913, 45.616110814031856 ], [ 4.726317920066952, 45.616247666707189 ], [ 4.726545911925935, 45.616348063049308 ], [ 4.726646631119099, 45.616367593527315 ], [ 4.727089871033095, 45.616394160653073 ], [ 4.72809531290956, 45.616397365333555 ], [ 4.729011808043914, 45.616388147436417 ], [ 4.729829476087946, 45.6163707141747 ], [ 4.730418419957948, 45.616365304831923 ], [ 4.730553895585519, 45.616338767090504 ], [ 4.730674358485102, 45.616300030540543 ], [ 4.730782155707113, 45.616250275059983 ], [ 4.730898255957706, 45.616182828169826 ], [ 4.731505322716238, 45.615747097271282 ], [ 4.731591410281752, 45.615692676264423 ], [ 4.731832068681806, 45.61555751532596 ], [ 4.731947720829913, 45.615512771738523 ], [ 4.732168095468605, 45.615443177715363 ], [ 4.732325335530044, 45.615410898511854 ], [ 4.734067375312553, 45.615329342966419 ] ] ] } },
{ "type": "Feature", "properties": { "id_map": 69005593.0, "num_tronc": "5526", "nom": null, "me_sdage": null, "Date": "2026\/08\/12", "Longueur": 1575.652, "ONDE_num": 4, "ONDE_com": null }, "geometry": { "type": "MultiLineString", "coordinates": [ [ [ 4.708106777435374, 45.632285061260895 ], [ 4.708184729909023, 45.6322525339843 ], [ 4.708445354117682, 45.631037373435291 ], [ 4.708572522229527, 45.630365463774737 ], [ 4.708583278762018, 45.630314636593219 ], [ 4.708602361240031, 45.630209101126454 ], [ 4.708632064616455, 45.62997343469808 ], [ 4.708666430288941, 45.629789036848997 ], [ 4.708650991329265, 45.629600666612021 ], [ 4.708592162167792, 45.629291632155443 ], [ 4.708590990984087, 45.629228691651413 ], [ 4.70858768019714, 45.629146328713752 ], [ 4.708613492669651, 45.628934364516972 ], [ 4.70865632775639, 45.628862244288896 ], [ 4.708734258589722, 45.628766758605828 ], [ 4.708950447386359, 45.628696193948777 ], [ 4.709526277499362, 45.628586119597848 ], [ 4.710117275111871, 45.628455951521836 ], [ 4.710363508746266, 45.62841059719581 ], [ 4.71067438221643, 45.628288466493444 ], [ 4.711234029589539, 45.628078652568426 ], [ 4.711229075064234, 45.627993072166902 ], [ 4.711313516833557, 45.627597420282456 ], [ 4.711657331552892, 45.625999048049216 ], [ 4.71172755367155, 45.625916106982324 ], [ 4.711948712367927, 45.625770072887534 ], [ 4.712106554267782, 45.625681204924291 ], [ 4.712169805442143, 45.625198327568754 ], [ 4.712177990289688, 45.625014597093703 ], [ 4.712188892697524, 45.624856494970253 ], [ 4.712209022763618, 45.62461070523441 ], [ 4.712177324275362, 45.624519587284567 ], [ 4.712097456425377, 45.624439875482523 ], [ 4.712087550713962, 45.624418409618713 ], [ 4.712052098436973, 45.624342885681841 ], [ 4.712029742268007, 45.624205149880353 ], [ 4.712027787485727, 45.624054674120892 ], [ 4.711995910821655, 45.623895466590895 ], [ 4.71197011193704, 45.623808311945517 ], [ 4.711944029358584, 45.623711974562703 ], [ 4.711889542718555, 45.623568783049386 ], [ 4.711876178237741, 45.623535075361936 ], [ 4.711805539247597, 45.623330252085502 ], [ 4.711636306775385, 45.622776064477016 ], [ 4.711524430246559, 45.622432981842707 ], [ 4.711465471342954, 45.622219739419144 ], [ 4.711391727166721, 45.622014017465084 ], [ 4.711174970939144, 45.621479331617792 ], [ 4.711124374263915, 45.621299872897602 ], [ 4.711067163744357, 45.621030941053263 ], [ 4.71105627473414, 45.620977605623658 ], [ 4.711056359227703, 45.620880599949594 ], [ 4.711227057215353, 45.620609958304897 ], [ 4.71128284574297, 45.620508727795581 ], [ 4.711519200565286, 45.620157240783684 ], [ 4.711841053950964, 45.619918479857702 ], [ 4.711949453910248, 45.619850089296982 ] ] ] } },
{ "type": "Feature", "properties": { "id_map": 69013533.0, "num_tronc": "15109", "nom": "AJO", "me_sdage": null, "Date": "2026\/08\/12", "Longueur": 1851.881, "ONDE_num": 4, "ONDE_com": null }, "geometry": { "type": "MultiLineString", "coordinates": [ [ [ 4.690333713231025, 45.635970045827541 ], [ 4.690835449186258, 45.635712973526601 ], [ 4.691244609737611, 45.635514708967087 ], [ 4.691382528358752, 45.635477779681544 ], [ 4.691753370197858, 45.63541221991651 ], [ 4.692257534259571, 45.63555014605889 ], [ 4.692432268087122, 45.635583591018396 ], [ 4.692565803122071, 45.635579691353279 ], [ 4.692668295151444, 45.635568287350011 ], [ 4.692781524531742, 45.635567935306739 ], [ 4.692979425509259, 45.635590628012828 ], [ 4.693108915486845, 45.635593003297423 ], [ 4.693358012609943, 45.635614654911983 ], [ 4.693456678379669, 45.635616682972135 ], [ 4.693526455066491, 45.63559347607633 ], [ 4.693615714537656, 45.635552412535901 ], [ 4.693701708100892, 45.635505318431903 ], [ 4.693966723951878, 45.635266655548605 ], [ 4.694145136262108, 45.635080364742571 ], [ 4.69424439919575, 45.634988621514104 ], [ 4.694351571467332, 45.634916213970349 ], [ 4.694788068970714, 45.634781158285698 ], [ 4.69512936141148, 45.634719409845964 ], [ 4.695269576532145, 45.634694735531141 ], [ 4.695389386655047, 45.634682933037503 ], [ 4.695632420506579, 45.6346953487893 ], [ 4.695732438619839, 45.634691274810642 ], [ 4.695861541625923, 45.634693652729275 ], [ 4.695891714898618, 45.634710491254992 ], [ 4.695974895251673, 45.634760306772236 ], [ 4.696750107698351, 45.634504760261215 ], [ 4.698194781778507, 45.634665629310845 ], [ 4.699726936789791, 45.63475247311672 ], [ 4.701385477552407, 45.635145986658998 ], [ 4.701834521842977, 45.635252523953518 ], [ 4.703005807391204, 45.635414898648619 ], [ 4.703931740549991, 45.635514505360106 ], [ 4.704595297316685, 45.635711705635515 ] ], [ [ 4.701377403174038, 45.635154730407379 ], [ 4.701385477552407, 45.635145986658998 ], [ 4.701861997454053, 45.634629957116772 ], [ 4.702018196912975, 45.634498841318084 ], [ 4.702089838619889, 45.634461279869363 ], [ 4.702165700415065, 45.634448243371544 ], [ 4.702250720957074, 45.634407372081057 ], [ 4.70235323787695, 45.634396904544992 ], [ 4.70246437178393, 45.634416164423143 ], [ 4.702579787198741, 45.634399286794441 ], [ 4.70289801294664, 45.634314220496805 ], [ 4.703047522496355, 45.634303851857148 ], [ 4.703209344374471, 45.634305591095298 ], [ 4.703386630805261, 45.634296693061316 ], [ 4.703584195399475, 45.63427087005234 ], [ 4.704060268705043, 45.634171116436463 ], [ 4.704378058414285, 45.634034442958409 ], [ 4.704581862488292, 45.633961102342006 ], [ 4.704899666969022, 45.633862526330667 ], [ 4.705002389524326, 45.633821249636128 ], [ 4.705073516999349, 45.633767076301439 ], [ 4.705449178565457, 45.633308516838966 ], [ 4.705616423894673, 45.633098733313375 ], [ 4.705667639896349, 45.633023379898283 ], [ 4.705757889639822, 45.632964863171303 ], [ 4.706355547535265, 45.632849070768941 ], [ 4.706934432900874, 45.632749096813797 ], [ 4.70708696518681, 45.632699496839528 ], [ 4.708106777435374, 45.632285061260895 ] ] ] } },
{ "type": "Feature", "properties": { "id_map": 69001876.0, "num_tronc": "1805", "nom": "le mornantet", "me_sdage": "FRDR479c", "Date": "2026\/08\/12", "Longueur": 151.096, "ONDE_num": 4, "ONDE_com": null }, "geometry": { "type": "MultiLineString", "coordinates": [ [ [ 4.770856668687689, 45.603169587384834 ], [ 4.77111722494677, 45.603083475618192 ], [ 4.771162947885155, 45.603056680226182 ], [ 4.771267926803875, 45.60296882964176 ], [ 4.771390083168232, 45.602840311834314 ], [ 4.771505759103325, 45.602701763033345 ], [ 4.771635424901868, 45.602543268318705 ], [ 4.77170724029452, 45.602441618479162 ], [ 4.771767681169116, 45.602345416893257 ], [ 4.771815143826672, 45.602252662259147 ], [ 4.771876344297173, 45.60207187250532 ] ] ] } },
{ "type": "Feature", "properties": { "id_map": 69007834.0, "num_tronc": "7801", "nom": "le mornantet", "me_sdage": "FRDR479b", "Date": "2026\/08\/12", "Longueur": 1184.353, "ONDE_num": 4, "ONDE_com": null }, "geometry": { "type": "MultiLineString", "coordinates": [ [ [ 4.76182935825702, 45.610829292180021 ], [ 4.761857038683419, 45.610888575223548 ], [ 4.761982787958569, 45.611077644650713 ], [ 4.762129583716142, 45.611238417451965 ], [ 4.762287110563879, 45.611385511423499 ], [ 4.762456674038479, 45.611499450884466 ], [ 4.762521482832137, 45.611563961602904 ], [ 4.762593558252814, 45.611699558987731 ], [ 4.762644804206213, 45.611761309833653 ], [ 4.762713040730909, 45.611812526409793 ], [ 4.762834992807852, 45.611882086167874 ], [ 4.762907945055955, 45.611899992794044 ], [ 4.763101278303433, 45.611889667129979 ], [ 4.763239035389876, 45.61191142162648 ], [ 4.763371620333261, 45.611915828428025 ], [ 4.763491495597194, 45.611908004616197 ], [ 4.763575870677597, 45.611885605418102 ], [ 4.763639699979462, 45.61183461570262 ], [ 4.763693416599506, 45.611756222984994 ], [ 4.763682031978575, 45.611664664864826 ], [ 4.763625515649648, 45.611413173928263 ], [ 4.763615606009549, 45.61131956610074 ], [ 4.763596512097564, 45.611251907405006 ], [ 4.76356016023912, 45.61112588350062 ], [ 4.76356088864566, 45.610979417768554 ], [ 4.763582491570045, 45.610835597095864 ], [ 4.763679548230149, 45.610437540922725 ], [ 4.763824076277807, 45.61011575042199 ], [ 4.763861969084355, 45.609975727427319 ], [ 4.763900732837806, 45.609754222174814 ], [ 4.763943137362555, 45.609647094132896 ], [ 4.763994620084713, 45.609546984300955 ], [ 4.764058556046984, 45.609463162013618 ], [ 4.764147721136407, 45.609422042658657 ], [ 4.764351536188308, 45.609378449483181 ], [ 4.764537312048537, 45.609264073432477 ], [ 4.764628116474259, 45.609189827130962 ], [ 4.764753881055142, 45.609040724271665 ], [ 4.764837377905283, 45.608966727543766 ], [ 4.765125941934984, 45.60868307184888 ], [ 4.765517168999618, 45.608322955621617 ], [ 4.765606173221666, 45.608240630418351 ], [ 4.765821649778804, 45.608067825699194 ], [ 4.766082282748054, 45.60787445105845 ], [ 4.766137392613658, 45.607827920115248 ], [ 4.766300023806553, 45.607688234383154 ], [ 4.766535271340272, 45.607423246023387 ], [ 4.766861026125207, 45.60707496155122 ], [ 4.76723655547901, 45.606597543808746 ], [ 4.767567950669889, 45.606221201705743 ], [ 4.7677631920481, 45.606017907001771 ], [ 4.767874319616904, 45.605905238781482 ], [ 4.767903859621327, 45.605841680197067 ], [ 4.767925662251854, 45.605764867769082 ], [ 4.768043847862065, 45.605583860129386 ], [ 4.768204239142354, 45.605422589816406 ], [ 4.76849557912557, 45.605166713124575 ], [ 4.768740525121823, 45.605025324099998 ], [ 4.769008174630306, 45.604895736956514 ], [ 4.769630951764745, 45.604627483405721 ] ] ] } },
{ "type": "Feature", "properties": { "id_map": 69008031.0, "num_tronc": "8005", "nom": "le garon", "me_sdage": "FRDR479c", "Date": "2026\/08\/12", "Longueur": 1732.446, "ONDE_num": 4, "ONDE_com": null }, "geometry": { "type": "MultiLineString", "coordinates": [ [ [ 4.75769298752551, 45.640678125139601 ], [ 4.757800856542233, 45.640654148076557 ], [ 4.757937162892145, 45.640652289382899 ], [ 4.758223805220831, 45.640677940466119 ], [ 4.758375221804026, 45.640678817518371 ], [ 4.758542577764795, 45.64067214961883 ], [ 4.758670946903879, 45.6406508237338 ], [ 4.758797578578678, 45.640623309992186 ], [ 4.758900500795202, 45.640589141139607 ], [ 4.758996507656616, 45.640531301673668 ], [ 4.759191679197015, 45.640430164540966 ], [ 4.759251185807019, 45.640375327257765 ], [ 4.759271898642527, 45.64031190915248 ], [ 4.759276227242284, 45.640205648443462 ], [ 4.759283162021863, 45.639963160495157 ], [ 4.759271521589333, 45.639766493511189 ], [ 4.759247107070872, 45.639616367442272 ], [ 4.759234237748176, 45.639453766295844 ], [ 4.759247954117619, 45.638927585617196 ], [ 4.759198888590103, 45.638850261503229 ], [ 4.759165515096776, 45.638830382203231 ], [ 4.75902633529595, 45.638741631485757 ], [ 4.758779682014268, 45.638640644284287 ], [ 4.758488095996615, 45.638495368455935 ], [ 4.758339189210847, 45.638391366863523 ], [ 4.758182044360583, 45.638294789481066 ], [ 4.758009706402657, 45.638217093784 ], [ 4.757838061039255, 45.638124795611049 ], [ 4.757682783550699, 45.638038456416503 ], [ 4.757554196046348, 45.637955618276678 ], [ 4.757447095567734, 45.637857988171668 ], [ 4.757357864097377, 45.637765077857523 ], [ 4.757308907464185, 45.637654650424224 ], [ 4.757237939295192, 45.63757888346899 ], [ 4.757160061542409, 45.637479580882427 ], [ 4.757109634107751, 45.637371338027911 ], [ 4.757122303778694, 45.637260758991886 ], [ 4.75710897173259, 45.6371197818534 ], [ 4.757112926038872, 45.6369773188786 ], [ 4.757135956223236, 45.636865497241324 ], [ 4.757342521399101, 45.636577469449364 ], [ 4.757400641013063, 45.636466856196336 ], [ 4.757424169777865, 45.636334355559391 ], [ 4.757422355918554, 45.636252915243205 ], [ 4.757373719508674, 45.63618895917628 ], [ 4.757268960903699, 45.636140741031213 ], [ 4.757036457366952, 45.636072495070103 ], [ 4.75684384928615, 45.636035510749892 ], [ 4.756670491441062, 45.636010385121168 ], [ 4.756507549432546, 45.635973612693114 ], [ 4.756373186356528, 45.635927071738315 ], [ 4.756291194444444, 45.635867959164905 ], [ 4.756253128733314, 45.635772898519058 ], [ 4.756224527834356, 45.635624053283834 ], [ 4.756101640967453, 45.635234840542068 ], [ 4.756051967997748, 45.635040928656544 ], [ 4.756020595379122, 45.634865375760505 ], [ 4.75601812683147, 45.634702477083735 ], [ 4.756029701318348, 45.634533009327484 ], [ 4.756052505753978, 45.634414030887726 ], [ 4.756058519129803, 45.63438502448443 ], [ 4.75609985338868, 45.634255218663341 ], [ 4.756223966374709, 45.634002931428206 ], [ 4.756294618010576, 45.633874559480915 ], [ 4.756382072860156, 45.633790239829146 ], [ 4.756503089596285, 45.63373187693854 ], [ 4.756759547224896, 45.63364491900375 ], [ 4.756881986426759, 45.633655707499251 ], [ 4.756905564043813, 45.633658311730393 ], [ 4.757092957311754, 45.633676867777702 ], [ 4.757194898793945, 45.633685003655046 ], [ 4.757271772927815, 45.633667860828773 ], [ 4.75730231613216, 45.633622934176266 ], [ 4.757327845435327, 45.633565656104231 ], [ 4.757316130276462, 45.633499907558779 ], [ 4.757298255595703, 45.633434255197002 ], [ 4.757274862825919, 45.633364635835171 ], [ 4.75727640628673, 45.633267605985594 ], [ 4.75728438721973, 45.633252079333566 ], [ 4.757296653608161, 45.633225947532495 ], [ 4.757334540972106, 45.633181851924164 ], [ 4.757404603571768, 45.633144279328071 ], [ 4.757513184456889, 45.633106780662352 ], [ 4.757647760250689, 45.633087385341149 ], [ 4.75772881809845, 45.633092874570472 ], [ 4.757969160202244, 45.633044400385089 ], [ 4.758521823853307, 45.633006717869385 ], [ 4.758629386933447, 45.632985716892641 ], [ 4.758712157588735, 45.632960239475381 ], [ 4.758788181213857, 45.63291635798425 ], [ 4.758863099328975, 45.632849795985656 ], [ 4.758978939167569, 45.632677076871552 ], [ 4.75908914655703, 45.632472560762771 ], [ 4.759163436624958, 45.632325620561907 ], [ 4.759235530218008, 45.632158043494918 ], [ 4.759330331809488, 45.631941473362382 ], [ 4.759413914324879, 45.631832487471982 ], [ 4.759513034401758, 45.631751900956289 ], [ 4.759731543870256, 45.631634725316417 ], [ 4.759844758804052, 45.631573508394432 ], [ 4.759991657351234, 45.631469341397583 ], [ 4.76004466381722, 45.631404202108754 ], [ 4.760122922677235, 45.631248957712437 ], [ 4.760201711397884, 45.630928605948256 ], [ 4.760232780119708, 45.630670068309044 ], [ 4.760287025450245, 45.630195539616409 ], [ 4.760366197588187, 45.629923684633127 ], [ 4.760450339893617, 45.629699173889463 ], [ 4.76049232162678, 45.629553819024906 ], [ 4.760491757025536, 45.629475466625109 ] ], [ [ 4.756881986426759, 45.633655707499251 ], [ 4.756953062939309, 45.633601501392576 ], [ 4.757141326661858, 45.633404685606259 ], [ 4.757197271224545, 45.633310589276263 ], [ 4.75728438721973, 45.633252079333566 ] ] ] } },
{ "type": "Feature", "properties": { "id_map": 69002337.0, "num_tronc": "2279", "nom": "le merdanson", "me_sdage": "FRDR11456", "Date": "2026\/08\/13", "Longueur": 1589.748, "ONDE_num": 4, "ONDE_com": null }, "geometry": { "type": "MultiLineString", "coordinates": [ [ [ 4.750929065901183, 45.649268577956711 ], [ 4.750864739669866, 45.649208105519122 ], [ 4.750865275768216, 45.649188506891129 ], [ 4.750865551397065, 45.649160670882388 ], [ 4.750843073835044, 45.649119948439157 ], [ 4.750765609997253, 45.649094807702333 ], [ 4.750682925050124, 45.649087311820601 ], [ 4.75057478718032, 45.649066836270727 ], [ 4.750281499415052, 45.648917511834661 ], [ 4.750201035092264, 45.648858370807183 ], [ 4.750150629418802, 45.648787278427513 ], [ 4.750091300222996, 45.648641071050207 ], [ 4.75002383099355, 45.648578620444638 ], [ 4.749934318610498, 45.648513540163371 ], [ 4.74982227747627, 45.648369503154839 ], [ 4.749741980860104, 45.648315628325406 ], [ 4.749630509227623, 45.648226164866266 ], [ 4.749579907529761, 45.648209792982939 ], [ 4.749512774304014, 45.648182329162061 ], [ 4.74947409512074, 45.6481409125401 ], [ 4.74946392650058, 45.648075139153448 ], [ 4.749485486952867, 45.647733257669145 ], [ 4.749490193296803, 45.647638340549321 ], [ 4.749479878685168, 45.647531362298217 ], [ 4.749438054685835, 45.647353808337328 ], [ 4.749479157317597, 45.64708174283669 ], [ 4.749466187327747, 45.646719997144146 ], [ 4.749590712656117, 45.64667401733368 ], [ 4.749670737761688, 45.646621838728649 ], [ 4.749750370146385, 45.646557236475161 ], [ 4.749886735139198, 45.646386099810719 ], [ 4.750050530744677, 45.646132122215711 ], [ 4.750115141776472, 45.645994526117263 ], [ 4.750189779229875, 45.645881633469827 ], [ 4.750223758686549, 45.64582314491556 ], [ 4.750339666754793, 45.645748385677464 ], [ 4.750525899189707, 45.64566807418479 ], [ 4.750614744124777, 45.645614676868597 ], [ 4.750692154095692, 45.645540786207143 ], [ 4.750757721852202, 45.645457892516959 ], [ 4.750804705073029, 45.645359885844009 ], [ 4.750834595491412, 45.645269575821679 ], [ 4.750836894268104, 45.645183883242815 ], [ 4.750827260644645, 45.645098511375387 ], [ 4.750800194521262, 45.644985714057484 ], [ 4.750706712341604, 45.644794913118595 ], [ 4.750643655925523, 45.644701320093304 ], [ 4.750611207367621, 45.644601036151862 ], [ 4.750629610887065, 45.644378906886409 ], [ 4.750629173587301, 45.644267586855548 ], [ 4.750667235903651, 45.644167692405624 ], [ 4.75075802222052, 45.644090486201321 ], [ 4.750800010694264, 45.644005122014711 ], [ 4.750810323640901, 45.64390484851112 ], [ 4.750857045008574, 45.643798604452591 ], [ 4.75089225330809, 45.643693755415413 ], [ 4.750905325376684, 45.64359546556296 ], [ 4.750887594421567, 45.643290538331534 ], [ 4.750888893173738, 45.643185406146017 ], [ 4.750907472510899, 45.643066359503464 ], [ 4.750924017522734, 45.642980445320795 ], [ 4.750958866518229, 45.642864252998244 ], [ 4.751121520938685, 45.642550304650612 ], [ 4.751191820942195, 45.642312641382638 ], [ 4.75123229715749, 45.642228246283274 ], [ 4.751282017621282, 45.642156001921279 ], [ 4.751329926735343, 45.642111752533864 ], [ 4.751357217763261, 45.642097682238621 ], [ 4.751514295942463, 45.64205821907737 ], [ 4.751591209706811, 45.642029730856912 ], [ 4.751640427940917, 45.641978165268284 ], [ 4.751623674521071, 45.641899119134273 ], [ 4.75161118465727, 45.641686927842358 ], [ 4.751636602227568, 45.64132134242368 ], [ 4.751651816605181, 45.641205590541063 ], [ 4.751677203292823, 45.641106973830247 ], [ 4.751705230216325, 45.641079651662452 ], [ 4.751739250930597, 45.641046967090588 ], [ 4.751822798881255, 45.641009053164964 ], [ 4.751881112464531, 45.640928433338814 ], [ 4.751975282213051, 45.640897514550353 ], [ 4.752080348915817, 45.640845754923866 ], [ 4.752197789757309, 45.640844196868493 ], [ 4.752294946830117, 45.640883351003879 ], [ 4.752388971670699, 45.640945251533907 ], [ 4.752474632573246, 45.641022819341984 ], [ 4.752553547838627, 45.641081982685101 ], [ 4.752657481410311, 45.641140486180895 ], [ 4.752713125259045, 45.641170288607313 ], [ 4.752761321173701, 45.641196018725978 ], [ 4.752883886740338, 45.641234641576034 ], [ 4.753015847318594, 45.641265822273049 ], [ 4.753266366673432, 45.641282050809679 ], [ 4.753360035314938, 45.641271809798383 ], [ 4.753429019898757, 45.641236283226512 ], [ 4.75350742195744, 45.641108873290058 ], [ 4.753533981159087, 45.641047391840551 ], [ 4.753674115379044, 45.640886594673773 ], [ 4.753730621683288, 45.640736828013402 ], [ 4.753797154381858, 45.640672561946069 ], [ 4.753984506677062, 45.640628300132263 ], [ 4.754286522407658, 45.640604273027066 ], [ 4.754441485203996, 45.640583348110475 ], [ 4.754564833378721, 45.64058588376178 ], [ 4.754756031342519, 45.640650861041543 ], [ 4.754874041009714, 45.640691579338451 ], [ 4.754995152183144, 45.640708605690044 ], [ 4.755249383581471, 45.640769086508527 ], [ 4.755388026959013, 45.640816643080257 ], [ 4.755624865764233, 45.64092387062815 ], [ 4.755726483005803, 45.640957818259764 ], [ 4.755841948101638, 45.640978984955275 ], [ 4.755958597996925, 45.6409889192892 ], [ 4.756077613387172, 45.640988413468193 ], [ 4.756183178228133, 45.640976768530948 ], [ 4.756290534978444, 45.640948747760326 ], [ 4.756397429073775, 45.640906142705397 ], [ 4.756641965776487, 45.640782352608753 ], [ 4.756772178598736, 45.640734114120342 ], [ 4.756869895097654, 45.640681518938024 ], [ 4.756984977075127, 45.640654187536583 ], [ 4.757419456961006, 45.6406407839998 ], [ 4.75769298752551, 45.640678125139601 ] ] ] } },
{ "type": "Feature", "properties": { "id_map": 69000834.0, "num_tronc": "806", "nom": "le merdanson", "me_sdage": "FRDR11456", "Date": "2026\/08\/12", "Longueur": 886.016, "ONDE_num": 4, "ONDE_com": null }, "geometry": { "type": "MultiLineString", "coordinates": [ [ [ 4.742465169278711, 45.652786591460128 ], [ 4.742560128771368, 45.652743239010036 ], [ 4.742700490857279, 45.652685673120509 ], [ 4.742753938321583, 45.65266998415175 ], [ 4.742801332004324, 45.652670061078481 ], [ 4.743039524757399, 45.652709336750611 ], [ 4.743519372995824, 45.652787697864611 ], [ 4.743564871008174, 45.652788749567378 ], [ 4.743683917525924, 45.652715029735425 ], [ 4.743821785661562, 45.652602783444664 ], [ 4.743870469546686, 45.652545960637397 ], [ 4.743928400123677, 45.652489129669803 ], [ 4.744019576929935, 45.652460290822042 ], [ 4.744118166490892, 45.652422149897774 ], [ 4.744220196106107, 45.65240759900059 ], [ 4.744344327772676, 45.652385274751794 ], [ 4.744436412606245, 45.652373039435126 ], [ 4.744505074080992, 45.652363328708766 ], [ 4.744570835640038, 45.652322723779712 ], [ 4.744637271549476, 45.652291295516712 ], [ 4.744691186130158, 45.652314914002233 ], [ 4.744739994397851, 45.652323209605001 ], [ 4.744863714867755, 45.652226718366421 ], [ 4.744921282355113, 45.652158408549724 ], [ 4.744954194790925, 45.652139118763436 ], [ 4.745022919724342, 45.652131433310792 ], [ 4.745071238430214, 45.652124199252015 ], [ 4.745142369624735, 45.652107289267185 ], [ 4.745250981432095, 45.65210601080561 ], [ 4.74532753604245, 45.652102256938534 ], [ 4.745389075886384, 45.652098870920852 ], [ 4.745469832552565, 45.652093970964039 ], [ 4.745665637833239, 45.652133087653141 ], [ 4.746055234857616, 45.65223296810138 ], [ 4.746346725721589, 45.652276273891353 ], [ 4.746489234530952, 45.652311352145745 ], [ 4.746569423942689, 45.652325104737884 ], [ 4.746920049729126, 45.652374246840083 ], [ 4.74700343848142, 45.652367278362661 ], [ 4.747109632556332, 45.652338203935457 ], [ 4.747282848997179, 45.652296334994361 ], [ 4.747406334106532, 45.652265775955975 ], [ 4.74756215099794, 45.65219756090346 ], [ 4.747625440299791, 45.652164153115557 ], [ 4.747717131887129, 45.652139491510731 ], [ 4.747788893288271, 45.652105952098097 ], [ 4.747837296948847, 45.652064804080958 ], [ 4.747852740926731, 45.652017007205714 ], [ 4.747835955773906, 45.651936880125604 ], [ 4.74789096291957, 45.651811999335948 ], [ 4.747893560576324, 45.651808851579446 ], [ 4.748153134660734, 45.651585680023651 ], [ 4.748363581809367, 45.651356380471064 ], [ 4.748421600343082, 45.651302518058827 ], [ 4.748498744362239, 45.651256464876958 ], [ 4.748631975852696, 45.65120521704813 ], [ 4.748690514276834, 45.651167829272836 ], [ 4.748791096994812, 45.651083176959879 ], [ 4.748944179524679, 45.650879761903518 ], [ 4.749046902447827, 45.650777512397582 ], [ 4.749127869385489, 45.650742748222733 ], [ 4.749235508871351, 45.650722971542613 ], [ 4.74946975419488, 45.650698390025497 ], [ 4.749588560093265, 45.650690598953283 ], [ 4.749671621667993, 45.650673365529428 ], [ 4.74975495938541, 45.650628296034768 ], [ 4.749823501308736, 45.650578322460987 ], [ 4.749888887553042, 45.650501647024441 ], [ 4.749942167723384, 45.650334504001947 ], [ 4.74999973454201, 45.650278621181457 ], [ 4.750030760922058, 45.650211937185517 ], [ 4.750158522708103, 45.650073089103344 ], [ 4.750209723671789, 45.649998660591997 ], [ 4.750395892300949, 45.649818372479892 ], [ 4.750472481900365, 45.649754897913489 ], [ 4.75068849185042, 45.649653317039721 ], [ 4.750742836437889, 45.649580865962832 ], [ 4.7508301619711, 45.649430486472596 ], [ 4.750859488553432, 45.64935882976657 ], [ 4.750929065901183, 45.649268577956711 ] ] ] } },
{ "type": "Feature", "properties": { "id_map": 69000066.0, "num_tronc": "66", "nom": "le casanova", "me_sdage": null, "Date": "2026\/08\/12", "Longueur": 3450.926, "ONDE_num": 4, "ONDE_com": null }, "geometry": { "type": "MultiLineString", "coordinates": [ [ [ 4.70638472455056, 45.652800687095009 ], [ 4.706427022058313, 45.652846172488886 ], [ 4.706530793352256, 45.652937821115771 ], [ 4.706647881626417, 45.653023998719867 ], [ 4.706765363824273, 45.65308544623376 ], [ 4.706906654649734, 45.653156800533161 ], [ 4.707196204749067, 45.653263060006275 ], [ 4.707325079125909, 45.653319065144004 ], [ 4.707555808294371, 45.653454452480773 ], [ 4.707698699857991, 45.653527672992738 ], [ 4.707828832582138, 45.653574471420164 ], [ 4.707980144690205, 45.653608383715998 ], [ 4.708111442878386, 45.653618010570767 ], [ 4.708279948643018, 45.653672197384687 ], [ 4.708351359126078, 45.653726371258465 ], [ 4.708634620442163, 45.653853393455094 ], [ 4.708880563934391, 45.653857361340087 ], [ 4.709348639835353, 45.653905242497878 ], [ 4.709500125139392, 45.65390726561818 ], [ 4.709645512587927, 45.653898978134478 ], [ 4.70979664341871, 45.653889522402309 ], [ 4.709964629106549, 45.653864408604647 ], [ 4.710203625223818, 45.653818085344135 ], [ 4.710270595501557, 45.653803287353156 ], [ 4.710405596680146, 45.653758138178155 ], [ 4.710512111162698, 45.653676403179034 ], [ 4.710587507233864, 45.653585143221413 ], [ 4.71071966914026, 45.653335894674207 ], [ 4.710809606489113, 45.653204017494673 ], [ 4.710887567865451, 45.653108530114224 ], [ 4.710965459808208, 45.653035741202551 ], [ 4.711077679643872, 45.652976616399272 ], [ 4.711205105282771, 45.652935769594933 ], [ 4.711352584667019, 45.652907993089848 ], [ 4.711713051672988, 45.652877653641148 ], [ 4.711888788943127, 45.65286660497479 ], [ 4.712204844611033, 45.652857880403005 ], [ 4.712674984046907, 45.652823167681518 ], [ 4.71281722462087, 45.652812897366793 ], [ 4.713004162373915, 45.652815186946057 ], [ 4.714123762119129, 45.652962566732619 ], [ 4.714182773041644, 45.652939646225114 ], [ 4.714336413616184, 45.652886912815639 ], [ 4.714548622454124, 45.652759655455419 ], [ 4.714646790298309, 45.652682366882424 ], [ 4.714722948776448, 45.65257866284707 ], [ 4.714938843925443, 45.652259500705568 ], [ 4.715077101012756, 45.652095809893453 ], [ 4.715290840357943, 45.651794243412468 ], [ 4.715400973353474, 45.65169285839864 ], [ 4.715513993771088, 45.651622503223614 ], [ 4.715772976624986, 45.651488045650538 ], [ 4.715880378656478, 45.6514229096855 ], [ 4.715959990395668, 45.651356170666368 ], [ 4.716094579505756, 45.651211043718867 ], [ 4.716143684193767, 45.651117208369968 ], [ 4.716188364333195, 45.650992501597862 ], [ 4.71622389816586, 45.65089590080941 ], [ 4.716265011599437, 45.650792865046597 ], [ 4.71631918885003, 45.650688684361498 ], [ 4.7192817279029, 45.648707703125105 ], [ 4.719682413753144, 45.648832093312478 ], [ 4.71987603896599, 45.648888851244308 ], [ 4.720363109216104, 45.649375484854268 ], [ 4.720469498042572, 45.649488832648906 ], [ 4.720665168449613, 45.64969809078675 ], [ 4.720878072960288, 45.649854394463866 ], [ 4.720997650220522, 45.649933358783677 ], [ 4.721248896701966, 45.650071241830283 ], [ 4.721356829843235, 45.650147411532892 ], [ 4.721464693067095, 45.650233715032648 ], [ 4.72161946593476, 45.650440894945433 ], [ 4.721702368603178, 45.650554600842305 ], [ 4.722012811413391, 45.650935710489136 ], [ 4.722282448172803, 45.651218682358049 ], [ 4.722534538286218, 45.651445313375817 ], [ 4.722720182426023, 45.65155474435231 ], [ 4.722904740222083, 45.651604475507071 ], [ 4.723047681422489, 45.651579725295797 ], [ 4.723328785662529, 45.651550022717551 ], [ 4.723818706936262, 45.651520094328419 ], [ 4.724076131112155, 45.651521826508436 ], [ 4.724264375870153, 45.651529076180907 ], [ 4.724487311065162, 45.651549169470755 ], [ 4.725493426708931, 45.651590631446332 ], [ 4.725820927168411, 45.651615604323183 ], [ 4.726007409106129, 45.651640441704892 ], [ 4.726471981814853, 45.651711948617034 ], [ 4.726630905440327, 45.651742611800806 ], [ 4.727108379545243, 45.651807703422477 ], [ 4.727238972222459, 45.651831774970745 ], [ 4.727377328542007, 45.651870048327545 ], [ 4.727483568084263, 45.651916245118429 ], [ 4.727583389972419, 45.651979023060207 ], [ 4.727709784290301, 45.652041393104319 ], [ 4.727801036486531, 45.652076470833173 ], [ 4.727955761487094, 45.652157725742455 ], [ 4.728245816562598, 45.652093827134053 ], [ 4.728494550322995, 45.652137970421762 ], [ 4.728653826340336, 45.652142820389884 ], [ 4.728678498457254, 45.652106233485284 ], [ 4.728733873557544, 45.652028778802283 ], [ 4.728798330747407, 45.651983069312799 ], [ 4.728853068894981, 45.651959260894081 ], [ 4.728907064916884, 45.651948704101244 ], [ 4.729067976320352, 45.651931911614504 ], [ 4.729276858448232, 45.651933701980624 ], [ 4.729408632595696, 45.651921544831744 ], [ 4.729661529821714, 45.65188928743931 ], [ 4.730242123952015, 45.651851182656443 ], [ 4.730508310158374, 45.65184965807677 ], [ 4.730904380556264, 45.651861808019447 ], [ 4.731005265991899, 45.651675028203165 ], [ 4.731144675401525, 45.651636000865373 ], [ 4.731283311050944, 45.651584555616346 ], [ 4.731559805328197, 45.651444522742565 ], [ 4.732072749332647, 45.651140752188603 ], [ 4.732335319739762, 45.651023764293868 ], [ 4.732567189495157, 45.65094764461076 ], [ 4.732787254825684, 45.650900618567867 ], [ 4.733150366424947, 45.650893947848495 ], [ 4.73359851436753, 45.650957571981323 ], [ 4.733822541913917, 45.651000192485711 ], [ 4.73396869620557, 45.65101672090131 ], [ 4.734473019784942, 45.651053265943254 ], [ 4.734636495426162, 45.65105696186211 ], [ 4.734766988237888, 45.651053194638173 ], [ 4.734925165735438, 45.651035355005895 ], [ 4.735192972878413, 45.650975023686797 ], [ 4.73533196292941, 45.650959640911886 ], [ 4.735437877039338, 45.650958413471393 ], [ 4.735851364450848, 45.650960955183749 ], [ 4.736000113304154, 45.650974198444182 ], [ 4.736278496400978, 45.65101773220929 ], [ 4.736417105954675, 45.651027078160894 ], [ 4.736549046402476, 45.651044903326877 ], [ 4.736673640786726, 45.651074190483691 ], [ 4.73719886009724, 45.651248613351434 ], [ 4.73734620621437, 45.651290788958654 ], [ 4.737676162920063, 45.651369326171604 ], [ 4.738025922331682, 45.651464985240089 ], [ 4.738346218919792, 45.651530294270131 ], [ 4.738648845610875, 45.651621815470293 ], [ 4.738721877101499, 45.651653112703414 ], [ 4.738999068909167, 45.65176893941873 ], [ 4.739123833399026, 45.651828079495289 ], [ 4.739200530709341, 45.651865669730888 ], [ 4.739351448654221, 45.651923324661766 ], [ 4.739943422992148, 45.652112645954929 ], [ 4.740162918574219, 45.652194639618052 ], [ 4.740206117260458, 45.652232882108549 ], [ 4.740250839724641, 45.652319603751458 ], [ 4.740259067277682, 45.652372978175762 ], [ 4.740259982082143, 45.652426600751241 ], [ 4.74024431411769, 45.652504258168946 ], [ 4.740212314585101, 45.652577169155578 ], [ 4.74020565453231, 45.652634961978187 ], [ 4.740253318969823, 45.652680431099739 ], [ 4.740345798004282, 45.652705211850126 ], [ 4.740539536860865, 45.652703162324897 ], [ 4.740899425206322, 45.652728401422308 ], [ 4.741139174543367, 45.65273144885456 ], [ 4.741254403800981, 45.652744528167844 ], [ 4.741367323843789, 45.652769937650731 ], [ 4.741512618560277, 45.652795656828346 ], [ 4.741688361006867, 45.652809420820752 ], [ 4.741823640198513, 45.652810705417664 ], [ 4.741940911271208, 45.6528029462484 ], [ 4.742076156462237, 45.65280315022666 ], [ 4.742201716026303, 45.652813907033988 ], [ 4.742385378637945, 45.652809983698461 ], [ 4.742465169278711, 45.652786591460128 ] ] ] } },
{ "type": "Feature", "properties": { "id_map": 69000248.0, "num_tronc": "243", "nom": "le merdanson", "me_sdage": "FRDR11456", "Date": "2026\/08\/12", "Longueur": 647.827, "ONDE_num": 4, "ONDE_com": null }, "geometry": { "type": "MultiLineString", "coordinates": [ [ [ 4.740966222405846, 45.657732338347927 ], [ 4.74101196293956, 45.657667456071593 ], [ 4.741167561075113, 45.65755480397489 ], [ 4.741260721806138, 45.65746622032961 ], [ 4.741350380624787, 45.657364315354918 ], [ 4.74139151581678, 45.657263295957726 ], [ 4.741457479892998, 45.65692262121879 ], [ 4.74146396799392, 45.656736886346124 ], [ 4.74147921492592, 45.656645859823172 ], [ 4.741487060773073, 45.656491043034471 ], [ 4.74152152603097, 45.656398503278162 ], [ 4.741573560044703, 45.656350006232046 ], [ 4.741640996459496, 45.65631343035345 ], [ 4.741738215424181, 45.656280446832099 ], [ 4.741828817570104, 45.656233109343596 ], [ 4.741904390683621, 45.656148985493907 ], [ 4.741944479308287, 45.656088243413933 ], [ 4.742059774677271, 45.655895015369161 ], [ 4.74209549172364, 45.655805563470686 ], [ 4.742125563453006, 45.655720387178768 ], [ 4.7421226856079, 45.655653419537892 ], [ 4.742102685614021, 45.655630085616266 ], [ 4.742131361594844, 45.65558627310817 ], [ 4.74208288154371, 45.655515012238261 ], [ 4.742093034327259, 45.655445816382809 ], [ 4.742054372272465, 45.655368188739452 ], [ 4.742061410068726, 45.65529796024731 ], [ 4.74205095576101, 45.655222868430272 ], [ 4.742023244635724, 45.655162635000053 ], [ 4.741984404724673, 45.655116084281964 ], [ 4.741967219530825, 45.655059741123871 ], [ 4.741988895118937, 45.655013875286691 ], [ 4.742067560408072, 45.65496685738421 ], [ 4.742132817345908, 45.654946797741736 ], [ 4.742195985586724, 45.654909341815269 ], [ 4.742209032572744, 45.654870905142033 ], [ 4.742339295344332, 45.654822818330004 ], [ 4.742476450208271, 45.654761114170583 ], [ 4.742523469384055, 45.654700264596329 ], [ 4.742587183266559, 45.654569982728532 ], [ 4.742639951455753, 45.65433678499128 ], [ 4.742700533470039, 45.654241678882585 ], [ 4.742817665475472, 45.654094762643034 ], [ 4.742957554444325, 45.653960869360887 ], [ 4.743177047074832, 45.653736438776413 ], [ 4.743350807870822, 45.653577026029865 ], [ 4.743319119279501, 45.653525095930256 ], [ 4.743287171385555, 45.653464928420611 ], [ 4.743242491142324, 45.653416442006687 ], [ 4.743117573078222, 45.653315966549421 ], [ 4.742900755047308, 45.653196918226058 ], [ 4.742792413113133, 45.653145634291498 ], [ 4.742713784363718, 45.653095781761316 ], [ 4.742654343240608, 45.653043470475673 ], [ 4.742612257653807, 45.652991701138021 ], [ 4.742465169278711, 45.652786591460128 ] ] ] } },
{ "type": "Feature", "properties": { "id_map": 69000248.0, "num_tronc": "243", "nom": "le merdanson", "me_sdage": "FRDR11456", "Date": "2026\/08\/13", "Longueur": 5575.415, "ONDE_num": 1, "ONDE_com": null }, "geometry": { "type": "MultiLineString", "coordinates": [ [ [ 4.687947177655985, 45.650694283153463 ], [ 4.688031583648913, 45.650858907788091 ], [ 4.688307255052624, 45.651421396287859 ], [ 4.688378742973661, 45.651617844929035 ], [ 4.688482638038983, 45.651815698915001 ], [ 4.688634373634223, 45.652066200963226 ], [ 4.688863635321568, 45.652407815272134 ], [ 4.689036818994114, 45.652641377383624 ], [ 4.689262323086761, 45.652998584214458 ], [ 4.689270462117047, 45.653012783022852 ], [ 4.689343639412661, 45.653138141528224 ], [ 4.689550060407234, 45.65364005954946 ], [ 4.689628206774076, 45.653776691993663 ], [ 4.689709178134059, 45.653854376986551 ], [ 4.689805354926715, 45.653937913337394 ], [ 4.689902336252231, 45.654073046967532 ], [ 4.689994077050481, 45.654225822612126 ], [ 4.690171024761315, 45.654506612803068 ], [ 4.690244105400843, 45.654641294374535 ], [ 4.690408603583545, 45.654981176173322 ], [ 4.690538855230385, 45.655234160215706 ], [ 4.69078779295282, 45.655664103363868 ], [ 4.690879647017816, 45.655845653682263 ], [ 4.690994857780037, 45.656098052556487 ], [ 4.691029711326268, 45.656192101356233 ], [ 4.691162221967295, 45.656544081578872 ], [ 4.691217030554405, 45.656761585208372 ], [ 4.691293470925292, 45.656968225803602 ], [ 4.691357340626992, 45.657053462223118 ], [ 4.691472559854837, 45.657129415638849 ], [ 4.691550624020671, 45.657199982643306 ], [ 4.691584805379769, 45.657246755239534 ], [ 4.691774594763179, 45.657657184610329 ], [ 4.691874974086891, 45.657877921213867 ], [ 4.691942448368466, 45.658005390517907 ], [ 4.692126078582436, 45.6583149897507 ], [ 4.692328931394207, 45.658623083855979 ], [ 4.692628137352422, 45.659019978190528 ], [ 4.692809531475762, 45.659268813532201 ], [ 4.692961117110716, 45.659513098006236 ], [ 4.693031325049694, 45.659641606465293 ], [ 4.693081837457312, 45.659756090099748 ], [ 4.693168078949143, 45.660018244863288 ], [ 4.693229099648093, 45.660274699216195 ], [ 4.693238113121825, 45.66045600756086 ], [ 4.69325753766402, 45.66049894853397 ], [ 4.693297472130479, 45.660532123812231 ], [ 4.693351320190714, 45.660591840300221 ], [ 4.693378362562737, 45.660669658473303 ], [ 4.693402983657716, 45.660832087807073 ], [ 4.693442171143682, 45.660992001297636 ], [ 4.693475067745973, 45.661047034027099 ], [ 4.693552583487105, 45.661137198035938 ], [ 4.693627289519825, 45.661198492122161 ], [ 4.693683378434848, 45.661268442624859 ], [ 4.693803863843186, 45.661478337272335 ], [ 4.694015420451205, 45.661818317321654 ], [ 4.694290659771807, 45.662199220844307 ], [ 4.694391589361501, 45.66232402380647 ], [ 4.694617888744664, 45.662528542392913 ], [ 4.694680519352399, 45.662610688408776 ], [ 4.694706309100749, 45.662697847313751 ], [ 4.694707556157844, 45.662763759053377 ], [ 4.694742457414092, 45.662859022127527 ], [ 4.694821799627245, 45.662958344892999 ], [ 4.694930349991787, 45.663055066282382 ], [ 4.694975646811983, 45.663087079467154 ], [ 4.695138006627647, 45.663204336990837 ], [ 4.6952157472704, 45.663301657058234 ], [ 4.695430477953855, 45.663681847803133 ], [ 4.695670178706352, 45.664059365403261 ], [ 4.695917106259061, 45.664433666325991 ], [ 4.696006264326217, 45.664551349683208 ], [ 4.696209623873767, 45.664773909426145 ], [ 4.696405787626903, 45.66495023670889 ], [ 4.696518599308817, 45.665009738995444 ], [ 4.696647983586267, 45.66504413239921 ], [ 4.69679730751345, 45.665062688270915 ], [ 4.696952057640451, 45.665069678363778 ], [ 4.697267278019961, 45.665081680241627 ], [ 4.697710198020665, 45.665085676291049 ], [ 4.697907535529755, 45.665099048355401 ], [ 4.698104293293422, 45.665118643586453 ], [ 4.698283141581065, 45.665144858465659 ], [ 4.698487848223669, 45.6651848689011 ], [ 4.698684983597009, 45.665216751864101 ], [ 4.698903466556637, 45.665241016800692 ], [ 4.699103695833459, 45.665248128381634 ], [ 4.699293023182537, 45.665239056583999 ], [ 4.699515825102218, 45.665215698654436 ], [ 4.69971104094799, 45.66517249113879 ], [ 4.70012217600035, 45.665057525808812 ], [ 4.700301370138083, 45.665019693102302 ], [ 4.700484317040623, 45.664991125591328 ], [ 4.700668830073901, 45.664975909397171 ], [ 4.700832788514233, 45.664994103797852 ], [ 4.701481889780077, 45.665211406702596 ], [ 4.701670424771788, 45.665251790859429 ], [ 4.701860958947821, 45.665269447051749 ], [ 4.702048961033832, 45.665267416043015 ], [ 4.702207127382538, 45.665247596741153 ], [ 4.702384464290083, 45.665199520893516 ], [ 4.702575355448038, 45.665128542375228 ], [ 4.702691230317792, 45.665086934608453 ], [ 4.703368989965003, 45.664807556974246 ], [ 4.703572516445151, 45.664746518374514 ], [ 4.703767084584435, 45.664694937117041 ], [ 4.704170725554535, 45.664599795389897 ], [ 4.704316247045138, 45.664569896568182 ], [ 4.704956204453785, 45.664439965843279 ], [ 4.705168159632182, 45.664402439872411 ], [ 4.705580699938063, 45.664358632849833 ], [ 4.705637989586111, 45.664354387450771 ], [ 4.705751086342277, 45.664347810478532 ], [ 4.70596254859219, 45.664344336658289 ], [ 4.706297055546528, 45.664356966747839 ], [ 4.706825474854245, 45.66433436676261 ], [ 4.706989687429995, 45.664360789690505 ], [ 4.707346176240899, 45.664473870999316 ], [ 4.707513441866497, 45.664499301152446 ], [ 4.707690720440907, 45.664512014530999 ], [ 4.707867997202599, 45.664537157227926 ], [ 4.708059942499442, 45.664550593296219 ], [ 4.708250931785019, 45.664545534291427 ], [ 4.708449820145229, 45.664521710755409 ], [ 4.708655455957075, 45.664479275222718 ], [ 4.709043299871769, 45.664372061127217 ], [ 4.709175413698346, 45.664294937957585 ], [ 4.709290175860796, 45.66419254336666 ], [ 4.709422839827776, 45.664095821456002 ], [ 4.709721552674145, 45.66389781710469 ], [ 4.710006804026955, 45.663725686145121 ], [ 4.710531749994249, 45.663453719243854 ], [ 4.710627329919357, 45.663416599711084 ], [ 4.710926840205182, 45.663331932283562 ], [ 4.711404816144087, 45.663236175161813 ], [ 4.711499748913703, 45.663215547414595 ], [ 4.711615805137824, 45.663180142342583 ], [ 4.711676883345707, 45.663161380112868 ], [ 4.711879144011664, 45.663084808544966 ], [ 4.712149098767926, 45.662966676020048 ], [ 4.712428229013721, 45.662858671201697 ], [ 4.713454238361772, 45.662602847105603 ], [ 4.713567970159149, 45.66261692349395 ], [ 4.713800740897867, 45.662592439613235 ], [ 4.71396618035138, 45.662571412083764 ], [ 4.714122153770566, 45.662543367894514 ], [ 4.714254476408827, 45.662510684714228 ], [ 4.714411220718075, 45.662457769205311 ], [ 4.714734386002251, 45.662278698759579 ], [ 4.714916850047959, 45.662147976104137 ], [ 4.715036276961783, 45.66208468462932 ], [ 4.715193601638914, 45.662013249880879 ], [ 4.71528308497424, 45.661941227185345 ], [ 4.715336394319182, 45.661920554721434 ], [ 4.71545616301913, 45.661893195313873 ], [ 4.715523367637612, 45.661885686375861 ], [ 4.715705483454422, 45.661917903452505 ], [ 4.715779164762536, 45.66192042849039 ], [ 4.715838791554775, 45.661904658374354 ], [ 4.715894893238382, 45.661874620894409 ], [ 4.716019748932886, 45.661737883995151 ], [ 4.716082779174994, 45.661732464904354 ], [ 4.716273707822752, 45.661626335052198 ], [ 4.716498254829112, 45.661610212232972 ], [ 4.716604738072704, 45.661589404024966 ], [ 4.716824725589468, 45.661575376629798 ], [ 4.717272896937811, 45.661500989856656 ], [ 4.717408263078768, 45.661467175652845 ], [ 4.717504964530968, 45.661391933638185 ], [ 4.717560331030617, 45.661313404067464 ], [ 4.717643721059897, 45.661169326672855 ], [ 4.717721741162507, 45.661100584250626 ], [ 4.717828515263244, 45.661051938933149 ], [ 4.717851780047101, 45.6610441532397 ], [ 4.717892281003413, 45.661032997159587 ], [ 4.718199241815621, 45.660990484025355 ], [ 4.718392010065086, 45.660993486735975 ], [ 4.718447913867384, 45.660994389870019 ], [ 4.718550189208054, 45.661011878552983 ], [ 4.71863025431533, 45.661021464801095 ], [ 4.718922735035787, 45.661021458382045 ], [ 4.718933101021902, 45.661020219291125 ], [ 4.719018109881952, 45.661015273619938 ], [ 4.719099752232398, 45.661001192187257 ], [ 4.719361591471305, 45.660932749226667 ], [ 4.719744349858766, 45.660836924043771 ], [ 4.720013436848046, 45.660803360884948 ], [ 4.720202227874727, 45.660814797720761 ], [ 4.720398884133439, 45.66080652391846 ], [ 4.720591491063545, 45.660841545072998 ], [ 4.720779801455776, 45.66091189382815 ], [ 4.720945868133537, 45.660973260061276 ], [ 4.721014958975014, 45.661014086383197 ], [ 4.721120761529511, 45.661045839902521 ], [ 4.721307306710104, 45.66107176541086 ], [ 4.721405989468066, 45.661072823693743 ], [ 4.721580532318167, 45.661059751955115 ], [ 4.721735665507769, 45.661042112993172 ], [ 4.721819389684328, 45.661045426222771 ], [ 4.721912807325624, 45.661063047325712 ], [ 4.722002437634287, 45.661095182457103 ], [ 4.722097522112447, 45.66111683105116 ], [ 4.722269948522551, 45.661122435036098 ], [ 4.722357077829368, 45.661098945089009 ], [ 4.722414938511498, 45.661076037927529 ], [ 4.722491927239434, 45.661085803608039 ], [ 4.722649205912435, 45.661050431869569 ], [ 4.72275780201561, 45.661010941041859 ], [ 4.722822276058386, 45.660977664533043 ], [ 4.722989697339606, 45.660933895737891 ], [ 4.723139917302861, 45.660869854056024 ], [ 4.723367411213006, 45.660725728361051 ], [ 4.723444592401663, 45.66070455149849 ], [ 4.723594811921541, 45.660677662951365 ], [ 4.723678761943553, 45.660651113228234 ], [ 4.723750934098446, 45.660617583217345 ], [ 4.723903495242178, 45.660542155865834 ], [ 4.724052910854326, 45.660489474034698 ], [ 4.724399652836344, 45.660388239756742 ], [ 4.724639850897501, 45.66029336512095 ], [ 4.724795651105296, 45.660223020889568 ], [ 4.724964417581165, 45.660185443306482 ], [ 4.725337022545935, 45.660122855079095 ], [ 4.725736937336716, 45.660120508991255 ], [ 4.725838666021302, 45.66009571169441 ], [ 4.726011697784153, 45.660083737025126 ], [ 4.726094071422176, 45.660056128800051 ], [ 4.726207509957276, 45.659986702217523 ], [ 4.726277661544714, 45.659974953378693 ], [ 4.726424605321312, 45.659979050196199 ], [ 4.726587301955361, 45.659932241005478 ], [ 4.726764661010524, 45.659848998653587 ], [ 4.72688503112987, 45.659779465061732 ], [ 4.726972087235101, 45.659679638470998 ], [ 4.727032286762572, 45.659645344220884 ], [ 4.72713205320885, 45.659570046686966 ], [ 4.727360975100767, 45.65942278338553 ], [ 4.727451822216647, 45.659382749615332 ], [ 4.727576068976975, 45.659301671881089 ], [ 4.727715720637809, 45.659195633453429 ], [ 4.727791129832455, 45.659167185095015 ], [ 4.727923373110121, 45.65913246026296 ], [ 4.728174244351097, 45.659021877076022 ], [ 4.728706379747988, 45.658848609813383 ], [ 4.729046714143464, 45.658727869149871 ], [ 4.729115965359959, 45.658724373726471 ], [ 4.729222603073616, 45.658745838845142 ], [ 4.729315437083493, 45.658744818289762 ], [ 4.729370380315332, 45.658764375178002 ], [ 4.729474414523526, 45.658751833654826 ], [ 4.729627289882667, 45.658748539473585 ], [ 4.729727829919135, 45.658759829831567 ], [ 4.729818383759529, 45.658747495093003 ], [ 4.729922675233037, 45.658743190591665 ], [ 4.730062428965105, 45.658751581339381 ], [ 4.73026892682688, 45.658725575315174 ], [ 4.730378515352205, 45.658742805749085 ], [ 4.730441284380972, 45.658766159882795 ], [ 4.730498887133978, 45.658772164871976 ], [ 4.730752037476601, 45.658710043432308 ], [ 4.730834607436376, 45.658713502760676 ], [ 4.73086701496047, 45.658714760908985 ], [ 4.73100080295583, 45.658754181207968 ], [ 4.731224627937371, 45.658727771918478 ], [ 4.731514079495235, 45.658717511221603 ], [ 4.731611602012643, 45.658730872882366 ], [ 4.731723371687626, 45.658731585678055 ], [ 4.73183889222398, 45.658716703610288 ], [ 4.731926559367593, 45.658698331854033 ], [ 4.732209099425552, 45.658602654315715 ], [ 4.732300998683826, 45.658584082045259 ], [ 4.732646929881354, 45.65859321512297 ], [ 4.73281903197676, 45.658600969518588 ], [ 4.732911454168049, 45.658623730790204 ], [ 4.733038605195215, 45.658709591815182 ], [ 4.733075013213299, 45.658801713336175 ], [ 4.733091711448083, 45.658879682024896 ], [ 4.733106286648828, 45.658914449829403 ], [ 4.733172721644171, 45.658956390504564 ], [ 4.733260133791341, 45.658966798976216 ], [ 4.73334673922519, 45.658926825674229 ], [ 4.733475370562198, 45.658813789026311 ], [ 4.733559754207131, 45.658752097873993 ], [ 4.733683310424809, 45.658624682896438 ], [ 4.733768755958876, 45.658560002920908 ], [ 4.733938337097739, 45.658499566446565 ], [ 4.733960062178643, 45.658491936193357 ], [ 4.734070964061875, 45.658477258056223 ], [ 4.7342869561986, 45.658471499231197 ], [ 4.734344559062061, 45.658477502253007 ], [ 4.734381689841247, 45.658481929147634 ], [ 4.734648698127705, 45.65860400362385 ], [ 4.734756975674696, 45.6586285456792 ], [ 4.734884240150111, 45.658607264690936 ], [ 4.735044030699758, 45.658529548861132 ], [ 4.7351416130028, 45.658507914366979 ], [ 4.735349978453682, 45.658529292035333 ], [ 4.735434956806383, 45.658560407387768 ], [ 4.735538938962957, 45.658620007093255 ], [ 4.735730274244585, 45.658688122700994 ], [ 4.735907105550212, 45.658760649873848 ], [ 4.736027645448965, 45.658795269635135 ], [ 4.736080343922286, 45.658829179029155 ], [ 4.736182260861797, 45.658835173320192 ], [ 4.736306672761742, 45.658821230381939 ], [ 4.736496855496117, 45.658766552031388 ], [ 4.736744474957753, 45.658675724952431 ], [ 4.736906062126804, 45.658606220134928 ], [ 4.737025334633587, 45.658575872865072 ], [ 4.737152954046516, 45.658565932644336 ], [ 4.737489238089255, 45.658623702418538 ], [ 4.737621026354013, 45.658611535651275 ], [ 4.737864416926085, 45.658557925230362 ], [ 4.737967132908124, 45.658552556741782 ], [ 4.738240363528675, 45.658614810333511 ], [ 4.738289615262558, 45.658600269202815 ], [ 4.738446524825533, 45.658553667120927 ], [ 4.738842669339178, 45.65829665941596 ], [ 4.739255235349607, 45.658145454093628 ], [ 4.739536391979332, 45.658092067209552 ], [ 4.73989184605216, 45.657975112882156 ], [ 4.739988109846209, 45.657960655093021 ], [ 4.740129294282043, 45.657928749896406 ], [ 4.740264344834976, 45.657885590501479 ], [ 4.740398147517612, 45.657851772486964 ], [ 4.740630144566297, 45.657815895794784 ], [ 4.740757859238424, 45.657809057397976 ], [ 4.740851006140128, 45.657781271644431 ], [ 4.740966222405846, 45.657732338347927 ] ] ] } },
{ "type": "Feature", "properties": { "id_map": 69007933.0, "num_tronc": "7907", "nom": "le garon", "me_sdage": "FRDR11456", "Date": "2026\/08\/12", "Longueur": 781.122, "ONDE_num": 4, "ONDE_com": null }, "geometry": { "type": "MultiLineString", "coordinates": [ [ [ 4.764456367148385, 45.657659014181512 ], [ 4.764596447127546, 45.657496177609708 ], [ 4.764837919616553, 45.657238258092143 ], [ 4.76501754710384, 45.657010625634996 ], [ 4.765043196713832, 45.656896599302641 ], [ 4.765066653043415, 45.656592918424252 ], [ 4.765080863438481, 45.656543111704302 ], [ 4.76514918318024, 45.656462192866847 ], [ 4.76521841894054, 45.656361669241889 ], [ 4.765253374047992, 45.65628573197035 ], [ 4.765258936744355, 45.656218497029229 ], [ 4.765236451532188, 45.656141704023369 ], [ 4.765238687961927, 45.655958059805279 ], [ 4.765388964493475, 45.65489471543976 ], [ 4.765397607932051, 45.654525335029412 ], [ 4.765290508322581, 45.653160281676918 ], [ 4.765294178636619, 45.653045789306695 ], [ 4.765307844953558, 45.652954783745336 ], [ 4.76533406951284, 45.652883036521324 ], [ 4.765379842073268, 45.652820169954026 ], [ 4.765443424101483, 45.652759996405209 ], [ 4.765841269580432, 45.652513132628918 ], [ 4.766017739621919, 45.652380392343673 ], [ 4.766135517387213, 45.652279917199365 ], [ 4.766262437123749, 45.652091614653024 ], [ 4.766304869498943, 45.651984485304588 ], [ 4.766368972910576, 45.651771633170348 ], [ 4.766385169125889, 45.651675453728402 ], [ 4.766382094142041, 45.651603220233497 ], [ 4.766348551758121, 45.651542138180929 ], [ 4.766256495458681, 45.651458465765636 ], [ 4.766000444913688, 45.651318730080582 ], [ 4.765792665501524, 45.651242817351005 ] ] ] } },
{ "type": "Feature", "properties": { "id_map": 69008723.0, "num_tronc": "8743", "nom": null, "me_sdage": "FRDR10853", "Date": "2026\/08\/12", "Longueur": 292.914, "ONDE_num": 3, "ONDE_com": null }, "geometry": { "type": "MultiLineString", "coordinates": [ [ [ 4.763586571166677, 45.668228075701485 ], [ 4.76335705525205, 45.668088727759297 ], [ 4.763120135938053, 45.667922609169572 ], [ 4.763039303393514, 45.66785321427755 ], [ 4.76294467959621, 45.667750123613025 ], [ 4.762892689061252, 45.667666631351615 ], [ 4.762860347430852, 45.667631334554628 ], [ 4.76285282138229, 45.667564439746634 ], [ 4.763005959377717, 45.667399239361153 ], [ 4.763222049856812, 45.667165635070106 ], [ 4.763364154334575, 45.667017089885228 ], [ 4.76337860123844, 45.666974575430054 ], [ 4.763375860571448, 45.666912739745072 ], [ 4.763278235081568, 45.666473417269955 ], [ 4.76327912204234, 45.666452867251493 ], [ 4.7632758328517, 45.666385906126166 ], [ 4.763285874695632, 45.666338191525433 ], [ 4.763325675068756, 45.666208406822641 ], [ 4.763337203665975, 45.666171072105179 ], [ 4.763436227069337, 45.66591633250134 ] ] ] } },
{ "type": "Feature", "properties": { "id_map": 69013000.0, "num_tronc": "14505", "nom": null, "me_sdage": "FRDR10853", "Date": "2026\/08\/13", "Longueur": 1489.739, "ONDE_num": 4, "ONDE_com": null }, "geometry": { "type": "MultiLineString", "coordinates": [ [ [ 4.767627086059403, 45.686401248440127 ], [ 4.767660278219659, 45.686317907293244 ], [ 4.767733789660496, 45.686181241866507 ], [ 4.76786107507696, 45.686002119642694 ], [ 4.767998897470571, 45.685827020180142 ], [ 4.768341776143568, 45.685493734399039 ], [ 4.768473376817907, 45.685377368219797 ], [ 4.768610650205151, 45.685245510666896 ], [ 4.768776619820852, 45.685106852320409 ], [ 4.768892203186626, 45.68499600629891 ], [ 4.769207063420607, 45.684763406788093 ], [ 4.769349193896535, 45.684650927341778 ], [ 4.76937400697262, 45.684643241818762 ], [ 4.769529289012538, 45.68459243434279 ], [ 4.769605221489927, 45.684519634966854 ], [ 4.769701263138394, 45.684460840891454 ], [ 4.76980084498685, 45.684416312401567 ], [ 4.769895048482433, 45.684384433241561 ], [ 4.76999788378889, 45.684309049155615 ], [ 4.770139842128579, 45.684263584233037 ], [ 4.770177358513079, 45.684243269088185 ], [ 4.770250523275751, 45.684168351049529 ], [ 4.770377067075509, 45.684074895031578 ], [ 4.770625141925245, 45.683924134806858 ], [ 4.770755326740244, 45.683811976402765 ], [ 4.770780405030063, 45.68377645443568 ], [ 4.770841163221977, 45.683723483198357 ], [ 4.770927926207411, 45.683555532684053 ], [ 4.771062319482462, 45.683334006505149 ], [ 4.771314707856665, 45.683053204316515 ], [ 4.77142500455347, 45.682849755577159 ], [ 4.771652646763607, 45.68247044372746 ], [ 4.771578091023661, 45.682381365195937 ], [ 4.771523982898797, 45.682292775658446 ], [ 4.771401450221686, 45.682113930179668 ], [ 4.77126856756294, 45.681840537631096 ], [ 4.771162993603258, 45.681516996303017 ], [ 4.771095231113434, 45.681375119102839 ], [ 4.770980778870443, 45.681219789819778 ], [ 4.770801449701311, 45.680988604818232 ], [ 4.770738551403482, 45.680902314858301 ], [ 4.770738949039021, 45.680842456403944 ], [ 4.770734660482266, 45.680744571576547 ], [ 4.77074911984094, 45.680606130250325 ], [ 4.770848978910877, 45.680136821368045 ], [ 4.770923863371502, 45.679935145832864 ], [ 4.770973727834413, 45.679758723263738 ], [ 4.771039352331451, 45.679617045447912 ], [ 4.771100245623469, 45.679460039842162 ], [ 4.771148233635737, 45.679381598944829 ], [ 4.771193674630295, 45.67924766928634 ], [ 4.771282050984006, 45.678949720552573 ], [ 4.771286724463469, 45.678818728803066 ], [ 4.771272624512686, 45.678739507899692 ], [ 4.771286589285289, 45.678585672128122 ], [ 4.771272231354694, 45.678389993439957 ], [ 4.771247738882148, 45.678202850744874 ], [ 4.771154788966469, 45.677996518654702 ], [ 4.769899791792461, 45.677059693888324 ], [ 4.769857202317343, 45.676800688530818 ], [ 4.769828242861592, 45.67667860204854 ], [ 4.769763154913906, 45.676499527938283 ], [ 4.769658245680681, 45.676220290106222 ], [ 4.769621038362008, 45.676177775787366 ], [ 4.769456129026915, 45.67604728702068 ], [ 4.769379579363997, 45.675979855629386 ], [ 4.76933278721147, 45.675951002452358 ], [ 4.769212624025865, 45.675893848690286 ], [ 4.769047369974297, 45.675812813726836 ], [ 4.768881403126933, 45.675721521636085 ], [ 4.768836518499212, 45.675667913824597 ], [ 4.768757563771307, 45.675283965465198 ], [ 4.768762548614676, 45.675259027594542 ], [ 4.76877250335666, 45.675184562719167 ], [ 4.768676347671904, 45.674841281305262 ] ] ] } },
{ "type": "Feature", "properties": { "id_map": 69003659.0, "num_tronc": "3610", "nom": null, "me_sdage": "FRDR10853", "Date": "2026\/08\/13", "Longueur": 524.918, "ONDE_num": 4, "ONDE_com": null }, "geometry": { "type": "MultiLineString", "coordinates": [ [ [ 4.764042527533311, 45.689896112943785 ], [ 4.764555572309407, 45.689801966812254 ], [ 4.764876761374159, 45.689214251262506 ], [ 4.765109601157654, 45.688553289656127 ], [ 4.765211313235193, 45.68814697447668 ], [ 4.765601877620407, 45.688249651446256 ], [ 4.765627072653249, 45.688193457584013 ], [ 4.765683080353485, 45.688124215845491 ], [ 4.7659762449901, 45.687863188197042 ], [ 4.766254243847075, 45.687634417773822 ], [ 4.76648434371515, 45.687414909497335 ], [ 4.767027355686702, 45.68691325408745 ], [ 4.767319164603565, 45.686658458933458 ], [ 4.767521179610284, 45.686501402939847 ], [ 4.767627086059403, 45.686401248440127 ] ] ] } },
{ "type": "Feature", "properties": { "id_map": 69014007.0, "num_tronc": "923b", "nom": null, "me_sdage": null, "Date": "2026\/08\/13", "Longueur": 1022.978, "ONDE_num": 1, "ONDE_com": null }, "geometry": { "type": "MultiLineString", "coordinates": [ [ [ 4.762383955885237, 45.698515940762789 ], [ 4.762600800301473, 45.698122179049882 ], [ 4.762588369244609, 45.697732003995284 ], [ 4.762656281484875, 45.696777980643141 ], [ 4.762685377813939, 45.696662710858185 ], [ 4.763423407752707, 45.69668560591407 ], [ 4.763318483358862, 45.695963916311207 ] ], [ [ 4.76331775184621, 45.695940964845377 ], [ 4.763322340680813, 45.695056820823098 ] ], [ [ 4.763322523556471, 45.69506255868918 ], [ 4.763449294194581, 45.694095604676455 ], [ 4.763572831166843, 45.693505103854598 ], [ 4.76364892078787, 45.692709491623098 ], [ 4.763902791347491, 45.690908669077757 ], [ 4.764042527533311, 45.689896112943785 ] ] ] } },
{ "type": "Feature", "properties": { "id_map": 69004339.0, "num_tronc": "4277", "nom": "le merdanson", "me_sdage": "FRDR10853", "Date": "2026\/08\/13", "Longueur": 2056.555, "ONDE_num": 1, "ONDE_com": null }, "geometry": { "type": "MultiLineString", "coordinates": [ [ [ 4.74627424808655, 45.710314719048206 ], [ 4.746344847225559, 45.710315246289277 ], [ 4.746449400922319, 45.710316193018379 ], [ 4.746557422464104, 45.710329245436732 ], [ 4.746669474833722, 45.710372228791563 ], [ 4.746751336598416, 45.710424056571512 ], [ 4.746855270630149, 45.71047864958738 ], [ 4.746998899550914, 45.710532221833105 ], [ 4.747157823840656, 45.710593798227343 ], [ 4.747310695932746, 45.710622502391608 ], [ 4.747442848754681, 45.710654635069794 ], [ 4.747536564360325, 45.710703171051065 ], [ 4.747658052698759, 45.710727362499313 ], [ 4.747768159431186, 45.710720926177402 ], [ 4.747850692938968, 45.710684113248057 ], [ 4.747941720376917, 45.710610960108504 ], [ 4.748008722224446, 45.710534261491418 ], [ 4.748079859182225, 45.710441961500621 ], [ 4.748172400686844, 45.710306906139529 ], [ 4.748255991268357, 45.710193741621993 ], [ 4.74832322219342, 45.710051107531406 ], [ 4.748350242326187, 45.709929768473387 ], [ 4.748373804822096, 45.709894275352582 ], [ 4.748430689882827, 45.70968060085039 ], [ 4.748599694087046, 45.709438840958981 ], [ 4.748657514960075, 45.709315807926018 ], [ 4.748666029199483, 45.709243529207576 ], [ 4.748711359776411, 45.709201213132367 ], [ 4.748749484811543, 45.709126178100313 ], [ 4.748777484463393, 45.70896267065617 ], [ 4.748832529684284, 45.70887386241403 ], [ 4.748826753378995, 45.708813154360982 ], [ 4.748776467406304, 45.708771916781387 ], [ 4.74876296167047, 45.708735107331073 ], [ 4.748789845909248, 45.708670514777737 ], [ 4.748857750626464, 45.708610284530742 ], [ 4.748962965263373, 45.70852245398293 ], [ 4.74903465315388, 45.708447708566098 ], [ 4.749092736777565, 45.708333047780769 ], [ 4.749153396721558, 45.708238883084341 ], [ 4.749256258214441, 45.708064485825844 ], [ 4.749353516992612, 45.707932463621503 ], [ 4.749402437184686, 45.707869555409133 ], [ 4.749521613694463, 45.707772050136072 ], [ 4.749625498401121, 45.707727608611393 ], [ 4.749744737408166, 45.707693061525433 ], [ 4.7498220838597, 45.707638763829635 ], [ 4.74993213656797, 45.70753329342044 ], [ 4.750020076439488, 45.70746032154868 ], [ 4.750124503736687, 45.707420870046199 ], [ 4.751222436840726, 45.706577503957647 ], [ 4.75154667619993, 45.705952868039162 ], [ 4.751640532259703, 45.705847647632069 ], [ 4.751857014802598, 45.705681074074626 ], [ 4.751974833381408, 45.705577507419733 ], [ 4.75209901962057, 45.705492351157879 ], [ 4.752519612899583, 45.705280179039775 ], [ 4.752636961434637, 45.705210530605278 ], [ 4.752727455797091, 45.705121033842509 ], [ 4.752836991971352, 45.705036104614258 ], [ 4.752958497803364, 45.704988143245792 ], [ 4.753056375119098, 45.704900422836097 ], [ 4.753157245718646, 45.704821978087672 ], [ 4.753275076391267, 45.704755428902715 ], [ 4.753362613644471, 45.704670030800813 ], [ 4.75341462770283, 45.70458329392482 ], [ 4.753457617481303, 45.704491698527306 ], [ 4.753380167359546, 45.704335640209038 ], [ 4.753419011058018, 45.704247081676797 ], [ 4.753979892039966, 45.703777099945071 ], [ 4.754348847869042, 45.703433050264252 ], [ 4.754527936143427, 45.70321882064421 ], [ 4.754688156981172, 45.702981240963425 ], [ 4.754870672918863, 45.702753581873495 ], [ 4.755199100737558, 45.702384490267512 ], [ 4.755373142509182, 45.702230189864935 ], [ 4.755413306089164, 45.70220767694483 ], [ 4.755528358199304, 45.702175350440115 ], [ 4.755646528328622, 45.702156215638837 ], [ 4.75579440803335, 45.702137563499782 ], [ 4.755942549112653, 45.70212714856995 ], [ 4.756088322072083, 45.702127173530563 ], [ 4.756247843012088, 45.702135090387991 ], [ 4.756387338605297, 45.702168178723284 ], [ 4.756654147423676, 45.702275752212508 ], [ 4.75677005492888, 45.70233109503944 ], [ 4.756903102127518, 45.702379685400096 ], [ 4.757050046125561, 45.702404415310106 ], [ 4.75718577293793, 45.702415944445846 ], [ 4.757308928773199, 45.702408079072598 ], [ 4.757425882367378, 45.70238706988907 ], [ 4.75754664679902, 45.70235249051391 ], [ 4.757655234690204, 45.702310940321389 ], [ 4.757801598662736, 45.702232457110412 ], [ 4.757917451596403, 45.70215255824349 ], [ 4.758034203049645, 45.702064538856696 ], [ 4.75821087796912, 45.702029761912812 ], [ 4.758427344033869, 45.701997200936546 ], [ 4.758527895346585, 45.701945507225304 ], [ 4.758584844531352, 45.701905167356159 ], [ 4.75862930138302, 45.701872183073135 ], [ 4.758959922079139, 45.701560871330244 ], [ 4.759039444611422, 45.701466406511955 ], [ 4.759153223290858, 45.701309257897442 ], [ 4.759201212835845, 45.701229741649456 ], [ 4.759281154279225, 45.701136350958826 ], [ 4.759371923273515, 45.701056031556398 ], [ 4.759661550321088, 45.700886814065861 ], [ 4.759819796934186, 45.700769907467347 ], [ 4.759981638917054, 45.700596334920093 ], [ 4.760071995370219, 45.700478867127515 ], [ 4.760192058649503, 45.700264874559373 ], [ 4.760196919162281, 45.700138879514896 ], [ 4.760260924782122, 45.699993180674724 ], [ 4.760310268983, 45.699871489575855 ], [ 4.76037242434084, 45.699849441879458 ], [ 4.760463881507763, 45.699790862917112 ], [ 4.760593597879909, 45.699759112630524 ], [ 4.760780121752321, 45.699719043581034 ], [ 4.760973474236001, 45.699663330258723 ], [ 4.761198653646453, 45.699565641442199 ], [ 4.761285702054232, 45.699501861560094 ], [ 4.761347104204491, 45.699456181472101 ], [ 4.761422040543086, 45.69938745678369 ], [ 4.761472781286032, 45.699314322429196 ], [ 4.761587495976269, 45.699146920217608 ] ], [ [ 4.7615848463904, 45.699148436426221 ], [ 4.761857042711759, 45.698948995539837 ], [ 4.762383955885237, 45.698515940762789 ] ] ] } },
{ "type": "Feature", "properties": { "id_map": 69008146.0, "num_tronc": "8142", "nom": "le chéron", "me_sdage": null, "Date": "2026\/08\/12", "Longueur": 334.998, "ONDE_num": 4, "ONDE_com": null }, "geometry": { "type": "MultiLineString", "coordinates": [ [ [ 4.751324798394793, 45.670453327391336 ], [ 4.753189149684903, 45.67090596957776 ], [ 4.75330238676164, 45.670903531064013 ], [ 4.753574133823431, 45.670928617733644 ], [ 4.753765161875918, 45.670960635307296 ], [ 4.75383982839264, 45.67098162980993 ], [ 4.753952782535823, 45.67104323520342 ], [ 4.754074494608269, 45.671101461532707 ], [ 4.75428255932635, 45.671184553086228 ], [ 4.754513794414425, 45.671256880121547 ], [ 4.754917371837954, 45.671343139111571 ], [ 4.755066355853344, 45.671386212857882 ], [ 4.755125549607425, 45.671393261552595 ], [ 4.755184477877952, 45.6713919377911 ], [ 4.755358368814964, 45.671369637032349 ] ] ] } },
{ "type": "Feature", "properties": { "id_map": 69004334.0, "num_tronc": "4272", "nom": null, "me_sdage": null, "Date": "2026\/08\/13", "Longueur": 514.582, "ONDE_num": 4, "ONDE_com": null }, "geometry": { "type": "MultiLineString", "coordinates": [ [ [ 4.721622428862811, 45.668961915369934 ], [ 4.722036117397543, 45.668805623805618 ], [ 4.722305178862796, 45.668732875778865 ], [ 4.722475576887913, 45.668697303937151 ], [ 4.722543300106713, 45.668693836122735 ], [ 4.722613942598949, 45.668697484153853 ], [ 4.722749544656643, 45.668732698574097 ], [ 4.722878891100192, 45.66880219001068 ], [ 4.723175548924961, 45.668996930134824 ], [ 4.723271512424185, 45.66907112021623 ], [ 4.723332783435234, 45.669132736000989 ], [ 4.723438702744831, 45.669192452494535 ], [ 4.723589198067453, 45.66927269805025 ], [ 4.723681219617904, 45.669294527531719 ], [ 4.723789092661777, 45.669305576126725 ], [ 4.723899376331731, 45.669307400598868 ], [ 4.724166444775208, 45.669294394895424 ], [ 4.724379628495861, 45.669258975702675 ], [ 4.724539787988869, 45.669216396975152 ], [ 4.724598043337849, 45.669205912379468 ], [ 4.724668619296814, 45.669207398478079 ], [ 4.724737531915639, 45.66922971613031 ], [ 4.724812795242337, 45.669270310706437 ], [ 4.724886972262477, 45.669325513180425 ], [ 4.724964902627153, 45.669389845233177 ], [ 4.725103687425732, 45.669539441799685 ], [ 4.725184796963195, 45.669606832415219 ], [ 4.725261926140575, 45.669657801183092 ], [ 4.725350896489955, 45.669705345963337 ], [ 4.725443336200554, 45.669740542987768 ], [ 4.725543190111911, 45.669766304103334 ], [ 4.725796303866192, 45.669800119524957 ], [ 4.725956236697303, 45.669799694940714 ], [ 4.726144322657708, 45.669787489787936 ], [ 4.726394158401113, 45.66975326132382 ], [ 4.726748370807152, 45.66967973761539 ], [ 4.727064165562711, 45.669634903781684 ], [ 4.727161158451437, 45.669630714088349 ], [ 4.727255423484917, 45.669637914954336 ], [ 4.727436031652541, 45.669633117988056 ] ] ] } },
{ "type": "Feature", "properties": { "id_map": 69003116.0, "num_tronc": "3093", "nom": null, "me_sdage": null, "Date": "2026\/08\/13", "Longueur": 362.568, "ONDE_num": 4, "ONDE_com": null }, "geometry": { "type": "MultiLineString", "coordinates": [ [ [ 4.717081484803429, 45.66935644470184 ], [ 4.717585112214628, 45.669303504206418 ], [ 4.717821179685854, 45.66928504181935 ], [ 4.718359401449858, 45.669253997445871 ], [ 4.718625545870585, 45.669248449742781 ], [ 4.719678200514006, 45.669202251008471 ], [ 4.719741784325831, 45.669214385122039 ], [ 4.719879633430358, 45.669235112491918 ], [ 4.720271105121567, 45.669281418296933 ], [ 4.720380295909629, 45.669285289475717 ], [ 4.720501750013215, 45.669274516999181 ], [ 4.720642137887748, 45.669252916934532 ], [ 4.720959028911536, 45.669168903190048 ], [ 4.72129074532449, 45.669078312011386 ], [ 4.721622428862811, 45.668961915369934 ] ] ] } },
{ "type": "Feature", "properties": { "id_map": 69001238.0, "num_tronc": "1584", "nom": "le chéron", "me_sdage": null, "Date": "2026\/08\/13", "Longueur": 1933.002, "ONDE_num": 1, "ONDE_com": null }, "geometry": { "type": "MultiLineString", "coordinates": [ [ [ 4.727436031652541, 45.669633117988056 ], [ 4.727502535105877, 45.669639933879814 ], [ 4.727562458528414, 45.669658199481077 ], [ 4.72761265944964, 45.66969836608304 ], [ 4.727725070275795, 45.669817695368799 ], [ 4.72779995652596, 45.669883153066536 ], [ 4.727889317246969, 45.66994311953453 ], [ 4.727976365190419, 45.670015415962254 ], [ 4.728109482424856, 45.670168338463917 ], [ 4.728265099831631, 45.670325914387043 ], [ 4.728458462485764, 45.670482640559257 ], [ 4.728581079983414, 45.670558443733889 ], [ 4.728708863337601, 45.670626871817312 ], [ 4.728981405147192, 45.67073955337888 ], [ 4.729270930558472, 45.67082833014684 ], [ 4.729542380367022, 45.670918329533649 ], [ 4.73005207094302, 45.671108564132133 ], [ 4.730184062330141, 45.671163550558546 ], [ 4.730301063488199, 45.671219848000753 ], [ 4.730503028409368, 45.671330908276182 ], [ 4.730701280103422, 45.671458778281732 ], [ 4.730786569339164, 45.671523939106287 ], [ 4.730885508248503, 45.671631177919956 ], [ 4.731106213347293, 45.671910019680176 ], [ 4.731201048416501, 45.672058528336784 ], [ 4.731272582618749, 45.672213745072952 ], [ 4.731298142992911, 45.672291577894413 ], [ 4.731340755600567, 45.67243399893691 ], [ 4.731385309077295, 45.672675422073532 ], [ 4.731516910029954, 45.672693124051271 ], [ 4.731750169997028, 45.672707776503238 ], [ 4.731926194397625, 45.672703988705365 ], [ 4.732273845438867, 45.672679051384613 ], [ 4.732797644514805, 45.672617356294374 ], [ 4.733159608394786, 45.672581792906826 ], [ 4.733327156871767, 45.672578133356765 ], [ 4.733396297877525, 45.672582878663754 ], [ 4.73364120833539, 45.672600320184038 ], [ 4.733978404216695, 45.672635390076195 ], [ 4.734532452365414, 45.672665768109958 ], [ 4.73515321240082, 45.672734025839866 ], [ 4.735290656890464, 45.672741365404129 ], [ 4.735421133028175, 45.672735436777209 ], [ 4.735872587704534, 45.672702133394218 ], [ 4.736168491009164, 45.672674063611218 ], [ 4.736645464236696, 45.672643336012506 ], [ 4.736788746001639, 45.67262788606174 ], [ 4.737095591297748, 45.672580054826597 ], [ 4.737236209958569, 45.672565726222253 ], [ 4.737369992102733, 45.672566904904151 ], [ 4.737515428615793, 45.672558716461438 ], [ 4.737841014259929, 45.672506270670794 ], [ 4.738660722703322, 45.672343381169775 ], [ 4.739001525684076, 45.672296911888878 ], [ 4.739174690329409, 45.672288022895835 ], [ 4.739326256722324, 45.672290951169252 ], [ 4.739635433356066, 45.672329679429865 ], [ 4.739954184232216, 45.672390956611288 ], [ 4.740099822731504, 45.672425995393077 ], [ 4.740268630183687, 45.672450137742189 ], [ 4.740491587493039, 45.672468038742039 ], [ 4.740778252316206, 45.672464958955906 ], [ 4.740938386833068, 45.672458430356443 ], [ 4.741258810233038, 45.672425779811398 ], [ 4.741551477245602, 45.672417471243413 ], [ 4.741665614450023, 45.672406789137675 ], [ 4.741766232589317, 45.672382940579482 ], [ 4.741853685618023, 45.672332679803958 ], [ 4.741939138513929, 45.672267858517124 ], [ 4.742052358465807, 45.672203553370117 ], [ 4.742145457827626, 45.672149016749472 ], [ 4.742453024619129, 45.671977403116266 ], [ 4.742799174756121, 45.671819377576028 ], [ 4.743027053712196, 45.671687635682908 ], [ 4.743131506762527, 45.671614277942496 ], [ 4.743395260978225, 45.671361195725531 ], [ 4.743526165852352, 45.671222172175192 ], [ 4.743772467466539, 45.67100246006472 ], [ 4.744104798050252, 45.670736424913457 ], [ 4.744208279655107, 45.670644571731202 ], [ 4.744374251958207, 45.670468795729739 ], [ 4.744562108935764, 45.670290383641913 ], [ 4.744635068585767, 45.67020846027031 ], [ 4.744789081298926, 45.670069077168911 ], [ 4.74491544861115, 45.66999416220699 ], [ 4.744960022129641, 45.669977664183087 ], [ 4.745129126013133, 45.669938024788756 ], [ 4.745222840387496, 45.669927655484209 ], [ 4.745362466297588, 45.669857668532792 ], [ 4.745430425077075, 45.669800546432491 ], [ 4.745559882456788, 45.669664785366798 ], [ 4.745632361280688, 45.669604350541661 ], [ 4.745705559712359, 45.669566737338045 ], [ 4.745816152704525, 45.6695416495822 ], [ 4.745917351657185, 45.669536432765312 ], [ 4.746013839008884, 45.669552905789651 ], [ 4.746103526868413, 45.669585967035012 ], [ 4.746267055769857, 45.669662873288658 ], [ 4.746349399116552, 45.669695237604053 ], [ 4.746423997202887, 45.669714211429223 ], [ 4.746490503089498, 45.669721016108923 ], [ 4.74655206244783, 45.669717629450602 ], [ 4.746588164562326, 45.669701397267069 ], [ 4.746649741805203, 45.669661937104827 ], [ 4.746742943968322, 45.669574294112032 ], [ 4.746794379869696, 45.669543232611773 ], [ 4.746935364037, 45.669504161762532 ], [ 4.747063578600902, 45.669475691973808 ], [ 4.747145320063982, 45.669464561066071 ], [ 4.747456014820464, 45.669466225217157 ], [ 4.74761921649488, 45.669605958689793 ], [ 4.747713890524537, 45.669650425259164 ], [ 4.747791151479645, 45.669668276012338 ] ] ] } },
{ "type": "Feature", "properties": { "id_map": 69000912.0, "num_tronc": "893", "nom": "le garon", "me_sdage": "FRDR479a", "Date": "2026\/08\/13", "Longueur": 4332.623, "ONDE_num": 1, "ONDE_com": null }, "geometry": { "type": "MultiLineString", "coordinates": [ [ [ 4.726039439675231, 45.694171203049343 ], [ 4.726076397395921, 45.694107542785737 ], [ 4.72609524596161, 45.694093743501426 ], [ 4.726129411094788, 45.694039448250095 ], [ 4.72626750944101, 45.693831297136384 ], [ 4.72637577582191, 45.693643328320427 ], [ 4.726498236595623, 45.693514858273211 ], [ 4.726586088162041, 45.693438798832368 ], [ 4.726711921925464, 45.693319599091673 ], [ 4.726939698418189, 45.693106424722458 ], [ 4.727002211768115, 45.693021566210554 ], [ 4.727072464633243, 45.692949964408946 ], [ 4.727134877565297, 45.692824846061569 ], [ 4.727183936553783, 45.692704255773307 ], [ 4.727248438544193, 45.692596668981857 ], [ 4.727324819793199, 45.692486738328817 ], [ 4.727370988702791, 45.692434150092197 ], [ 4.727432216276284, 45.692357552445863 ], [ 4.72747084011678, 45.692260900515357 ], [ 4.727515624045962, 45.69217631356085 ], [ 4.727541499627783, 45.692054187136023 ], [ 4.727544955502349, 45.691868499832125 ], [ 4.727531708509269, 45.691592413195643 ], [ 4.727517310495146, 45.691402946534481 ], [ 4.727513318577792, 45.691238044519409 ], [ 4.727513150869528, 45.691133881121317 ], [ 4.727548563362375, 45.691070244027735 ], [ 4.727624691524004, 45.691026383379011 ], [ 4.727711413704874, 45.691025458704161 ], [ 4.727784496866127, 45.691044603587493 ], [ 4.727816927471595, 45.691045997657149 ], [ 4.728230070989964, 45.691077354605291 ], [ 4.72928388178792, 45.691116711150407 ], [ 4.729784522143189, 45.691122535449288 ], [ 4.729940184541979, 45.691119199412768 ], [ 4.730025048647735, 45.691108168608594 ], [ 4.730109199105262, 45.69107431593558 ], [ 4.730171419052922, 45.69101729172835 ], [ 4.730218292536802, 45.690950370306659 ], [ 4.730257806875996, 45.690870051383321 ], [ 4.730322946881593, 45.690783124005712 ], [ 4.730433068702141, 45.690704422575806 ], [ 4.730546339742989, 45.690640128904626 ], [ 4.730840541145564, 45.690566840518599 ], [ 4.730970444853039, 45.690516612000827 ], [ 4.731077680822047, 45.690444304205045 ], [ 4.73116028658241, 45.690373455649564 ], [ 4.73120127636633, 45.690303381688928 ], [ 4.731224289747628, 45.690225612771378 ], [ 4.731230923197112, 45.690141880741272 ], [ 4.731254831475098, 45.69004342697621 ], [ 4.731305713700065, 45.689969147788247 ], [ 4.731413563452325, 45.68994114470965 ], [ 4.731515697768463, 45.689952274766831 ], [ 4.731612285907891, 45.690007939583374 ], [ 4.731684476140725, 45.690084785566455 ], [ 4.731990524406163, 45.690488638592534 ], [ 4.732079191733516, 45.690599142412424 ], [ 4.73219810809529, 45.690727555353774 ], [ 4.732257070542238, 45.690800551241487 ], [ 4.732320503535965, 45.690905498286654 ], [ 4.732430956136478, 45.691108349016595 ], [ 4.732498108859811, 45.691196620830524 ], [ 4.73256452121999, 45.691273555157203 ], [ 4.7327686625594, 45.691427002302561 ], [ 4.73287784412312, 45.691503008388231 ], [ 4.732994090178825, 45.691570664278828 ], [ 4.733118231131301, 45.691619554073668 ], [ 4.733225285324582, 45.691639929207142 ], [ 4.733332628081055, 45.691644897802632 ], [ 4.733419258060442, 45.691640997851131 ], [ 4.733448923809521, 45.691640271166534 ], [ 4.733561470791276, 45.691663668884168 ], [ 4.733670456031752, 45.691696443566386 ], [ 4.733912405661555, 45.691739736496345 ], [ 4.73402462716402, 45.691752735661517 ], [ 4.734135053251858, 45.691757656036955 ], [ 4.734255461348619, 45.691748912109055 ], [ 4.73436189854735, 45.691724981139039 ], [ 4.734431432820443, 45.691667706807394 ], [ 4.734434474329668, 45.691604836023217 ], [ 4.734391850673505, 45.691536588561448 ], [ 4.734320552715832, 45.691451489059197 ], [ 4.734164892519288, 45.691295001568157 ], [ 4.734120376642037, 45.691215569405372 ], [ 4.734112429267456, 45.691134223266857 ], [ 4.734125711180974, 45.691065925757883 ], [ 4.73419940908803, 45.690932388098915 ], [ 4.734241462265856, 45.690884048554608 ], [ 4.734362106906397, 45.690784510099107 ], [ 4.734380566900844, 45.690770715365375 ], [ 4.734439961256324, 45.690746697918762 ], [ 4.734590193480348, 45.690717769039374 ], [ 4.734606692786819, 45.690690629034876 ], [ 4.734612486805811, 45.690617177651703 ], [ 4.734711297962373, 45.690190209583619 ], [ 4.734738896916516, 45.690111288416638 ], [ 4.73475517157624, 45.690076991267276 ], [ 4.734790896842098, 45.690023614948807 ], [ 4.734831987474267, 45.689981504834684 ], [ 4.734940271839665, 45.689905934599551 ], [ 4.735339625878654, 45.68971901250972 ], [ 4.735454074880945, 45.689643346799016 ], [ 4.735541078301776, 45.689614580036896 ], [ 4.735630660789196, 45.689606579687208 ], [ 4.735805265284126, 45.689629559375526 ], [ 4.735917589204726, 45.689670521817156 ], [ 4.735959136817524, 45.689679879361059 ], [ 4.736179210579961, 45.689702022670481 ], [ 4.736483155265327, 45.689755298008215 ], [ 4.736614510257692, 45.689763811332199 ], [ 4.736751226151306, 45.689758866423816 ], [ 4.73699861326613, 45.689729922533012 ], [ 4.737208272921785, 45.689715070444549 ], [ 4.737625537297036, 45.689669049037953 ], [ 4.737713349095919, 45.689653778650978 ], [ 4.737923710522585, 45.689624458121244 ], [ 4.738270000156024, 45.689528324312825 ], [ 4.738433577583939, 45.689470271743502 ], [ 4.738592135697064, 45.689399731594328 ], [ 4.738753165239437, 45.689309697888497 ], [ 4.738831525556356, 45.689251338765231 ], [ 4.738896978627271, 45.689199393677328 ], [ 4.73895337728291, 45.689141508578317 ], [ 4.739060169753183, 45.689030964999752 ], [ 4.73923387523173, 45.688927224346124 ], [ 4.7394669413832, 45.688810812633804 ], [ 4.739626996535669, 45.688702148128705 ], [ 4.739803299763187, 45.688595259024616 ], [ 4.739928749022607, 45.688501855039284 ], [ 4.74009113136211, 45.688344651042755 ], [ 4.740216515862404, 45.688249221140808 ], [ 4.740272533333879, 45.688216065538761 ], [ 4.740414743473063, 45.688140776394647 ], [ 4.740563509686531, 45.688077815468219 ], [ 4.74081539054431, 45.687983672773285 ], [ 4.740965599567406, 45.687917581579825 ], [ 4.741062000460286, 45.687869074935222 ], [ 4.741309449418407, 45.687768919861362 ], [ 4.741441493309648, 45.687725941647273 ], [ 4.741582621082944, 45.687689848319216 ], [ 4.74196460531569, 45.687613687053698 ], [ 4.742537966659182, 45.687432154179554 ], [ 4.742826822751392, 45.687312575486104 ], [ 4.742969382666036, 45.687236331882261 ], [ 4.743066481491791, 45.687173356384946 ], [ 4.743254802891776, 45.687032229139966 ], [ 4.743375045482907, 45.686957411223894 ], [ 4.743440148202996, 45.686931273984897 ], [ 4.743486828470226, 45.68692001325077 ], [ 4.743613174071863, 45.686855368635094 ], [ 4.743692200499418, 45.686806182877845 ], [ 4.743841757946393, 45.686731856398296 ], [ 4.744071075456903, 45.686594956870103 ], [ 4.744335050976605, 45.686505752869174 ], [ 4.744548939728145, 45.686417594173072 ], [ 4.74475682626765, 45.686322502538772 ], [ 4.745077899816344, 45.686197960403533 ], [ 4.745165533507056, 45.686152828509691 ], [ 4.745318927570808, 45.686053581136854 ], [ 4.745477245615418, 45.685976009255121 ], [ 4.745736395886797, 45.685880661804987 ], [ 4.745914118969957, 45.685843860670417 ], [ 4.746021219115727, 45.685829230458054 ], [ 4.746220005744915, 45.685800208675232 ], [ 4.74632738629992, 45.685770036669865 ], [ 4.746457257918648, 45.685707360698089 ], [ 4.746494040617336, 45.685675716087204 ], [ 4.746595339097781, 45.685538364211517 ], [ 4.746664401108305, 45.685466768161177 ], [ 4.746695923546252, 45.685451687941935 ], [ 4.7468529319986, 45.685406019323999 ], [ 4.747000509845421, 45.685379141333186 ], [ 4.747094988187435, 45.685355518651399 ], [ 4.74716714425846, 45.685320893252161 ], [ 4.7472237562975, 45.685270161127235 ], [ 4.747326986693277, 45.685071981024606 ], [ 4.747432750920186, 45.684941854786267 ], [ 4.747475779193989, 45.684876066311439 ], [ 4.747506280627665, 45.684804257299795 ], [ 4.747512107788268, 45.684769039412444 ], [ 4.747509349851097, 45.684706122940028 ], [ 4.747424379527633, 45.684579090733635 ], [ 4.747358082469989, 45.684506216392251 ], [ 4.747215203937452, 45.684401023732448 ], [ 4.747146054988455, 45.684335489219571 ], [ 4.747095232950627, 45.684252106667856 ], [ 4.747065666321077, 45.684182580515682 ], [ 4.747062960675541, 45.684084670860344 ], [ 4.747177796570929, 45.683851183401693 ], [ 4.747271709189947, 45.683712053944575 ], [ 4.747324186823054, 45.68360369575354 ], [ 4.747281416767958, 45.683433450537102 ], [ 4.747298181008864, 45.683378337572414 ], [ 4.747350360539084, 45.683321594362745 ], [ 4.747481368736672, 45.683221880523746 ], [ 4.747592995148034, 45.683155433031949 ], [ 4.747872013056198, 45.683006135208558 ], [ 4.747941820975952, 45.682958305343405 ], [ 4.748005456583856, 45.68289814149697 ], [ 4.748046873070965, 45.682830216101173 ], [ 4.748059439147474, 45.682788678735037 ], [ 4.748052216131327, 45.682718670970942 ], [ 4.74795654411707, 45.682484666477109 ], [ 4.747940026839669, 45.682376703138026 ], [ 4.747948307539025, 45.682297132481501 ], [ 4.748028665598928, 45.682082958813417 ], [ 4.748035709197644, 45.682037453984982 ], [ 4.748029111855071, 45.681926229277295 ], [ 4.748009914531533, 45.681855461613075 ], [ 4.747893285397401, 45.68164137267329 ], [ 4.747868106887121, 45.68153989371244 ], [ 4.747857369665041, 45.681431840679515 ], [ 4.747877965958571, 45.681327219470958 ], [ 4.747937905979032, 45.681186725107828 ], [ 4.748012855524491, 45.681082070986726 ], [ 4.748142328690847, 45.680946171793046 ], [ 4.748346084851717, 45.680794392874191 ], [ 4.748472883369534, 45.680634891300521 ], [ 4.748532669959343, 45.680587216592826 ], [ 4.748685559117903, 45.680484864752195 ], [ 4.748746275098531, 45.680430014894192 ], [ 4.748764433612669, 45.680406900092429 ], [ 4.748824127715308, 45.680295321657674 ], [ 4.748880974519423, 45.680142445052475 ], [ 4.748940617537932, 45.680065859723079 ], [ 4.749067977956589, 45.679948636799899 ], [ 4.749186203682926, 45.679859522475482 ], [ 4.749336755390905, 45.679768689995008 ], [ 4.74962336242016, 45.679628456851404 ], [ 4.749770682194718, 45.679569558932215 ], [ 4.7498931050561, 45.679540095371372 ], [ 4.750086220054415, 45.679515342795199 ], [ 4.750292725263273, 45.679499568989293 ], [ 4.750492260911306, 45.679482822278793 ], [ 4.750704896391488, 45.679465871589883 ], [ 4.751070856082878, 45.679458020822118 ], [ 4.75119206586576, 45.679438977841272 ], [ 4.751283283280683, 45.679410133048329 ], [ 4.751357004337254, 45.679376561332255 ], [ 4.751445966683166, 45.679325188802011 ], [ 4.751528110292609, 45.679253251052252 ], [ 4.751592243955503, 45.679172541242338 ], [ 4.751635922866583, 45.679091068668988 ], [ 4.751653516759475, 45.679025809148243 ], [ 4.751665179225732, 45.678919299497942 ], [ 4.751682561777868, 45.678883901641903 ], [ 4.751877141696275, 45.678588911544075 ], [ 4.751921940421223, 45.67843324834206 ], [ 4.751942953862669, 45.678281197650172 ], [ 4.751960996543526, 45.678217957681944 ], [ 4.752035298530051, 45.678068860989562 ], [ 4.752125767606311, 45.677955585984122 ], [ 4.752208876144663, 45.677768117218115 ], [ 4.752284880452904, 45.677624127882964 ], [ 4.752404816028625, 45.677443246585874 ], [ 4.75248260123774, 45.677270316750644 ], [ 4.752537733311201, 45.677051533173177 ], [ 4.752547106290895, 45.676860617906151 ], [ 4.752566686687624, 45.676736421178326 ], [ 4.752597871409844, 45.676637849076243 ], [ 4.752636939558576, 45.676459576957491 ], [ 4.752684935178253, 45.676344125200636 ], [ 4.752760725633007, 45.676229997224496 ], [ 4.752804129990889, 45.676176495331347 ], [ 4.752886999547454, 45.676091169733461 ], [ 4.753003802408482, 45.676006261631812 ], [ 4.753219952400206, 45.675930345132421 ], [ 4.753583762042538, 45.675843212172943 ], [ 4.753669163328614, 45.675813510163962 ], [ 4.753707668950614, 45.675787915990448 ], [ 4.753818588218197, 45.675699856093502 ], [ 4.753891768106853, 45.675625083769177 ], [ 4.753945004095748, 45.67552914016936 ], [ 4.754116978965245, 45.675324343352926 ], [ 4.754366822588563, 45.675119819428929 ], [ 4.754478488597809, 45.675043231215994 ], [ 4.754624669258238, 45.674924627648601 ], [ 4.754833963136793, 45.674766400189135 ], [ 4.754869158485284, 45.674733696569874 ], [ 4.754959484150199, 45.674677030743247 ], [ 4.755094336312123, 45.674565898789915 ], [ 4.755222565580326, 45.674440413558763 ], [ 4.755324339865306, 45.674307234163273 ], [ 4.755404046602034, 45.674146701934902 ], [ 4.755474948400444, 45.674024541864817 ], [ 4.755520424111561, 45.673951416223041 ], [ 4.755563121049065, 45.67385144780507 ], [ 4.755609479558262, 45.673636041850664 ], [ 4.755676074413326, 45.673341688762548 ], [ 4.755809951652593, 45.672944822110956 ], [ 4.755854518053575, 45.672685129250979 ], [ 4.755851094233747, 45.672540754430294 ], [ 4.75583272031968, 45.672459707159831 ], [ 4.755772369769256, 45.672282578535622 ], [ 4.755668246687606, 45.672062087798388 ], [ 4.755572875575397, 45.671935224023834 ], [ 4.755511885391067, 45.671810796552052 ], [ 4.755435411827773, 45.67161135644195 ], [ 4.75537891583671, 45.671434167567135 ], [ 4.755358368814964, 45.671369637032349 ] ] ] } },
{ "type": "Feature", "properties": { "id_map": 69000349.0, "num_tronc": "343", "nom": "le furon", "me_sdage": null, "Date": "2026\/08\/13", "Longueur": 99.197, "ONDE_num": 4, "ONDE_com": null }, "geometry": { "type": "MultiLineString", "coordinates": [ [ [ 4.676163316059906, 45.657367566588015 ], [ 4.676225664847581, 45.65755605241047 ], [ 4.676257415471969, 45.657612052648616 ], [ 4.676564739089597, 45.657682999048738 ], [ 4.676639828702291, 45.65771957451399 ], [ 4.676687184987486, 45.657731028523969 ], [ 4.67679930227546, 45.65776880878321 ], [ 4.676877184293486, 45.657770350881862 ], [ 4.677116639113362, 45.657801370476065 ] ] ] } },
{ "type": "Feature", "properties": { "id_map": 69000349.0, "num_tronc": "343", "nom": "le furon", "me_sdage": null, "Date": "2026\/08\/13", "Longueur": 1905.616, "ONDE_num": 4, "ONDE_com": null }, "geometry": { "type": "MultiLineString", "coordinates": [ [ [ 4.655805970758742, 45.652028699332675 ], [ 4.656166667676383, 45.652275899076962 ], [ 4.656486720391054, 45.652439392131313 ], [ 4.656661118688064, 45.652537882135249 ], [ 4.656831420672843, 45.652705469294858 ], [ 4.656973729419805, 45.652941829861284 ], [ 4.657075557461864, 45.653087186955119 ], [ 4.657213750137498, 45.653224578050668 ], [ 4.657664271204853, 45.653524491753437 ], [ 4.657750805383327, 45.653583608163117 ], [ 4.658089827875858, 45.653672511383739 ], [ 4.658400630810442, 45.653719677457211 ], [ 4.658679735221868, 45.653789061152345 ], [ 4.658754840105297, 45.653826728871152 ], [ 4.658999982568093, 45.654022797549416 ], [ 4.659280640680771, 45.654195374912938 ], [ 4.659737356700392, 45.654457090518349 ], [ 4.660034204299881, 45.654591193490106 ], [ 4.660155613986611, 45.654682488585124 ], [ 4.660643272193174, 45.655024940768079 ], [ 4.661229941339126, 45.655302567069349 ], [ 4.661869112810517, 45.655493490397184 ], [ 4.661975705933272, 45.655553118195492 ], [ 4.662385665724172, 45.655783899733073 ], [ 4.662643209830732, 45.655866156707688 ], [ 4.663002986725389, 45.655952577332059 ], [ 4.663370446946728, 45.656025373077789 ], [ 4.663524252535782, 45.656078897806474 ], [ 4.663944503610178, 45.656177391709178 ], [ 4.664049169630932, 45.656211241540412 ], [ 4.664106190654257, 45.656211074234747 ], [ 4.6642607008192, 45.656211087042827 ], [ 4.664850261424885, 45.656212232824075 ], [ 4.665143449008014, 45.656185469887589 ], [ 4.665251822839783, 45.656176031018212 ], [ 4.66534826286386, 45.656192573121643 ], [ 4.66544977630245, 45.656236871179416 ], [ 4.665573910023294, 45.656251787494668 ], [ 4.665784375328577, 45.656254618157988 ], [ 4.666054517482523, 45.656204686007925 ], [ 4.666223086789343, 45.656198138257082 ], [ 4.666754883783827, 45.656046787708775 ], [ 4.666898085873284, 45.655991167005467 ], [ 4.667232353145361, 45.655895563642751 ], [ 4.667342677788628, 45.655861370113655 ], [ 4.667483052361567, 45.655839836339851 ], [ 4.667607975333198, 45.655804210405691 ], [ 4.667768226398088, 45.655739013970461 ], [ 4.668065818563327, 45.655577210769721 ], [ 4.668536718928889, 45.65537446925255 ], [ 4.66882079082385, 45.655313921029546 ], [ 4.669142449598701, 45.655273215297029 ], [ 4.66935750038953, 45.65527489042428 ], [ 4.669524558954558, 45.65533334438787 ], [ 4.669565785619704, 45.655371642532678 ], [ 4.669750592212046, 45.65539254467528 ], [ 4.669847629631183, 45.655390565019047 ], [ 4.670023638403092, 45.655349720253454 ], [ 4.6702408599259, 45.655333933272004 ], [ 4.670372493785261, 45.655354812628197 ], [ 4.670498919416392, 45.65535631434701 ], [ 4.670888065148913, 45.655343108852215 ], [ 4.671254125202485, 45.655343754971099 ], [ 4.671424861543231, 45.655345273370337 ], [ 4.671940933333191, 45.655413943379912 ], [ 4.672202080181213, 45.655398175784391 ], [ 4.672566538887151, 45.655396814888192 ], [ 4.672969122037287, 45.655458519625419 ], [ 4.673018584927624, 45.655476023450191 ], [ 4.673332205336036, 45.655590117694281 ], [ 4.673633957390896, 45.655668450212985 ], [ 4.673793450912497, 45.655756868078171 ], [ 4.674059500123247, 45.655928680916197 ], [ 4.674469195316931, 45.656225353301252 ], [ 4.674601565215051, 45.656257700552132 ], [ 4.674864407683011, 45.656285134473308 ], [ 4.674971560030595, 45.656311776822257 ], [ 4.675410680705193, 45.656511004365555 ], [ 4.675584601602178, 45.65665581312394 ], [ 4.675720714347661, 45.656849956465997 ], [ 4.675752471500421, 45.65708442745985 ], [ 4.675811110658996, 45.657214063897442 ], [ 4.675922851816543, 45.65739222236521 ], [ 4.675930865435792, 45.657402370885777 ], [ 4.675986421519259, 45.657391951578802 ], [ 4.676072864635986, 45.657358104961176 ], [ 4.67610530536259, 45.657322360187571 ], [ 4.676163316059906, 45.657367566588015 ] ] ] } },
{ "type": "Feature", "properties": { "id_map": 69000396.0, "num_tronc": "386", "nom": "le furon", "me_sdage": null, "Date": "2026\/08\/13", "Longueur": 907.823, "ONDE_num": 4, "ONDE_com": null }, "geometry": { "type": "MultiLineString", "coordinates": [ [ [ 4.677116639113362, 45.657801370476065 ], [ 4.677245090357244, 45.65780594189706 ], [ 4.677426598734168, 45.657793915657166 ], [ 4.677588455712214, 45.657794611399211 ], [ 4.677792298560311, 45.657782116669736 ], [ 4.677854516362431, 45.657788079711814 ], [ 4.677911517637495, 45.657812629551543 ], [ 4.678179744108887, 45.657864834555497 ], [ 4.678266168490878, 45.65789394444981 ], [ 4.678378790733403, 45.65794833328161 ], [ 4.678467984489645, 45.658005232928858 ], [ 4.678689427408572, 45.658128387679014 ], [ 4.678844109068429, 45.658235514575829 ], [ 4.678935811454205, 45.658286161728213 ], [ 4.679146829162966, 45.658370426342962 ], [ 4.679395846683442, 45.658449800469072 ], [ 4.679691349680744, 45.658588060934115 ], [ 4.679983023126112, 45.658739752978875 ], [ 4.680313221833699, 45.658865740190514 ], [ 4.680688101558813, 45.659067257546781 ], [ 4.680984935213087, 45.659236433436249 ], [ 4.68115412926854, 45.6593390173134 ], [ 4.681261607336761, 45.659414150920718 ], [ 4.681371540569105, 45.659506676050185 ], [ 4.681600352185508, 45.659669030205926 ], [ 4.681821282296859, 45.659850956481023 ], [ 4.681915389161907, 45.65995520126981 ], [ 4.682055905471711, 45.660179129443407 ], [ 4.682212661497743, 45.660404841374657 ], [ 4.682383011110137, 45.660646697459214 ], [ 4.682581159531369, 45.660877599855304 ], [ 4.682688902439098, 45.660986639089607 ], [ 4.682722516305204, 45.661014913677512 ], [ 4.683049587737238, 45.661278204630435 ], [ 4.683471467168331, 45.661579797490248 ], [ 4.683628235590181, 45.661666216155652 ], [ 4.683834719699893, 45.661790800821336 ], [ 4.684178668796227, 45.662025869912611 ], [ 4.684291773632558, 45.662095647598036 ], [ 4.68463542168111, 45.662358686208641 ], [ 4.685091496759092, 45.662745011734849 ], [ 4.685305529304606, 45.662965404100007 ], [ 4.685434008948567, 45.663084398327726 ] ] ] } },
{ "type": "Feature", "properties": { "id_map": 69000069.0, "num_tronc": "69", "nom": "le garon", "me_sdage": "FRDR479a", "Date": "2026\/08\/13", "Longueur": 8537.797, "ONDE_num": 1, "ONDE_com": null }, "geometry": { "type": "MultiLineString", "coordinates": [ [ [ 4.649171600146315, 45.678409750244072 ], [ 4.649382028121143, 45.678408560277809 ], [ 4.650359637277791, 45.678604863653248 ], [ 4.651030267520207, 45.678705548400643 ], [ 4.651410885078399, 45.678762655676643 ], [ 4.651507791513518, 45.678793659267569 ], [ 4.651554789867611, 45.678792699908364 ], [ 4.651630849243528, 45.678783883758264 ], [ 4.651751874020727, 45.678757655469461 ], [ 4.651817191695562, 45.67873764814469 ], [ 4.652484331452585, 45.678411452718478 ], [ 4.652561764596155, 45.678358302271434 ], [ 4.652681902534915, 45.678173340954778 ], [ 4.652800201351919, 45.678042987757522 ], [ 4.653000568571018, 45.677950204286617 ], [ 4.653187278190934, 45.677916390361545 ], [ 4.653488677565945, 45.677941147989053 ], [ 4.653822801494202, 45.678054861939046 ], [ 4.654014442313027, 45.678134460072251 ], [ 4.654082334713708, 45.678136165054106 ], [ 4.654173708356331, 45.678175488845675 ], [ 4.654222583831606, 45.678288932360005 ], [ 4.654199189811205, 45.67843478102651 ], [ 4.654224136109947, 45.67863747324617 ], [ 4.654251855881005, 45.678675029832981 ], [ 4.654378410133093, 45.67874355923847 ], [ 4.654527294604976, 45.678849859303831 ], [ 4.654679042840284, 45.678897212539333 ], [ 4.655111563018655, 45.678859378596371 ], [ 4.655331621888805, 45.678883705438082 ], [ 4.6553763230538, 45.67889615336928 ], [ 4.655416125972497, 45.678899486323807 ], [ 4.655864872849254, 45.679004619385481 ], [ 4.65598522083188, 45.679033112896072 ], [ 4.656103377122265, 45.679039887039828 ], [ 4.656475092661649, 45.678928095245936 ], [ 4.656931245558538, 45.678752642784914 ], [ 4.656978502084044, 45.678721684651087 ], [ 4.657009830800964, 45.678699472274161 ], [ 4.657109678842026, 45.678661255430612 ], [ 4.657594230944405, 45.678571847873243 ], [ 4.657790959588713, 45.678563683397577 ], [ 4.657984883036881, 45.678590551378079 ], [ 4.65832236411733, 45.678674345141033 ], [ 4.658480279874244, 45.678721602486767 ], [ 4.658621201523276, 45.678780593578928 ], [ 4.65867191515672, 45.678839291781856 ], [ 4.658690974646146, 45.679012212331806 ], [ 4.658748961471085, 45.679056347439676 ], [ 4.658814205856709, 45.679072544540979 ], [ 4.658907722890168, 45.679093188871491 ], [ 4.659337996162199, 45.679109007424572 ], [ 4.65945147273612, 45.679113955575815 ], [ 4.659508809530597, 45.679110678938187 ], [ 4.659588644719183, 45.679086400095137 ], [ 4.660009098558671, 45.678903354914368 ], [ 4.660112246028021, 45.678872382285128 ], [ 4.660132508844136, 45.678866814623611 ], [ 4.660224871006864, 45.678861805424518 ], [ 4.660805050663477, 45.678940527924766 ], [ 4.660895704677128, 45.678968508361741 ], [ 4.661208919036786, 45.679026981956817 ], [ 4.661296145473983, 45.679107702592034 ], [ 4.661337217398455, 45.679178971284557 ], [ 4.661421396230816, 45.67942780425755 ], [ 4.661433327947461, 45.679465727148866 ], [ 4.661521041228408, 45.67962682642024 ], [ 4.661624528517437, 45.679748378101223 ], [ 4.661669203412756, 45.679759878237377 ], [ 4.661728669918086, 45.679776158918202 ], [ 4.661794082508781, 45.679759386830803 ], [ 4.661935432351216, 45.679755409792484 ], [ 4.66207767848825, 45.679781277002434 ], [ 4.662383992032426, 45.679930638141592 ], [ 4.662560608196958, 45.679971399150517 ], [ 4.66280860405373, 45.6800528527964 ], [ 4.662902805936928, 45.680096180973138 ], [ 4.663035912402486, 45.680177033561733 ], [ 4.663413113839858, 45.68044031755781 ], [ 4.663510335988918, 45.680545612714283 ], [ 4.663511198166576, 45.680638415438978 ], [ 4.663512534962378, 45.680734183410948 ], [ 4.663567232813245, 45.680886716959883 ], [ 4.663682324315706, 45.681060650371933 ], [ 4.663754634758051, 45.681106597968402 ], [ 4.663850071858304, 45.681139639352253 ], [ 4.663872415983702, 45.681139174176252 ], [ 4.663905934201238, 45.68113854392525 ], [ 4.664149771267655, 45.68109427565868 ], [ 4.664868176570023, 45.680820614254337 ], [ 4.664947853424625, 45.680791064950128 ], [ 4.665046284468693, 45.680757050167578 ], [ 4.665252229212661, 45.680721851095299 ], [ 4.665401243530863, 45.680729105043838 ], [ 4.665565732872259, 45.680763826000046 ], [ 4.665606386400517, 45.68078254450549 ], [ 4.665645493034253, 45.680839519919395 ], [ 4.665686880823205, 45.680985088919194 ], [ 4.665780333205217, 45.681105839649867 ], [ 4.665815455320232, 45.681132881152394 ], [ 4.665960806854903, 45.681236111434032 ], [ 4.666176857609961, 45.681331675690615 ], [ 4.666413069488671, 45.681456663853602 ], [ 4.666533769836845, 45.681496489670543 ], [ 4.666641220058645, 45.681493143460806 ], [ 4.666715401903677, 45.681473131401916 ], [ 4.667117344172472, 45.681302762949095 ], [ 4.667575265777898, 45.681109677614032 ], [ 4.667749385379009, 45.681054544636112 ], [ 4.667886874102367, 45.68106304679354 ], [ 4.66794332645701, 45.68108153052026 ], [ 4.668052150262168, 45.681149361749043 ], [ 4.668119505610024, 45.681209835973988 ], [ 4.66816634303339, 45.681241837160549 ], [ 4.668251073168376, 45.68132880432303 ], [ 4.668421939062372, 45.681408686138191 ], [ 4.668816413692565, 45.681514977503547 ], [ 4.668864235119908, 45.681528454752836 ], [ 4.669105545366147, 45.681566625854138 ], [ 4.669284584839973, 45.681700156175467 ], [ 4.669324016048828, 45.681754963927219 ], [ 4.669435504775453, 45.681923811256659 ], [ 4.669474961400545, 45.68195389477394 ], [ 4.669779617709882, 45.682060027968106 ], [ 4.670194194499349, 45.682231811686442 ], [ 4.67022731104934, 45.682281713973758 ], [ 4.670283009052982, 45.682479489191614 ], [ 4.670263740542733, 45.682684050391707 ], [ 4.670272031467547, 45.682741616354285 ], [ 4.670321283911751, 45.68290463061853 ], [ 4.670452049028708, 45.682996722977585 ], [ 4.670511144236357, 45.683038809264431 ], [ 4.670714098168769, 45.683249126502645 ], [ 4.670743851851402, 45.683289756441276 ], [ 4.670827386117434, 45.68349009081814 ], [ 4.670883083475015, 45.683560058513919 ], [ 4.670920760159762, 45.683607731332735 ], [ 4.670979006184925, 45.683634428261961 ], [ 4.671054471801567, 45.683644116947306 ], [ 4.671093184257498, 45.683649487148735 ], [ 4.671256150407412, 45.683646123573403 ], [ 4.671282640310098, 45.683642488063427 ], [ 4.671344064739356, 45.683634010900221 ], [ 4.67146457900032, 45.683603580828006 ], [ 4.671703710126941, 45.683620297507851 ], [ 4.671813423517081, 45.683640690941282 ], [ 4.672039077031056, 45.683683411603973 ], [ 4.672282568645751, 45.683742349545305 ], [ 4.672494266036673, 45.683807973794885 ], [ 4.672750140822139, 45.683944951468142 ], [ 4.673428268891632, 45.684353698071298 ], [ 4.673526955238833, 45.684391817074278 ], [ 4.673699167271071, 45.684426411663154 ], [ 4.673868423461215, 45.684427003967194 ], [ 4.674233573026139, 45.684225542723837 ], [ 4.674285095903087, 45.684195594653602 ], [ 4.674372343173968, 45.684174167428708 ], [ 4.674463679490852, 45.684173215004051 ], [ 4.674569160409764, 45.68419380380719 ], [ 4.674648551952492, 45.684231262958946 ], [ 4.674809298816766, 45.684307367828097 ], [ 4.675263777502392, 45.684484484641722 ], [ 4.675507762797744, 45.684610419482176 ], [ 4.675633823700305, 45.684737702790997 ], [ 4.675703386074917, 45.684781522180081 ], [ 4.6758160291436, 45.68487306749676 ], [ 4.676199936267474, 45.685252804331277 ], [ 4.676339110148741, 45.685443795525096 ], [ 4.676397584168352, 45.685503316378679 ], [ 4.676569391592438, 45.685677068858993 ], [ 4.676695398125204, 45.685764226254122 ], [ 4.676801220486542, 45.685834120574384 ], [ 4.677029094284552, 45.686000552831601 ], [ 4.677153902429149, 45.686060842060392 ], [ 4.677285992656005, 45.686094272307322 ], [ 4.677422265092592, 45.686113048986151 ], [ 4.67756993836251, 45.686126386691306 ], [ 4.677709002572938, 45.68614822882094 ], [ 4.678005937981861, 45.686239999337857 ], [ 4.678144129189515, 45.686271176059307 ], [ 4.678290609803689, 45.68629601436475 ], [ 4.678564280567599, 45.686294368459322 ], [ 4.678858635891119, 45.686364558701626 ], [ 4.678996638853021, 45.68642762154564 ], [ 4.679115796897517, 45.686492181063976 ], [ 4.679265455218182, 45.686558177223048 ], [ 4.679472092130355, 45.686672366146261 ], [ 4.680144387495003, 45.687051302791609 ], [ 4.68068960942213, 45.687346070813149 ], [ 4.680813416427282, 45.687423934459069 ], [ 4.6810497210426, 45.687588071431726 ], [ 4.681186766318688, 45.687657495827033 ], [ 4.68174424194682, 45.687860340913879 ], [ 4.682022054063212, 45.687994673924244 ], [ 4.682254624924132, 45.688137247687081 ], [ 4.682377218230301, 45.688213101253638 ], [ 4.682486202889105, 45.688323203986734 ], [ 4.682642492913044, 45.688505555826936 ], [ 4.682743998680385, 45.688572536973503 ], [ 4.682844550460116, 45.688582788880126 ], [ 4.682920554543208, 45.688533826856137 ], [ 4.68300597823708, 45.688464998958757 ], [ 4.683336294077653, 45.688246600143025 ], [ 4.683464421983926, 45.688174836976643 ], [ 4.683590000825776, 45.688120675194774 ], [ 4.683726961213053, 45.688085798037193 ], [ 4.683814399991768, 45.688070575423517 ], [ 4.683896294454136, 45.688088535946783 ], [ 4.683975854068176, 45.688131120130066 ], [ 4.684109202673628, 45.688256258904381 ], [ 4.684337383947447, 45.688533051764246 ], [ 4.684700063577893, 45.688896595764625 ], [ 4.684779552562686, 45.689000112106882 ], [ 4.684848175763661, 45.689126623391161 ], [ 4.684952128624576, 45.689324481228354 ], [ 4.685034446675937, 45.689419578682262 ], [ 4.685155341873968, 45.689502750318454 ], [ 4.685272128725292, 45.689577606879098 ], [ 4.685549711201985, 45.689703828693304 ], [ 4.685707932634601, 45.689759285461903 ], [ 4.685847707255996, 45.689791374968628 ], [ 4.685979646906418, 45.689781429283407 ], [ 4.686098184707323, 45.68973655713198 ], [ 4.686198653398747, 45.689642777654036 ], [ 4.686277028092133, 45.689545140603187 ], [ 4.686377368545322, 45.689447174669176 ], [ 4.686516074146106, 45.689355659654552 ], [ 4.686729543437905, 45.689187231979773 ], [ 4.686853686073684, 45.689161865091556 ], [ 4.686950384344772, 45.689222699773694 ], [ 4.687131982588931, 45.689374673681826 ], [ 4.687206506487632, 45.689466914059416 ], [ 4.687296680826184, 45.689541356521922 ], [ 4.687409778816772, 45.689571006484655 ], [ 4.687548642615184, 45.689623778371036 ], [ 4.6876609650286, 45.689703833321239 ], [ 4.687890892953326, 45.689847516215217 ], [ 4.688078651334513, 45.690011690797569 ], [ 4.688154059944354, 45.690082300763656 ], [ 4.688217168721528, 45.690255233297819 ], [ 4.688293795771987, 45.690327851472965 ], [ 4.688406114766768, 45.690369806568306 ], [ 4.688550784976556, 45.690385336760244 ], [ 4.688693002924784, 45.690371045637903 ], [ 4.68874733259088, 45.69036996099917 ], [ 4.68885598779483, 45.690367656601317 ], [ 4.689009841176862, 45.690380886876007 ], [ 4.689189135496475, 45.690381305934665 ], [ 4.689356645915399, 45.690374605828069 ], [ 4.689523908885119, 45.690359802966725 ], [ 4.689785595044779, 45.690356418389094 ], [ 4.690052466640386, 45.690371329502256 ], [ 4.690154911044219, 45.690392895266093 ], [ 4.690289164984169, 45.690433438580378 ], [ 4.690410025858216, 45.690477290092282 ], [ 4.690515593990334, 45.690537988716393 ], [ 4.690616270472715, 45.690615243300961 ], [ 4.690639698477993, 45.690687982780581 ], [ 4.690641181493837, 45.69078699149896 ], [ 4.690654349662119, 45.690889877962356 ], [ 4.690698055255242, 45.690982713766431 ], [ 4.690796715116321, 45.691057026193086 ], [ 4.691005375747015, 45.691185620327822 ], [ 4.691106025199538, 45.691261929186425 ], [ 4.691174235306445, 45.691349127929413 ], [ 4.691216495541484, 45.691445092636428 ], [ 4.691235546252663, 45.691538568590211 ], [ 4.691283620518277, 45.691635526823084 ], [ 4.691365129927633, 45.691716311031954 ], [ 4.691549561942345, 45.691834189476531 ], [ 4.691598546873746, 45.691910463049886 ], [ 4.691579916500628, 45.692196487114579 ], [ 4.691595371600648, 45.692285828800692 ], [ 4.691651836277401, 45.692367123988369 ], [ 4.69173390476139, 45.692428309526612 ], [ 4.691836114159369, 45.692479870384751 ], [ 4.691970180302692, 45.692514064742404 ], [ 4.692109080399461, 45.692529812230937 ], [ 4.692387082825458, 45.692530094698043 ], [ 4.692770745871776, 45.69255607983586 ], [ 4.692883348872015, 45.69256924922756 ], [ 4.692978599995247, 45.692594973710349 ], [ 4.693031213360697, 45.692625932419432 ], [ 4.693209248024262, 45.692761332779931 ], [ 4.693384352257277, 45.692863946705387 ], [ 4.693715402731089, 45.693098238904 ], [ 4.693805301433842, 45.693175787928666 ], [ 4.693900776929835, 45.693271762254319 ], [ 4.693948414979729, 45.693354269907942 ], [ 4.693920880269268, 45.693437232340287 ], [ 4.693949514155991, 45.693516107729579 ], [ 4.693972714745351, 45.693543455158796 ], [ 4.69400242901949, 45.693582053359521 ], [ 4.694027295292892, 45.693613428846298 ], [ 4.694072264125341, 45.693709486973724 ], [ 4.69408453126436, 45.693820492941839 ], [ 4.694061287947524, 45.6939302765376 ], [ 4.69405793322511, 45.694022197570966 ], [ 4.694105286844771, 45.694095387290098 ], [ 4.694191442880427, 45.694151375714519 ], [ 4.694303107497115, 45.694184147907805 ], [ 4.694427267942422, 45.694196871791775 ], [ 4.694552022148271, 45.694191212488356 ], [ 4.694614868102473, 45.694178513152842 ], [ 4.694649712111533, 45.694170558318028 ], [ 4.694868020013185, 45.694072161179292 ], [ 4.695089906187288, 45.694002486886426 ], [ 4.695216600497685, 45.693972073644233 ], [ 4.695485945170185, 45.693966399176247 ], [ 4.695625149414208, 45.693954171324741 ], [ 4.695764953747983, 45.693961524328707 ], [ 4.695900633736541, 45.693997851474087 ], [ 4.696134282201708, 45.694098093827343 ], [ 4.696270376789799, 45.694147924683584 ], [ 4.696381358444384, 45.694196106962707 ], [ 4.696461893264311, 45.694257312278033 ], [ 4.696485301821553, 45.694316540603268 ], [ 4.696465159334549, 45.694401554060278 ], [ 4.696513440175072, 45.694492292367123 ], [ 4.69657899808687, 45.694580608816395 ], [ 4.696590033425244, 45.694600978426202 ], [ 4.6966316760818, 45.694676414809848 ], [ 4.696638675197502, 45.694879505685016 ], [ 4.696683284625757, 45.694988808458881 ], [ 4.696848867280705, 45.695283408182114 ], [ 4.696931263714845, 45.695417811487786 ], [ 4.697027378111282, 45.695534309493979 ], [ 4.697049996464352, 45.695580309442043 ], [ 4.697119094974665, 45.695721127715061 ], [ 4.697142206110406, 45.69580832692543 ], [ 4.69709675957111, 45.695885480344643 ], [ 4.696990666519964, 45.695946524151168 ], [ 4.696802615365898, 45.696088648659504 ], [ 4.696455510026913, 45.696438390786263 ], [ 4.6963290305259, 45.696614309034473 ], [ 4.696264525845054, 45.696723903772501 ], [ 4.696226325029897, 45.696823645183173 ], [ 4.6961948753277, 45.696917205264633 ], [ 4.696189978145565, 45.697009014549991 ], [ 4.696216196194966, 45.697109542457369 ], [ 4.696262684735614, 45.69719206656336 ], [ 4.696337285105556, 45.697248227442572 ], [ 4.696449209837307, 45.6972892350528 ], [ 4.696588852340922, 45.697316179671688 ], [ 4.696696504610796, 45.697356170546783 ], [ 4.696804032783218, 45.697392110072208 ], [ 4.696977580358495, 45.697430702941602 ], [ 4.697068415683968, 45.697450410963398 ], [ 4.697328783202341, 45.697516067348879 ], [ 4.697564421947257, 45.697592633846362 ], [ 4.697659385401356, 45.697646325401692 ], [ 4.697748488848589, 45.697735232217447 ], [ 4.697790500178098, 45.697784857833447 ], [ 4.697867224826481, 45.697897594296208 ], [ 4.697951853134167, 45.698016561488402 ], [ 4.698046929689564, 45.698099028181467 ], [ 4.698130600931526, 45.698136541965411 ], [ 4.698238525097397, 45.698147615056307 ], [ 4.698357191328723, 45.698131775525951 ], [ 4.698584796505243, 45.698084705775202 ], [ 4.698848151584377, 45.698084247817221 ], [ 4.698983822458472, 45.698094766711833 ], [ 4.69917753660603, 45.698149534838144 ], [ 4.699231046027733, 45.698196824871445 ], [ 4.69922873460782, 45.698410324113205 ], [ 4.699190684049744, 45.698552487006225 ], [ 4.699185373080564, 45.698643221913379 ], [ 4.69919811520086, 45.698731657997023 ], [ 4.699255158221765, 45.698856309355946 ], [ 4.699308905818899, 45.69894899073396 ], [ 4.699380578202225, 45.699035186947746 ], [ 4.699451641362375, 45.699114096690074 ], [ 4.69953263063278, 45.699189749271106 ], [ 4.699631731470274, 45.699264993481599 ], [ 4.699734367464842, 45.699329781265206 ], [ 4.699945400513148, 45.699446029442917 ], [ 4.700220155162019, 45.699540239450435 ], [ 4.700941375226979, 45.699744709762648 ], [ 4.701102662026672, 45.699798072779807 ], [ 4.701249981166339, 45.699836109498065 ], [ 4.701378227852794, 45.699880919027898 ], [ 4.701604443929828, 45.699938975240194 ], [ 4.701825904058616, 45.700017908880419 ], [ 4.702173332364697, 45.700130201305747 ], [ 4.702413247504265, 45.700232363135491 ], [ 4.702635990976875, 45.700315328955469 ], [ 4.702767546781415, 45.700354817870632 ], [ 4.703116820796851, 45.700439248091485 ], [ 4.703232356609307, 45.700459388515192 ], [ 4.703332871415228, 45.700467596524597 ], [ 4.703566923259348, 45.700466895177676 ], [ 4.703673926974735, 45.70046041351759 ], [ 4.703769117808354, 45.700446004130221 ], [ 4.703860908941871, 45.700421378151383 ], [ 4.703948565493454, 45.700375197946869 ], [ 4.704021229817699, 45.700318030759625 ], [ 4.704100873460301, 45.700224550029851 ], [ 4.704279959467178, 45.699904211238099 ], [ 4.704372997406269, 45.699707308056894 ], [ 4.704401039325962, 45.69960366422184 ], [ 4.704445632164106, 45.699273740606394 ], [ 4.704470003948072, 45.699188661553983 ], [ 4.704519458018827, 45.69910414877171 ], [ 4.704681066977191, 45.698967680347366 ], [ 4.704762589494777, 45.698910243519784 ], [ 4.704866460204328, 45.698864762955843 ], [ 4.704947038999158, 45.698851789569943 ], [ 4.7050233380068, 45.698850094545406 ], [ 4.70508762112881, 45.698871413933126 ], [ 4.7051157709882, 45.698908952219263 ], [ 4.705142508932716, 45.699050812358685 ], [ 4.705193281334051, 45.699134213915308 ], [ 4.70544567306754, 45.699390874872506 ], [ 4.705598400586791, 45.699591759837453 ], [ 4.705671364822908, 45.69968198578745 ], [ 4.705769282895973, 45.699768591408557 ], [ 4.705913006618043, 45.699827482572573 ], [ 4.706081047092785, 45.699862091891362 ], [ 4.706274112547752, 45.699870381963386 ], [ 4.706516316576598, 45.699859012859093 ], [ 4.706608426286325, 45.699844782818055 ], [ 4.706854265826516, 45.699813767789642 ], [ 4.707153699873341, 45.699795045309031 ], [ 4.707547933016744, 45.699786774557118 ], [ 4.707966964817221, 45.699744890830495 ], [ 4.708333811141544, 45.699586526184213 ], [ 4.70841854355326, 45.699533226232568 ], [ 4.708573196918056, 45.699434011271535 ], [ 4.70871368283904, 45.699350547955646 ], [ 4.70886787046253, 45.699311190890164 ], [ 4.708981276834196, 45.699274884068465 ], [ 4.709079488394346, 45.699233538548206 ], [ 4.709169934310666, 45.699177989675277 ], [ 4.709261833155296, 45.699094587175523 ], [ 4.709414771911787, 45.698915009901967 ], [ 4.709494754941671, 45.698832868823125 ], [ 4.709589088995446, 45.698765911833554 ], [ 4.709699736124971, 45.698702760352148 ], [ 4.709819915686673, 45.69866108080744 ], [ 4.709945932102336, 45.698646063226228 ], [ 4.71009175428536, 45.698648038260338 ], [ 4.710185816059277, 45.698647150963524 ], [ 4.710306113508393, 45.698634246351787 ], [ 4.710427863411173, 45.698593488043137 ], [ 4.71052810680979, 45.698530628773185 ], [ 4.710708298413465, 45.698372117518481 ], [ 4.710849266523596, 45.698267027420499 ], [ 4.710925480466973, 45.698225203648676 ], [ 4.711119010865232, 45.698136473268384 ], [ 4.711215138268616, 45.698077729010137 ], [ 4.71135279986172, 45.697965527940852 ], [ 4.711412348909229, 45.697908555046695 ], [ 4.71151491097988, 45.697796076298253 ], [ 4.711666240733093, 45.697589769573085 ], [ 4.711789857981431, 45.697522230686332 ], [ 4.711912898274723, 45.697436056005309 ], [ 4.712145355625555, 45.697297013857167 ], [ 4.712301342780282, 45.697228847367555 ], [ 4.712519818607296, 45.697148922482945 ], [ 4.712797131544901, 45.697026490514354 ], [ 4.713043352538985, 45.696933578070286 ], [ 4.713407041462244, 45.696836176595497 ], [ 4.713638834631063, 45.696787931640003 ], [ 4.713983345899445, 45.696718786613694 ], [ 4.71422926923698, 45.696653707600532 ], [ 4.714464886203774, 45.6965920273894 ], [ 4.714694109265291, 45.696548007587324 ], [ 4.714861129425715, 45.696500070354986 ], [ 4.714914920426579, 45.696481417782266 ], [ 4.715070222861653, 45.696428659724425 ], [ 4.715148324402708, 45.696398153067513 ], [ 4.71529052207565, 45.696358023824637 ], [ 4.715868262861126, 45.696237494795206 ], [ 4.716130335668042, 45.696171084773844 ], [ 4.716217296560294, 45.696140307308298 ], [ 4.716268296722137, 45.696093865033383 ], [ 4.716304751689429, 45.696026027571889 ], [ 4.716353602567875, 45.695960027823837 ], [ 4.716434471752608, 45.695894485987225 ], [ 4.716510548324322, 45.695848472179733 ], [ 4.71659734927978, 45.695812562870437 ], [ 4.716706918731276, 45.695789681919678 ], [ 4.7168774920638, 45.695794243213683 ], [ 4.717035028866486, 45.695826023868442 ], [ 4.717519898594017, 45.695943605017639 ], [ 4.717899354449483, 45.6960067230684 ], [ 4.718193684633823, 45.696047900101313 ], [ 4.718312336451993, 45.696031904518783 ], [ 4.718417186991624, 45.695968832663411 ], [ 4.718546732936932, 45.695906329742186 ], [ 4.71871137297463, 45.695868826095577 ], [ 4.719068484714683, 45.695858108578641 ], [ 4.719226925437193, 45.695844477200588 ], [ 4.719397568407715, 45.69581404148947 ], [ 4.719577622509563, 45.695751442044752 ], [ 4.719706969351011, 45.695682590877524 ], [ 4.719840047423549, 45.695597334920436 ], [ 4.72028339518559, 45.695334272356007 ], [ 4.720553940019974, 45.695193414901212 ], [ 4.720701235566993, 45.695131448998957 ], [ 4.720843424937982, 45.695078883125625 ], [ 4.721003116855332, 45.695031183685543 ], [ 4.721494969254239, 45.694902209864381 ], [ 4.721664514895815, 45.694873813998953 ], [ 4.721829405629908, 45.694881697116301 ], [ 4.722145085201338, 45.694964690201658 ], [ 4.722473512104239, 45.695036003610696 ], [ 4.722813598890299, 45.695147399028677 ], [ 4.722929612947492, 45.695170619289087 ], [ 4.723238780219519, 45.695242495248145 ], [ 4.723384628121678, 45.695282687244834 ], [ 4.72341616148262, 45.69529233774238 ], [ 4.723758528847893, 45.69539018498488 ], [ 4.723842951394259, 45.695401863335874 ], [ 4.724064294327421, 45.695414688932374 ], [ 4.724223241781932, 45.695417390434116 ], [ 4.724413436653123, 45.695420559174678 ], [ 4.724594226037154, 45.695418872688137 ], [ 4.724694473851444, 45.695418689128715 ], [ 4.724842766976979, 45.695413581666848 ], [ 4.724934894043349, 45.695400281934511 ], [ 4.725010901366038, 45.695389390622957 ], [ 4.725114072622687, 45.695359303728715 ], [ 4.725198971887068, 45.695312067999183 ], [ 4.725268911781413, 45.695267358073103 ], [ 4.725314280628948, 45.695188977935452 ], [ 4.72536706903146, 45.69508886735386 ], [ 4.725374004270558, 45.69507633148487 ], [ 4.725396579125515, 45.695021268238655 ], [ 4.725431577334024, 45.694981281583772 ], [ 4.725449527152463, 45.694951013370698 ], [ 4.725469593580176, 45.69490206825018 ], [ 4.725471390224087, 45.694848404056629 ], [ 4.725469303362053, 45.694793853606861 ], [ 4.725448685683913, 45.694726211574526 ], [ 4.725431825094423, 45.694680128794545 ], [ 4.72542659189854, 45.694623599957929 ], [ 4.725424115477132, 45.694568920370287 ], [ 4.725441682031464, 45.694501639264097 ], [ 4.725476519840909, 45.69445652105874 ], [ 4.725516496204619, 45.694427806946166 ], [ 4.725574390428658, 45.694404898101929 ], [ 4.725651647231581, 45.694384664954455 ], [ 4.725733273945031, 45.694368553068976 ], [ 4.725793092931346, 45.694357909180134 ], [ 4.725849546470143, 45.694338264780818 ], [ 4.725920249139907, 45.694305702190782 ], [ 4.725983283710184, 45.694262178424083 ], [ 4.725999817784218, 45.694235984956244 ], [ 4.726039439675231, 45.694171203049343 ] ], [ [ 4.670979006184925, 45.683634428261961 ], [ 4.670985193944739, 45.68367338119446 ], [ 4.671040459430462, 45.683729034322234 ], [ 4.671162676762758, 45.683767751981371 ], [ 4.671213006345649, 45.68377484122626 ], [ 4.671372870026899, 45.683796382447582 ], [ 4.671526917149865, 45.683816793833707 ], [ 4.671666442305101, 45.683854173288502 ], [ 4.671752561155076, 45.683871944685336 ], [ 4.672279803245586, 45.684122840399027 ], [ 4.672571374617553, 45.684267394706495 ], [ 4.672672226091302, 45.684326153045596 ], [ 4.672945261042355, 45.684482330323235 ], [ 4.673183353320797, 45.684617544642826 ], [ 4.673428268891632, 45.684353698071298 ] ] ] } },
{ "type": "Feature", "properties": { "id_map": 69000944.0, "num_tronc": "915", "nom": "ruisseau de cartelier", "me_sdage": "FRDR11479", "Date": "2026\/08\/13", "Longueur": 4268.842, "ONDE_num": 1, "ONDE_com": null }, "geometry": { "type": "MultiLineString", "coordinates": [ [ [ 4.626604505454228, 45.653564541326297 ], [ 4.626677495385771, 45.653622796020763 ], [ 4.626723705443811, 45.653674412382145 ], [ 4.626734634979885, 45.653718567567303 ], [ 4.626797929877687, 45.653761560769759 ], [ 4.626887234034313, 45.653850517710836 ], [ 4.626886950922014, 45.653919558393561 ], [ 4.62692013055171, 45.653973524598953 ], [ 4.627023288179554, 45.654048771144041 ], [ 4.627120443288908, 45.654090194009569 ], [ 4.627156394225794, 45.654172896604734 ], [ 4.627249797431556, 45.654230855910335 ], [ 4.627345483342856, 45.654340255619701 ], [ 4.627536940506994, 45.654417737942914 ], [ 4.627683770386829, 45.654549905573674 ], [ 4.627752998873022, 45.654558767027339 ], [ 4.627814103802595, 45.65464515877251 ], [ 4.627871655364125, 45.654689315253059 ], [ 4.627989724589392, 45.654734352915568 ], [ 4.62832596614712, 45.654756375274182 ], [ 4.628492614388965, 45.654802466095674 ], [ 4.62868634225593, 45.65490463715782 ], [ 4.628799231936227, 45.654996223677657 ], [ 4.628879421201212, 45.655089499126511 ], [ 4.629005949743093, 45.655160082556044 ], [ 4.629103072523762, 45.655200288322682 ], [ 4.629229496665685, 45.655201836378531 ], [ 4.6295064368934, 45.655172564409121 ], [ 4.629804234266819, 45.655158121137028 ], [ 4.629899153177394, 45.65517579624894 ], [ 4.630131575204779, 45.655322663553179 ], [ 4.630282384890223, 45.655380329598799 ], [ 4.630429496448877, 45.655482497267315 ], [ 4.630547982261487, 45.655606965724637 ], [ 4.630805923238733, 45.655769809334515 ], [ 4.630873358190446, 45.655835437352096 ], [ 4.631070451403005, 45.655907698336804 ], [ 4.631103393616112, 45.655953425665196 ], [ 4.63104603343408, 45.656059770664548 ], [ 4.63107420282677, 45.656100433305461 ], [ 4.631144001950053, 45.656115499096479 ], [ 4.631234907572583, 45.656114587301651 ], [ 4.631335758437142, 45.656098129797499 ], [ 4.631495750607624, 45.656022721685339 ], [ 4.631607119449973, 45.656010164548761 ], [ 4.632046798202567, 45.656181584840439 ], [ 4.63232116120789, 45.656352293102607 ], [ 4.632507817639269, 45.656449426464576 ], [ 4.63253533238427, 45.65648091137129 ], [ 4.632569541967884, 45.656517297935665 ], [ 4.632601857108833, 45.65659397211779 ], [ 4.632607743450191, 45.656662923470179 ], [ 4.632614024042219, 45.656745244124259 ], [ 4.632598285168868, 45.656890976343718 ], [ 4.632609292827269, 45.656950666552625 ], [ 4.632665754897576, 45.656996862998241 ], [ 4.632828299863347, 45.657086374552925 ], [ 4.633220350524663, 45.657249429409667 ], [ 4.633349273364141, 45.657374689388533 ], [ 4.633443802702433, 45.657496530290274 ], [ 4.633511760832195, 45.657540533024665 ], [ 4.633590559296947, 45.657664628568824 ], [ 4.633669219742879, 45.657718743621771 ], [ 4.633852695189114, 45.657747019384715 ], [ 4.634194455653182, 45.657759487345281 ], [ 4.634286450097685, 45.657743155776537 ], [ 4.634453517722939, 45.657659399578712 ], [ 4.634571605087614, 45.65756108780301 ], [ 4.634623152508398, 45.657532103243085 ], [ 4.634642103107486, 45.65752142530372 ], [ 4.634922354293717, 45.657512627458807 ], [ 4.635096452716558, 45.657523474193262 ], [ 4.635170550028691, 45.65750132225304 ], [ 4.635238062057091, 45.657464945172137 ], [ 4.635568766466721, 45.657246681384898 ], [ 4.635782321792644, 45.657184539536878 ], [ 4.636166657209961, 45.657203543250979 ], [ 4.636350762773817, 45.657174928117136 ], [ 4.63665923910979, 45.657091274845463 ], [ 4.636741112157059, 45.657084545473907 ], [ 4.636928089048085, 45.657087906664493 ], [ 4.637075406156421, 45.657131293828655 ], [ 4.637291311702086, 45.657265957606583 ], [ 4.637404555916997, 45.65736887915299 ], [ 4.637472669869307, 45.657561353687292 ], [ 4.637516589774123, 45.657587194774543 ], [ 4.637726278078907, 45.657576714198868 ], [ 4.637783325255359, 45.65760344504082 ], [ 4.638015954212198, 45.657821356878294 ], [ 4.638128896533893, 45.657953058728751 ], [ 4.638154810669473, 45.657982403989585 ], [ 4.638354185944063, 45.658105147212375 ], [ 4.638406096052868, 45.658153568732473 ], [ 4.638463087824253, 45.658321616137464 ], [ 4.638380244923708, 45.658477918123232 ], [ 4.638392524014036, 45.658528267370031 ], [ 4.638442921892234, 45.658577656597046 ], [ 4.638501539059886, 45.658605309960222 ], [ 4.638569622865711, 45.658614316625219 ], [ 4.638647197227734, 45.658605486834475 ], [ 4.63870186043713, 45.658616715267165 ], [ 4.638713648195408, 45.658650454158987 ], [ 4.638664855684832, 45.658954737237941 ], [ 4.638668513038709, 45.659078301822476 ], [ 4.638676226844458, 45.659091564595478 ], [ 4.638698625938308, 45.659132309425992 ], [ 4.638741406738827, 45.659171676788638 ], [ 4.638877843685057, 45.659198737686523 ], [ 4.638929267549701, 45.659230683692513 ], [ 4.638954458981282, 45.659274630264022 ], [ 4.6389538230872, 45.659331247028319 ], [ 4.638922294058783, 45.659385611463414 ], [ 4.638834164286679, 45.659454445012095 ], [ 4.638822856964911, 45.659502030205417 ], [ 4.638838305958274, 45.659555305509194 ], [ 4.638870811625488, 45.659599010536361 ], [ 4.63891830300232, 45.65960223718546 ], [ 4.638963864555651, 45.659605356805194 ], [ 4.638983246703711, 45.659648307127206 ], [ 4.63902832169154, 45.659739114650264 ], [ 4.639036480813726, 45.659754397441176 ], [ 4.639102785541944, 45.659794367939831 ], [ 4.639145655104719, 45.659836706102688 ], [ 4.639280045605232, 45.659924727096666 ], [ 4.639381172397797, 45.660086592375087 ], [ 4.639427279721004, 45.660134152252709 ], [ 4.639488319273978, 45.660152447863091 ], [ 4.639645235327861, 45.660285399437043 ], [ 4.639689047213212, 45.660385547120605 ], [ 4.639784879403162, 45.660420628875407 ], [ 4.639802454743425, 45.660532642250232 ], [ 4.639856178772221, 45.660616163134527 ], [ 4.640014142648083, 45.66062831822633 ], [ 4.640329303011776, 45.660717757858286 ], [ 4.640363043129267, 45.660751041684925 ], [ 4.640373984939067, 45.660795195571666 ], [ 4.640553996446032, 45.660914164210354 ], [ 4.640699063696635, 45.661011214926837 ], [ 4.640836894739763, 45.66103311936223 ], [ 4.640934614999367, 45.661118835730264 ], [ 4.64157549963257, 45.661536684864849 ], [ 4.641632282208639, 45.661593275157145 ], [ 4.641764387444439, 45.661798865010326 ], [ 4.641876111023318, 45.662005832746935 ], [ 4.641984620371867, 45.662000467562699 ], [ 4.642250454835668, 45.662206403366916 ], [ 4.642802214566057, 45.662425054946645 ], [ 4.642970558916345, 45.662475153183934 ], [ 4.643023560993333, 45.662508155192036 ], [ 4.64306925138542, 45.66258044334581 ], [ 4.643116178815078, 45.662616506192911 ], [ 4.643178573324297, 45.662810142018948 ], [ 4.643256883847096, 45.662916810286383 ], [ 4.643277190672017, 45.663055668620096 ], [ 4.643330401943914, 45.663095692728824 ], [ 4.64346778925064, 45.66314137840601 ], [ 4.64355463514354, 45.663249948427797 ], [ 4.643558060593851, 45.663300426448004 ], [ 4.643535389229411, 45.663354527831494 ], [ 4.643511963778061, 45.663396210864256 ], [ 4.643337434818153, 45.663579253997987 ], [ 4.643340860090813, 45.663629732026166 ], [ 4.643369792369731, 45.663682674920857 ], [ 4.643424224039272, 45.663724842812073 ], [ 4.64349757875226, 45.663755385939986 ], [ 4.643681676929187, 45.66379079736587 ], [ 4.64396417495408, 45.663934474452631 ], [ 4.644124416417394, 45.663932134800049 ], [ 4.644280645587976, 45.66391147968038 ], [ 4.644452406566512, 45.663933694951673 ], [ 4.644677172386567, 45.663898122845303 ], [ 4.64475980484135, 45.663903670935575 ], [ 4.644846096682131, 45.66392862015595 ], [ 4.644921390492508, 45.663972509115922 ], [ 4.645113174230985, 45.664020100207566 ], [ 4.645257643537705, 45.664096483483576 ], [ 4.64533901250797, 45.664111371635009 ], [ 4.645412934613489, 45.664147984826343 ], [ 4.645591162654459, 45.664296964411285 ], [ 4.645623182657485, 45.66432405720802 ], [ 4.645645898098438, 45.664375198990754 ], [ 4.64556936138045, 45.664483993630832 ], [ 4.645566132135759, 45.664543890896098 ], [ 4.645641909484652, 45.664629924075854 ], [ 4.645726642620252, 45.664693129221135 ], [ 4.645735743559589, 45.664727041847151 ], [ 4.64570880799946, 45.664754320772111 ], [ 4.645656352562401, 45.664765760453484 ], [ 4.645629296509082, 45.664788988067208 ], [ 4.645810516472737, 45.664934816285253 ], [ 4.645866215002004, 45.664967642507534 ], [ 4.645992273247355, 45.664994981861511 ], [ 4.646036480096074, 45.665030137613073 ], [ 4.646051035812343, 45.665130845853945 ], [ 4.646081736566217, 45.665165388414934 ], [ 4.646092887709092, 45.66517751966169 ], [ 4.646223606132557, 45.66524491586739 ], [ 4.646440226009627, 45.665324025703733 ], [ 4.646527363531846, 45.665480955763769 ], [ 4.6465698495236, 45.665510056900551 ], [ 4.646635455571299, 45.665526120362223 ], [ 4.646886145698399, 45.665545691652461 ], [ 4.647055325356352, 45.665584558322038 ], [ 4.64731180094825, 45.665669028020837 ], [ 4.647581335502601, 45.665777894606002 ], [ 4.647771526649854, 45.665823478077222 ], [ 4.647886297146381, 45.665937580813527 ], [ 4.647955650971042, 45.666079503593302 ], [ 4.6480003504197, 45.666131133824329 ], [ 4.648069565998126, 45.666164841983928 ], [ 4.648315146410141, 45.666168002502467 ], [ 4.648385959369669, 45.66620357851459 ], [ 4.648623421898825, 45.66660702894935 ], [ 4.648644711942926, 45.666765461950909 ], [ 4.648670541054561, 45.666817503315386 ], [ 4.648747378666188, 45.666861232124646 ], [ 4.648784273673709, 45.666896629010473 ], [ 4.648910038931393, 45.666952746180641 ], [ 4.649024262970739, 45.667048346878545 ], [ 4.649106666214152, 45.667084833547293 ], [ 4.649192631032565, 45.667098570876284 ], [ 4.649257286288708, 45.667134371654413 ], [ 4.649408036755505, 45.667252944730663 ], [ 4.649485572463083, 45.667281261211578 ], [ 4.649512943481482, 45.667333279813924 ], [ 4.649550575867216, 45.667535651631461 ], [ 4.649567942724687, 45.667626996329197 ], [ 4.6495902162646, 45.667986446467033 ], [ 4.649702025269249, 45.668233666278795 ], [ 4.649770244182452, 45.668388979795836 ], [ 4.649795971749573, 45.668540997857768 ], [ 4.649787399092592, 45.668615429519157 ], [ 4.649753192049928, 45.66868321143243 ], [ 4.649574000713557, 45.668826072295964 ], [ 4.649477972146413, 45.668849770760396 ], [ 4.64927339113897, 45.668851956618347 ], [ 4.649186403737771, 45.668881602001342 ], [ 4.649084379205135, 45.668898092434688 ], [ 4.648984511049311, 45.668935221790974 ], [ 4.648805105869914, 45.669045119658584 ], [ 4.648684159171631, 45.669215632744034 ], [ 4.648567119231265, 45.669607925826753 ], [ 4.648550241318967, 45.669908234246329 ], [ 4.648589107208607, 45.670100320598294 ], [ 4.648594313276092, 45.670119834161106 ], [ 4.648550188537861, 45.670255852236522 ], [ 4.648549719190577, 45.670317735783712 ], [ 4.648600543515283, 45.670445473670298 ], [ 4.648679910339227, 45.670548070022114 ], [ 4.648754486857551, 45.670606287924322 ], [ 4.649170789584909, 45.670815274404553 ], [ 4.649320641531559, 45.670916297682112 ], [ 4.649356538684922, 45.670931038453098 ], [ 4.649474977200115, 45.671025496314599 ], [ 4.649656422548169, 45.67124251429783 ], [ 4.649707499821464, 45.671378624360699 ], [ 4.649707417005871, 45.671440502274741 ], [ 4.649600410634683, 45.67176847612145 ], [ 4.649430549355778, 45.671888502842748 ], [ 4.64913055188302, 45.672207143513283 ], [ 4.649109636577625, 45.672268380772302 ], [ 4.649110435252458, 45.672321058839309 ], [ 4.649140533353829, 45.672373983363904 ], [ 4.64935354223687, 45.672511910345264 ], [ 4.649363524780765, 45.67253648780337 ], [ 4.64937344294624, 45.672558904572192 ], [ 4.649241959883947, 45.672828737373152 ], [ 4.649203201901802, 45.672886182889592 ], [ 4.649046648361605, 45.673013174501264 ], [ 4.648992621486628, 45.673088541876623 ], [ 4.648925747171428, 45.673146669181271 ], [ 4.648651860818355, 45.673281187501054 ], [ 4.648586309749429, 45.673331999719899 ], [ 4.648541989017805, 45.673396821932151 ], [ 4.648532240640313, 45.67350950455269 ], [ 4.648552909265742, 45.673582292154684 ], [ 4.648621153004647, 45.673699507369243 ], [ 4.648693110177206, 45.673773165355144 ], [ 4.648708217372167, 45.673853329856698 ], [ 4.64863420460623, 45.673943580641151 ], [ 4.648495147782775, 45.67406288469261 ], [ 4.648471970905939, 45.674112941463747 ], [ 4.648472263334433, 45.674226287721346 ], [ 4.648482163909702, 45.674286938681121 ], [ 4.64851691787067, 45.674340876052987 ], [ 4.64861817132719, 45.674401675884297 ], [ 4.648696881021176, 45.674494959923848 ], [ 4.648692920629159, 45.674504339936831 ], [ 4.648660150922071, 45.674594662463313 ], [ 4.648669207918245, 45.67463992413758 ], [ 4.648638939213286, 45.674684815784964 ], [ 4.648579738088039, 45.674715945241076 ], [ 4.648525700544224, 45.674726328482144 ], [ 4.648488268396662, 45.674776593919766 ], [ 4.648456404390845, 45.674793812964872 ], [ 4.648306996559029, 45.674876250327983 ], [ 4.648129834934438, 45.674997462597922 ], [ 4.648098123498329, 45.675019813179773 ], [ 4.647880994049739, 45.675235640874227 ], [ 4.647812194519115, 45.675384584146556 ], [ 4.647766187472912, 45.675483476388678 ], [ 4.647716767759703, 45.675636054009345 ], [ 4.647482881363262, 45.675988308798388 ], [ 4.647446855564586, 45.676111778545554 ], [ 4.647425614913653, 45.676408232694101 ], [ 4.647444229352042, 45.676502666868764 ], [ 4.647507047813527, 45.67652822794296 ], [ 4.647808087479143, 45.67661893563497 ], [ 4.647946308208503, 45.676691354437473 ], [ 4.648108238302711, 45.676796255905082 ], [ 4.648381579554427, 45.677005176348317 ], [ 4.648552747447915, 45.677187220337927 ], [ 4.648636941297529, 45.677309200946731 ], [ 4.648716600187154, 45.677485964193721 ], [ 4.648804027904132, 45.677638835710916 ], [ 4.649041695442699, 45.678047417268601 ], [ 4.649068715131233, 45.678268588963284 ], [ 4.649077975283938, 45.678281828478674 ], [ 4.649171600146315, 45.678409750244072 ] ] ] } },
{ "type": "Feature", "properties": { "id_map": 69013450.0, "num_tronc": "912962", "nom": null, "me_sdage": null, "Date": "2026\/08\/13", "Longueur": 502.825, "ONDE_num": 4, "ONDE_com": null }, "geometry": { "type": "MultiLineString", "coordinates": [ [ [ 4.610541435025705, 45.639920681323638 ], [ 4.610035180002426, 45.639771073023219 ], [ 4.609600417343505, 45.639629356705697 ], [ 4.609167998475495, 45.639488686034234 ], [ 4.608734422795951, 45.639347895169472 ], [ 4.608507797357419, 45.63905148207585 ], [ 4.608282356868324, 45.638755997336972 ], [ 4.607848789175067, 45.638615203070209 ], [ 4.60741522760536, 45.638474542179374 ], [ 4.606981605543758, 45.638331718914216 ], [ 4.606548048395111, 45.63819105468685 ], [ 4.606114520862105, 45.638051334100503 ], [ 4.605889450902747, 45.637754758748144 ], [ 4.605871033391627, 45.637305543729617 ] ] ] } },
{ "type": "Feature", "properties": { "id_map": 69002005.0, "num_tronc": "1937", "nom": "ruisseau de cartelier", "me_sdage": "FRDR11479", "Date": "2026\/08\/13", "Longueur": 1657.975, "ONDE_num": 4, "ONDE_com": null }, "geometry": { "type": "MultiLineString", "coordinates": [ [ [ 4.610541435025705, 45.639920681323638 ], [ 4.610783961416556, 45.63999516350291 ], [ 4.610890210273996, 45.640072406312811 ], [ 4.611186265275432, 45.640199351006011 ], [ 4.61136606070168, 45.640315395115742 ], [ 4.611507160587088, 45.6403856536013 ], [ 4.611727900473524, 45.640465849741041 ], [ 4.611826104543343, 45.640491598595929 ], [ 4.611926528357983, 45.64050096844268 ], [ 4.612011319205576, 45.640529070839484 ], [ 4.61214166385867, 45.640653252503888 ], [ 4.612222553799477, 45.640692894145765 ], [ 4.612353932545544, 45.640812872656809 ], [ 4.612461950300138, 45.640937508909268 ], [ 4.612499343532033, 45.6409914186249 ], [ 4.612556239041038, 45.641159478884298 ], [ 4.612594375390832, 45.641225672054667 ], [ 4.612678336535118, 45.641476566280367 ], [ 4.612688819042839, 45.641624891337528 ], [ 4.612715646524995, 45.641778926617903 ], [ 4.612771226394008, 45.641914986874731 ], [ 4.612784534986073, 45.641948706361795 ], [ 4.612851559270908, 45.642041235395283 ], [ 4.612877583133017, 45.64210152253667 ], [ 4.612884150156818, 45.642155063266017 ], [ 4.612891731529438, 45.642230205513592 ], [ 4.612981552457695, 45.642311869983644 ], [ 4.613040283432557, 45.642410597280183 ], [ 4.613050410929055, 45.642480569221028 ], [ 4.613028522823694, 45.64262841247114 ], [ 4.613036779731147, 45.642687062792874 ], [ 4.613135111301204, 45.642862499935738 ], [ 4.613334910293255, 45.643069717368526 ], [ 4.613386151290354, 45.643307975442816 ], [ 4.613451815053313, 45.64340660318588 ], [ 4.613456795622288, 45.643564329023405 ], [ 4.613478825234193, 45.643632914430945 ], [ 4.613594702855395, 45.643696506805618 ], [ 4.613658124567363, 45.64381070312816 ], [ 4.613713468744664, 45.643938525262072 ], [ 4.613718827109931, 45.644003431726254 ], [ 4.613653571641428, 45.644196479988913 ], [ 4.613627796760159, 45.644395987458637 ], [ 4.613637653844829, 45.644456641324574 ], [ 4.613606012871918, 45.644573821649054 ], [ 4.613607810588793, 45.644622296917071 ], [ 4.613632504783638, 45.644689763308712 ], [ 4.613644278240762, 45.644723639826893 ], [ 4.613627447817215, 45.644780623264928 ], [ 4.613630794829464, 45.644855826201322 ], [ 4.613667457704243, 45.644924201813907 ], [ 4.613666845076594, 45.645022158381884 ], [ 4.61364286471339, 45.645111398216414 ], [ 4.613645421511738, 45.64535778468565 ], [ 4.613655591876822, 45.645389522581532 ], [ 4.61370025562244, 45.645468051125064 ], [ 4.613728674494389, 45.645517901058376 ], [ 4.613698337862545, 45.64564019652979 ], [ 4.613737216730669, 45.645692058115301 ], [ 4.613789269870582, 45.64581263202156 ], [ 4.613763287423043, 45.645859614161438 ], [ 4.613763209575216, 45.645962696888915 ], [ 4.613746138837761, 45.64601144266755 ], [ 4.613688995676996, 45.646126016415117 ], [ 4.613615324935625, 45.646228668019525 ], [ 4.613487004006381, 45.646319943898476 ], [ 4.613381257638029, 45.646432377032617 ], [ 4.61319191999132, 45.64673014989706 ], [ 4.613148008836895, 45.646836157495315 ], [ 4.613216294177835, 45.646958525561644 ], [ 4.613228262054061, 45.647038738785071 ], [ 4.613294885527063, 45.64715694251619 ], [ 4.613251873635729, 45.647359939360776 ], [ 4.613257226315404, 45.647490774944238 ], [ 4.613286513335349, 45.647623294016881 ], [ 4.613313455549028, 45.647675326844549 ], [ 4.613367902272191, 45.647785463943165 ], [ 4.613382756920232, 45.647819296343961 ], [ 4.613510474329654, 45.648064159126477 ], [ 4.613562593344333, 45.648120829740897 ], [ 4.613581186085315, 45.648177170308848 ], [ 4.613528257751423, 45.648317487724988 ], [ 4.613525443389845, 45.64839277900397 ], [ 4.613613013060014, 45.64859512012692 ], [ 4.613709605470924, 45.648617918468759 ], [ 4.6137374592452, 45.64864832207433 ], [ 4.61377472298372, 45.648737224365902 ], [ 4.613812733147566, 45.648904609304985 ], [ 4.613990178915457, 45.649216444038373 ], [ 4.614001323755292, 45.649308017457059 ], [ 4.614090332623297, 45.649467105488043 ], [ 4.614269833907739, 45.649651105326285 ], [ 4.614398288970917, 45.649802061848149 ], [ 4.614449843544886, 45.649839285722607 ], [ 4.614497566090306, 45.649864000188714 ], [ 4.614571317279121, 45.649935761589717 ], [ 4.61461239800017, 45.650010153148173 ], [ 4.614662734598344, 45.650045232792202 ], [ 4.615070380556525, 45.650205018256813 ], [ 4.615188054464356, 45.650276824611097 ], [ 4.615433908341124, 45.650384349464346 ], [ 4.615496153539582, 45.65043141690569 ], [ 4.615869008389024, 45.650600210162047 ], [ 4.616000722014003, 45.650730582906469 ], [ 4.61626482658495, 45.650856082584681 ], [ 4.616529567102786, 45.651003323720758 ], [ 4.61659204271993, 45.65101863864011 ], [ 4.616634529482115, 45.651048696340439 ], [ 4.61679911047284, 45.651222638985317 ], [ 4.616841695005387, 45.651401170744236 ], [ 4.616911011337807, 45.651479209016834 ], [ 4.617130198848931, 45.651623185164276 ], [ 4.617354853013881, 45.651795993893742 ], [ 4.617454916136965, 45.651937357600737 ], [ 4.617534427715541, 45.652153321858535 ], [ 4.61769817991205, 45.652311873731009 ], [ 4.617751303185991, 45.652349884229068 ], [ 4.617905567428421, 45.652421026954947 ] ] ] } },
{ "type": "Feature", "properties": { "id_map": 69000210.0, "num_tronc": "208", "nom": "l'artilla", "me_sdage": "FRDR11789", "Date": "2026\/08\/13", "Longueur": 1542.081, "ONDE_num": 1, "ONDE_com": null }, "geometry": { "type": "MultiLineString", "coordinates": [ [ [ 4.587645862329745, 45.659706386204604 ], [ 4.587655904244516, 45.659734075134892 ], [ 4.587645818476135, 45.659919844289405 ], [ 4.587594021754373, 45.660129168532073 ], [ 4.587550465327803, 45.660249616082972 ], [ 4.587458440697122, 45.660413303373723 ], [ 4.587398804712579, 45.660497095357982 ], [ 4.587243412448604, 45.660654785747091 ], [ 4.586963331361932, 45.660858410993683 ], [ 4.58660744097884, 45.661065670687009 ], [ 4.586583468297613, 45.661130045719709 ], [ 4.58660537818859, 45.661276049896514 ], [ 4.586622142317961, 45.661282838849836 ], [ 4.586737224465685, 45.66139915912008 ], [ 4.58676150602491, 45.661533781483968 ], [ 4.586752324230294, 45.661845315577523 ], [ 4.586760606078593, 45.66201326283781 ], [ 4.586841030895271, 45.662076571967759 ], [ 4.587018949406908, 45.662180252741379 ], [ 4.587139155979957, 45.662313928278337 ], [ 4.587216031645836, 45.662360940121069 ], [ 4.587264047237015, 45.662422814416658 ], [ 4.587342607195803, 45.662474801122194 ], [ 4.587428830093914, 45.662713387508106 ], [ 4.587478950331949, 45.662781446635577 ], [ 4.58757767809817, 45.662972301534786 ], [ 4.587628629014659, 45.663029000516318 ], [ 4.587654786321914, 45.663094560352043 ], [ 4.587710801317711, 45.663166589261735 ], [ 4.587798783904375, 45.663238032265809 ], [ 4.587824017009322, 45.663351970795411 ], [ 4.587926750356282, 45.663454008432517 ], [ 4.587991860747093, 45.6635744097456 ], [ 4.588117347054018, 45.663690446905932 ], [ 4.588389867204009, 45.663840751737546 ], [ 4.588558960997354, 45.663985760119282 ], [ 4.588672127518908, 45.664061845875928 ], [ 4.588760912676761, 45.66414773252091 ], [ 4.58885399496849, 45.664222210086756 ], [ 4.58886293879686, 45.664305575532907 ], [ 4.589086279992423, 45.664514530483814 ], [ 4.589197136003477, 45.66456376349452 ], [ 4.58934947311311, 45.664581337963639 ], [ 4.589452303539217, 45.66461947072581 ], [ 4.589590065093915, 45.664639412211876 ], [ 4.589697491124272, 45.664676534180103 ], [ 4.589766843889564, 45.66471635518554 ], [ 4.589856042912887, 45.664816555745546 ], [ 4.590067424855013, 45.664984607354889 ], [ 4.590302086520363, 45.665399562469759 ], [ 4.590328953707378, 45.665449440153125 ], [ 4.590382933766047, 45.665544328439751 ], [ 4.590417565755868, 45.66556937316934 ], [ 4.590508136187007, 45.665583089997867 ], [ 4.590543510449114, 45.66562055338958 ], [ 4.590621839547918, 45.66563741523381 ], [ 4.590699344715001, 45.665692657016002 ], [ 4.590848364615738, 45.66588968895654 ], [ 4.591072399704821, 45.666001628696549 ], [ 4.591179826614926, 45.666078873950291 ], [ 4.591352465879849, 45.666132230558574 ], [ 4.591402355062001, 45.666165165371815 ], [ 4.591385289466364, 45.666214988200828 ], [ 4.591398711226374, 45.66625289667941 ], [ 4.591453964705987, 45.666311559735185 ], [ 4.591447210700479, 45.666358129543148 ], [ 4.591493371359753, 45.666408815097924 ], [ 4.591657561914968, 45.666503361028589 ], [ 4.591730091017314, 45.666519493507849 ], [ 4.59187958972044, 45.666679364944116 ], [ 4.591942429621487, 45.666706982654304 ], [ 4.591976206433266, 45.666742441708458 ], [ 4.592121528230121, 45.666810639067471 ], [ 4.592473478068837, 45.667108826559165 ], [ 4.592522064897981, 45.667150020413153 ], [ 4.592758765391593, 45.667286636197353 ], [ 4.592872592570371, 45.667304885817614 ], [ 4.593187979047233, 45.667283131330464 ], [ 4.593236006848833, 45.667304878404856 ], [ 4.593324626159765, 45.667491683651754 ], [ 4.593412271864437, 45.667591092950595 ], [ 4.593432271034984, 45.667643228738967 ], [ 4.593489839780688, 45.66768848319591 ], [ 4.593553571220579, 45.667773775101281 ], [ 4.593737979764462, 45.667887621499013 ], [ 4.593921975847345, 45.668040652435899 ], [ 4.594029586381682, 45.66808384730372 ], [ 4.594167626561623, 45.668113101295631 ], [ 4.594336480621914, 45.668208658250194 ], [ 4.59451739436028, 45.668281347400864 ], [ 4.594811632781562, 45.668354728085738 ], [ 4.594846007742862, 45.66841084815389 ], [ 4.594913088607598, 45.668465153997694 ], [ 4.595070804384342, 45.668548573538821 ], [ 4.595140881999781, 45.6686399893104 ], [ 4.595153244985144, 45.66880152890959 ], [ 4.595161849000646, 45.668939614353519 ], [ 4.59518614627749, 45.668993715482806 ], [ 4.595246531208981, 45.66902960729248 ], [ 4.595289494808236, 45.669036023863285 ], [ 4.595392633116901, 45.669044289921622 ], [ 4.595662435713302, 45.669125445150904 ], [ 4.59590569732767, 45.669248451598229 ], [ 4.596074151355129, 45.669450200363336 ], [ 4.596198037393483, 45.669563144382465 ], [ 4.596350512206182, 45.669625020486187 ], [ 4.59642029166129, 45.669639162503181 ], [ 4.596510095493349, 45.669639375484607 ], [ 4.596713114471702, 45.669676486712014 ], [ 4.596752643597342, 45.669710782049044 ], [ 4.596788205233437, 45.66979458026222 ], [ 4.596784094415706, 45.669865836297916 ] ] ] } },
{ "type": "Feature", "properties": { "id_map": 69002003.0, "num_tronc": "1935", "nom": "goutte croze", "me_sdage": null, "Date": "2026\/08\/13", "Longueur": 265.724, "ONDE_num": 2, "ONDE_com": null }, "geometry": { "type": "MultiLineString", "coordinates": [ [ [ 4.590324318742828, 45.658755446610904 ], [ 4.58995992140257, 45.658974185768116 ], [ 4.589868374712022, 45.65932862921408 ], [ 4.589813306030612, 45.659383446701256 ], [ 4.589737705554037, 45.65940761622273 ], [ 4.589644419504554, 45.659419741315681 ], [ 4.589454387301301, 45.659417425469471 ], [ 4.589365667773723, 45.659400709625046 ], [ 4.589117392193966, 45.659409753149056 ], [ 4.589004202645287, 45.659413106945628 ], [ 4.588974697177953, 45.659405417370039 ], [ 4.588786175343475, 45.65936173857461 ], [ 4.588691440655264, 45.659350240871731 ], [ 4.588332636453071, 45.659495671679139 ], [ 4.588110428469803, 45.659526906881695 ], [ 4.587755293030694, 45.659652559515052 ], [ 4.587645862329745, 45.659706386204604 ] ] ] } },
{ "type": "Feature", "properties": { "id_map": 69012738.0, "num_tronc": "14213", "nom": null, "me_sdage": null, "Date": "2026\/08\/13", "Longueur": 712.888, "ONDE_num": 4, "ONDE_com": null }, "geometry": { "type": "MultiLineString", "coordinates": [ [ [ 4.580717776522858, 45.654109290346796 ], [ 4.580721715714883, 45.654085322451003 ], [ 4.580780584900555, 45.6546223264384 ], [ 4.580955135315116, 45.654798206590051 ], [ 4.581117532356857, 45.654885767076763 ], [ 4.581234289512045, 45.654940193515785 ], [ 4.58127738325912, 45.654951612097321 ], [ 4.581304162308277, 45.654958396237305 ], [ 4.581568434900002, 45.654984000599896 ], [ 4.581853559309011, 45.655011202759262 ], [ 4.581933388163481, 45.655027238714574 ], [ 4.582009743810211, 45.655056563162027 ], [ 4.582099763186005, 45.655065160435292 ], [ 4.582314367374175, 45.655064981538878 ], [ 4.582364690339048, 45.655073190817639 ], [ 4.58254418244035, 45.655152132852727 ], [ 4.582771275472569, 45.655413600259379 ], [ 4.582759006769464, 45.655442684021068 ], [ 4.582877601298817, 45.655682574512831 ], [ 4.582921257690071, 45.655740593879813 ], [ 4.583114757989437, 45.655837711623946 ], [ 4.583310552191612, 45.65605544061291 ], [ 4.583367008718109, 45.656075992352633 ], [ 4.583396359274698, 45.656105301454062 ], [ 4.583444594557074, 45.656242559628012 ], [ 4.583560730579341, 45.656315501098177 ], [ 4.583669241358661, 45.656485551145039 ], [ 4.583702944831366, 45.656518851927892 ], [ 4.583928678268315, 45.656611191737809 ], [ 4.583972842870308, 45.656646506861541 ], [ 4.584057812649446, 45.656747851913408 ], [ 4.584156916213668, 45.656831435100628 ], [ 4.58427008390374, 45.656975615083219 ], [ 4.58434027716871, 45.657045284380523 ], [ 4.584369570786032, 45.657072567553584 ], [ 4.584678889431621, 45.65727153906235 ], [ 4.584733855464643, 45.657388031791648 ], [ 4.584844175448167, 45.657567242105081 ], [ 4.584986884745578, 45.657679932681397 ], [ 4.585113363236821, 45.657750565438285 ], [ 4.585261256150686, 45.657882772139601 ], [ 4.585315961141319, 45.657922801940302 ], [ 4.585375648544455, 45.657948441004081 ], [ 4.585522869505072, 45.657989869931541 ], [ 4.585631368988124, 45.658051568543321 ], [ 4.585803321381932, 45.658122370714075 ], [ 4.585967628522103, 45.658222191634131 ], [ 4.58618220470973, 45.658328194213837 ], [ 4.586219054024346, 45.658363611560056 ], [ 4.586229774562648, 45.658374673789659 ], [ 4.586237965315155, 45.658539515002957 ] ] ] } },
{ "type": "Feature", "properties": { "id_map": 69000305.0, "num_tronc": "291", "nom": "le garon", "me_sdage": "FRDR479a", "Date": "2026\/08\/13", "Longueur": 3958.488, "ONDE_num": 1, "ONDE_com": null }, "geometry": { "type": "MultiLineString", "coordinates": [ [ [ 4.603029111199076, 45.693367403194799 ], [ 4.603113352481632, 45.693373905233926 ], [ 4.603244012554124, 45.693372316112658 ], [ 4.603331835878914, 45.693356070119634 ], [ 4.603359809837804, 45.693323518069029 ], [ 4.603499979452803, 45.693290855281177 ], [ 4.6036501130641, 45.693296013745126 ], [ 4.603837903531261, 45.693349947639291 ], [ 4.603939519410939, 45.693357282518782 ], [ 4.604038014655853, 45.693350070875276 ], [ 4.604109179183562, 45.693331089244147 ], [ 4.604157843125114, 45.693294054274254 ], [ 4.604219332185389, 45.693220629702274 ], [ 4.604361234938837, 45.693128091590715 ], [ 4.604340629331807, 45.692989231420263 ], [ 4.60435231198536, 45.692873554046621 ], [ 4.604379650102124, 45.692792509675101 ], [ 4.604420841973886, 45.692750447171157 ], [ 4.604509840673502, 45.692695004330609 ], [ 4.604599736050422, 45.692670486682523 ], [ 4.604681224658465, 45.692568811163618 ], [ 4.604693454044214, 45.692511894719168 ], [ 4.604754538154842, 45.692491029738122 ], [ 4.604802286033567, 45.692475623620453 ], [ 4.604887993118936, 45.692413067027232 ], [ 4.605033987264491, 45.69220914684341 ], [ 4.605116674168503, 45.692175409526108 ], [ 4.605445148222882, 45.692148167230314 ], [ 4.605466158306366, 45.692128143130041 ], [ 4.605418029084131, 45.691811477651562 ], [ 4.605431857893662, 45.691756564833554 ], [ 4.60571116225611, 45.691748936502549 ], [ 4.605831708047228, 45.691744381170203 ], [ 4.605917452120102, 45.691723028930134 ], [ 4.605917095441038, 45.691710739857065 ], [ 4.605916419826447, 45.691621042668338 ], [ 4.605882362721453, 45.691510340328342 ], [ 4.605909639131299, 45.691427269922364 ], [ 4.606042035824766, 45.691392688179874 ], [ 4.606106074420888, 45.691340842277739 ], [ 4.606104661772403, 45.691265611363882 ], [ 4.606052627356096, 45.691212988443482 ], [ 4.60610831339202, 45.691072635598729 ], [ 4.606196739276155, 45.690997609944461 ], [ 4.606388647551534, 45.690941238668628 ], [ 4.606500372510828, 45.690871960064854 ], [ 4.606435409758277, 45.690798986387335 ], [ 4.606395363539266, 45.690681209271261 ], [ 4.606501804630686, 45.690589309097177 ], [ 4.606725147928113, 45.690287821670246 ], [ 4.606953865349452, 45.690025436301859 ], [ 4.607079302641955, 45.689923942634849 ], [ 4.607160655176314, 45.689897518228015 ], [ 4.607258699623012, 45.689888283598485 ], [ 4.607295669474511, 45.689820476001145 ], [ 4.607379032888373, 45.689770380126348 ], [ 4.607559297137829, 45.68975132560972 ], [ 4.607633538862343, 45.689732297762625 ], [ 4.607661856320663, 45.689671908949819 ], [ 4.607692231457836, 45.689655803784575 ], [ 4.6077375491689, 45.689649753007807 ], [ 4.607777353021718, 45.689652967752693 ], [ 4.60791677907987, 45.689754329797672 ], [ 4.607966690001419, 45.689747132564008 ], [ 4.607990076469637, 45.689742610629629 ], [ 4.608164883565316, 45.689628657249195 ], [ 4.608288817275072, 45.689568389369882 ], [ 4.60845727075258, 45.689408321789799 ], [ 4.608580707069756, 45.689370757598525 ], [ 4.608663200358832, 45.689304055787083 ], [ 4.608801603133294, 45.689264116015742 ], [ 4.608905385311331, 45.689213592274818 ], [ 4.60896179138628, 45.689124836096994 ], [ 4.608971512041484, 45.689034855285897 ], [ 4.608963870677983, 45.688957686818604 ], [ 4.60889379331603, 45.68882818040872 ], [ 4.608911075623198, 45.688746332751784 ], [ 4.608964047662547, 45.688672081390742 ], [ 4.608990780072154, 45.688570509143176 ], [ 4.609036162238003, 45.68850041917306 ], [ 4.609068935470907, 45.688474011715975 ], [ 4.609281152188559, 45.688480032006368 ], [ 4.609414296918806, 45.688497989672605 ], [ 4.609528040898521, 45.688471911341253 ], [ 4.609777563165729, 45.688355536812558 ], [ 4.609891146571226, 45.68828420165611 ], [ 4.610047827478768, 45.688236568550138 ], [ 4.610160230348151, 45.688177679255951 ], [ 4.610198661548372, 45.68814700246476 ], [ 4.610246569941582, 45.68809754628704 ], [ 4.610296484142779, 45.688024283683617 ], [ 4.610358256966723, 45.687775625862983 ], [ 4.610384171590146, 45.687725538324379 ], [ 4.610413118996647, 45.687607451746565 ], [ 4.610481164640732, 45.687508125603578 ], [ 4.610628477259977, 45.687363893448854 ], [ 4.61068418603382, 45.687330807835274 ], [ 4.610862294330385, 45.687290973217152 ], [ 4.610942327993192, 45.687232681083664 ], [ 4.611449785540784, 45.687130582175229 ], [ 4.611719384069625, 45.687068496732827 ], [ 4.611811779619892, 45.687024347778184 ], [ 4.61189316844612, 45.686959685822877 ], [ 4.611943406779196, 45.686963830567386 ], [ 4.612038331819646, 45.687019754917394 ], [ 4.612069243216784, 45.687022149671634 ], [ 4.612134226954193, 45.686989876297666 ], [ 4.612206433623087, 45.686927642232945 ], [ 4.612293780531926, 45.686935173638915 ], [ 4.612339855463397, 45.686981664349766 ], [ 4.61238132108699, 45.686989041783676 ], [ 4.612474750062439, 45.686940689358906 ], [ 4.612533580142903, 45.686935388898114 ], [ 4.612787138905518, 45.686944728612133 ], [ 4.613191920886489, 45.686983921121723 ], [ 4.613302173034834, 45.686983693179698 ], [ 4.61334471711938, 45.687014832564003 ], [ 4.613434761838003, 45.687022324451242 ], [ 4.613516482782256, 45.687048444310513 ], [ 4.613735803685082, 45.687047058933736 ], [ 4.613808017725917, 45.687011573682305 ], [ 4.613886715194519, 45.686960458896543 ], [ 4.614006565800169, 45.686800268422814 ], [ 4.614045234192833, 45.68677782803276 ], [ 4.614458987209622, 45.686714886278821 ], [ 4.614562546666678, 45.68665706493843 ], [ 4.614638350842745, 45.686638955697561 ], [ 4.614842495363974, 45.68663278694256 ], [ 4.614900681164542, 45.686645057590326 ], [ 4.614944694609127, 45.686647263722158 ], [ 4.615044554491241, 45.686608003791832 ], [ 4.615179463821666, 45.686594045491496 ], [ 4.615226887266561, 45.686607415993421 ], [ 4.615335539036259, 45.686671246829775 ], [ 4.615392858667049, 45.686667047334993 ], [ 4.615515396189642, 45.686638675150263 ], [ 4.615639390910325, 45.686541380461207 ], [ 4.615838516349057, 45.686521771788762 ], [ 4.61588592473731, 45.68649501725487 ], [ 4.615995365701104, 45.686401038253067 ], [ 4.616113566441057, 45.686343005414471 ], [ 4.616246193452264, 45.686277334908596 ], [ 4.616294921631093, 45.686282580183523 ], [ 4.616446368080207, 45.686346471412882 ], [ 4.616569361991478, 45.686333763225669 ], [ 4.616766716079213, 45.686266757882208 ], [ 4.617003213116238, 45.686299165017033 ], [ 4.617099719719842, 45.686250764505957 ], [ 4.617175356448412, 45.686187397117479 ], [ 4.61722928945844, 45.686106913249922 ], [ 4.617252307298262, 45.686023900989248 ], [ 4.617288769345901, 45.685978794173984 ], [ 4.617462681961083, 45.685914420856058 ], [ 4.617498714032436, 45.685894178723757 ], [ 4.617537600874247, 45.685839715038313 ], [ 4.617573778929851, 45.685824469521023 ], [ 4.617827783581898, 45.685783263655992 ], [ 4.617906983341231, 45.685736326905072 ], [ 4.617973740337797, 45.685646201401291 ], [ 4.61800629421251, 45.685546569677271 ], [ 4.618015671798197, 45.685445379435855 ], [ 4.617984815999526, 45.685313018371254 ], [ 4.617998385904952, 45.685249731293283 ], [ 4.618065831564055, 45.685169998612061 ], [ 4.618205538073599, 45.685096117978091 ], [ 4.618274380682732, 45.685090535544965 ], [ 4.618397731434873, 45.685156043670382 ], [ 4.61849780417811, 45.685190137397726 ], [ 4.618611044650213, 45.685186753948173 ], [ 4.618937955563115, 45.685094510510261 ], [ 4.618978359437966, 45.685105143191677 ], [ 4.619008076131501, 45.685145786791352 ], [ 4.61906550223924, 45.68518481619973 ], [ 4.619137026309737, 45.685204998994486 ], [ 4.619226379250738, 45.685202093384916 ], [ 4.619289969409703, 45.685175104770096 ], [ 4.61957479730302, 45.684975383586334 ], [ 4.619714738470972, 45.684909603734773 ], [ 4.61980711204113, 45.684838698395382 ], [ 4.619852120096856, 45.684822244344353 ], [ 4.619932816925958, 45.684813383096433 ], [ 4.620147784203098, 45.68471626106686 ], [ 4.620337694967273, 45.68471136777822 ], [ 4.620603227632229, 45.684800767567999 ], [ 4.620655789125985, 45.684831624997756 ], [ 4.620671723237386, 45.684862333889903 ], [ 4.620647516056806, 45.68487821879804 ], [ 4.620620906886248, 45.684943720354617 ], [ 4.620647273000699, 45.684975224869731 ], [ 4.620714386819626, 45.685002765578027 ], [ 4.621096985866615, 45.685035088365751 ], [ 4.621136905911359, 45.684976555479615 ], [ 4.621157311005691, 45.684896687264647 ], [ 4.621188325259936, 45.684863141132837 ], [ 4.621241027107944, 45.684819825771768 ], [ 4.621426638180219, 45.68476027658825 ], [ 4.621525943430515, 45.684741824357786 ], [ 4.621711772236609, 45.684755496366229 ], [ 4.621895125663638, 45.684737319846995 ], [ 4.622084628329413, 45.684797413130859 ], [ 4.622190942134234, 45.684807635927456 ], [ 4.622313309768677, 45.684852618607188 ], [ 4.622294883219435, 45.684868420621498 ], [ 4.622173526305765, 45.684884218875283 ], [ 4.622204642746956, 45.684933082674455 ], [ 4.6222469804412, 45.684957061353622 ], [ 4.62241380562162, 45.685006267298263 ], [ 4.622627603589721, 45.685053445352615 ], [ 4.622701493562316, 45.685062243322641 ], [ 4.622835125117666, 45.68505748106044 ], [ 4.623046619551558, 45.685012957823758 ], [ 4.623156482882588, 45.684960171429225 ], [ 4.623363139228081, 45.684803313128775 ], [ 4.623554580629588, 45.684732327881704 ], [ 4.623660246745064, 45.684694192405736 ], [ 4.623845063344058, 45.684647079955859 ], [ 4.623966513178404, 45.684595071428191 ], [ 4.624123070668596, 45.684570252318522 ], [ 4.624182961974341, 45.684561823094398 ], [ 4.624314959658013, 45.6845539752889 ], [ 4.624422723596167, 45.68456106773943 ], [ 4.624676263292235, 45.68460942509271 ], [ 4.624793923351131, 45.684612186316677 ], [ 4.624996341479539, 45.684560629929123 ], [ 4.62503863981762, 45.684517597929656 ], [ 4.625047677914145, 45.684274015126753 ], [ 4.62508929983805, 45.684247340112591 ], [ 4.625211793420663, 45.684257191520615 ], [ 4.625437525027105, 45.684382550770799 ], [ 4.625548032663405, 45.684417433406608 ], [ 4.62570534273168, 45.684418270458139 ], [ 4.625835405700635, 45.68439707376173 ], [ 4.625959816795745, 45.684340967271396 ], [ 4.626015486895497, 45.684267614291215 ], [ 4.626062647091112, 45.684088329639096 ], [ 4.626101157906565, 45.684060753444932 ], [ 4.626152217340593, 45.68405353147012 ], [ 4.626327961606544, 45.684104494282103 ], [ 4.626577223980319, 45.684086033972683 ], [ 4.626811390776388, 45.684052389581119 ], [ 4.626886289886731, 45.68401685699871 ], [ 4.626913664942855, 45.684003897193307 ], [ 4.627017544404917, 45.683918228667252 ], [ 4.627077379532387, 45.683868592804885 ], [ 4.627181496256462, 45.683830341249347 ], [ 4.627235638024572, 45.683823074251627 ], [ 4.627275947258544, 45.683830462901675 ], [ 4.627289699678776, 45.683878630490334 ], [ 4.62733174080038, 45.683905583790029 ], [ 4.627365856922896, 45.683912116172422 ], [ 4.627456955306826, 45.683903099222761 ], [ 4.627619118639729, 45.683846175199058 ], [ 4.627894935793109, 45.683786932943953 ], [ 4.628190766569852, 45.683831428740191 ], [ 4.628527304205133, 45.683857501866271 ], [ 4.628763901601477, 45.683919605104585 ], [ 4.628812663988299, 45.683886745874474 ], [ 4.62883538597901, 45.683833592675207 ], [ 4.628996624076649, 45.683679812349297 ], [ 4.629247687761159, 45.683526218672583 ], [ 4.629308004514057, 45.683453742494144 ], [ 4.629342980253021, 45.683371635344258 ], [ 4.629329408529096, 45.683159452310278 ], [ 4.629361441281227, 45.683108325936878 ], [ 4.629447896265131, 45.68303330995257 ], [ 4.629549823830479, 45.682829183348382 ], [ 4.629558913820643, 45.682732049057847 ], [ 4.629528967623638, 45.68253982774096 ], [ 4.629554939972496, 45.682426912556714 ], [ 4.629602734653397, 45.682374342162817 ], [ 4.629983512832048, 45.6821882019876 ], [ 4.630010520313729, 45.682162817400126 ], [ 4.630040350777842, 45.68210240069503 ], [ 4.630060529913642, 45.681884460343845 ], [ 4.630108843151233, 45.681810265998337 ], [ 4.630457133457679, 45.681620676381726 ], [ 4.630781336085914, 45.681490203519594 ], [ 4.630956698697607, 45.681462940855695 ], [ 4.631170746700116, 45.681414176967003 ], [ 4.631502239606962, 45.681282650702975 ], [ 4.631719675567126, 45.681244239490937 ], [ 4.632115453090101, 45.680887511696817 ], [ 4.632204408950528, 45.680832182077545 ], [ 4.632479161384217, 45.68072444233124 ], [ 4.632513579591055, 45.68070205704408 ], [ 4.632568994333787, 45.680620463179608 ], [ 4.632603384552525, 45.680597132559221 ], [ 4.632649990349635, 45.680582811760061 ], [ 4.632736637928383, 45.68057993453251 ], [ 4.632800151962387, 45.680589957033575 ], [ 4.632966000719859, 45.680645376103172 ], [ 4.633050441338495, 45.680659148113044 ], [ 4.63312907987753, 45.68064611899392 ], [ 4.63320717238676, 45.68061458883448 ], [ 4.633245952381746, 45.680557148788829 ], [ 4.63324196695357, 45.680422105102302 ], [ 4.6332592742464, 45.680381593895909 ], [ 4.633387843498745, 45.680284077630652 ], [ 4.633516848026174, 45.680096847515067 ], [ 4.633617200930268, 45.679996767961804 ], [ 4.633687012024489, 45.679945902952944 ], [ 4.634044531565394, 45.679808587438529 ], [ 4.634073810083675, 45.679729668696268 ], [ 4.634069887338094, 45.679675144602435 ], [ 4.633957599018753, 45.679592875606446 ], [ 4.633950704150421, 45.679529072624774 ], [ 4.633979506003797, 45.679486232922081 ], [ 4.634184922921537, 45.679289111830535 ], [ 4.634279589887974, 45.679231536024268 ], [ 4.634542381145872, 45.679149904132032 ], [ 4.634653405703503, 45.67909803508045 ], [ 4.63468745989401, 45.679102539588875 ], [ 4.634712317944183, 45.679135008471704 ], [ 4.634757881573202, 45.679346456538589 ], [ 4.634791147944929, 45.679402581233539 ], [ 4.634821542419004, 45.679426728544215 ], [ 4.634893276229657, 45.679454058638363 ], [ 4.634978476455863, 45.679454443105023 ], [ 4.635163082382056, 45.679401100100918 ], [ 4.635518808636227, 45.679216385201492 ], [ 4.635666757608734, 45.679161817326296 ], [ 4.635838482834158, 45.679155270287339 ], [ 4.636013228363714, 45.679185696942589 ], [ 4.636153430728667, 45.67915596452962 ], [ 4.636582075800886, 45.678960594694679 ], [ 4.63687567892201, 45.678734896585325 ], [ 4.636957517581227, 45.6786868269227 ], [ 4.637349499699302, 45.678529274977443 ], [ 4.637513563601884, 45.678472308728701 ], [ 4.637615149694178, 45.678440298761046 ], [ 4.637883948402213, 45.678327498231873 ] ] ] } },
{ "type": "Feature", "properties": { "id_map": 69001308.0, "num_tronc": "1253", "nom": "goutte de bellevue", "me_sdage": null, "Date": "2026\/08\/13", "Longueur": 594.592, "ONDE_num": 4, "ONDE_com": null }, "geometry": { "type": "MultiLineString", "coordinates": [ [ [ 4.597615011220165, 45.691083431087776 ], [ 4.597676667686262, 45.691122411295488 ], [ 4.597798459995671, 45.691147704046138 ], [ 4.597845173376477, 45.691136503672375 ], [ 4.597888008348831, 45.691177912325131 ], [ 4.598030464476759, 45.691211152856233 ], [ 4.598123067255131, 45.691280361627832 ], [ 4.598291790488226, 45.691342005587366 ], [ 4.598350864569813, 45.69134495027712 ], [ 4.598440465655701, 45.691336923973616 ], [ 4.598535987645696, 45.691266937613428 ], [ 4.598668891008095, 45.69123641041724 ], [ 4.598700187775881, 45.69121205352215 ], [ 4.598839668930181, 45.691169003540658 ], [ 4.598983691585778, 45.691163041529677 ], [ 4.599120836737104, 45.69117257840351 ], [ 4.59917718664422, 45.691187990563172 ], [ 4.59931102683559, 45.691296602713606 ], [ 4.59934574038379, 45.691310430542643 ], [ 4.59940205926493, 45.691324762230138 ], [ 4.599531823900686, 45.691332376886969 ], [ 4.599584917496757, 45.691368505443656 ], [ 4.599622114168885, 45.691374867409188 ], [ 4.599778585773114, 45.691359405694492 ], [ 4.600024767955159, 45.691473041570568 ], [ 4.600145928937637, 45.691596423689482 ], [ 4.60019362503901, 45.691645868476265 ], [ 4.600236831739118, 45.691766710043964 ], [ 4.600292620065798, 45.69180266490298 ], [ 4.600394200078075, 45.691795547694198 ], [ 4.600415780869457, 45.69182185590455 ], [ 4.600508575257522, 45.691937534607078 ], [ 4.600605982725682, 45.691972762930156 ], [ 4.600698790156286, 45.691982252344154 ], [ 4.600923610993664, 45.691970411308951 ], [ 4.601029911696144, 45.69201983354138 ], [ 4.601185731180352, 45.692008432173871 ], [ 4.60131652810145, 45.691971717174248 ], [ 4.601431715941988, 45.691981833571134 ], [ 4.60148504592686, 45.69202606392922 ], [ 4.601794084030369, 45.692033289005856 ], [ 4.601867003666551, 45.692048329149642 ], [ 4.601913042816648, 45.692093743782671 ], [ 4.601931163147974, 45.692146985919649 ], [ 4.601995042900374, 45.692156075002757 ], [ 4.602021308004691, 45.692184342815516 ], [ 4.602103003812014, 45.692209525649105 ], [ 4.602126665065545, 45.692241072879909 ], [ 4.602143899274706, 45.692303649523545 ], [ 4.602396286055447, 45.692431512771947 ], [ 4.60273242740264, 45.692482527675253 ], [ 4.602790727536417, 45.692618419992193 ], [ 4.602841118984791, 45.692627700502584 ], [ 4.602853997356513, 45.692686286008723 ], [ 4.602911873639845, 45.692767603684992 ], [ 4.602890036725677, 45.692812362455697 ], [ 4.602899679402624, 45.692865725074469 ], [ 4.60293316024068, 45.692930096967594 ], [ 4.60293525136196, 45.693015585857367 ], [ 4.602949186459059, 45.693030789047597 ], [ 4.602989055065571, 45.693036166202923 ], [ 4.603029111199076, 45.693367403194799 ] ] ] } },
{ "type": "Feature", "properties": { "id_map": 69000068.0, "num_tronc": "68", "nom": "goutte de bellevue", "me_sdage": null, "Date": "2026\/08\/13", "Longueur": 2202.537, "ONDE_num": 2, "ONDE_com": null }, "geometry": { "type": "MultiLineString", "coordinates": [ [ [ 4.568517063732848, 45.693027184432715 ], [ 4.568564676675456, 45.693006661922325 ], [ 4.568622461986473, 45.692977756695619 ], [ 4.568873380160687, 45.692743783228991 ], [ 4.569300197304759, 45.692268233203087 ], [ 4.569329586779725, 45.692230536383832 ], [ 4.569744797239393, 45.691699485315766 ], [ 4.569898401792782, 45.691528335576621 ], [ 4.570198919073894, 45.691466595060504 ], [ 4.570247249389938, 45.691456776190229 ], [ 4.570548977742294, 45.691367275251203 ], [ 4.57059294605766, 45.691384939768348 ], [ 4.570682243187326, 45.691379743550748 ], [ 4.570832633600058, 45.691312798954534 ], [ 4.571026059196522, 45.691254305684566 ], [ 4.571147264426797, 45.691232215363542 ], [ 4.571277072818883, 45.69120081815678 ], [ 4.571475933106394, 45.69110293436497 ], [ 4.571605405688154, 45.691100452738915 ], [ 4.572904463535216, 45.69124160507576 ], [ 4.572970916209373, 45.6912464865242 ], [ 4.573053020276439, 45.691245880509527 ], [ 4.573072612828917, 45.691324775236545 ], [ 4.573155367335016, 45.691333481932034 ], [ 4.57333545154773, 45.691280439845649 ], [ 4.573492953561788, 45.691206096957458 ], [ 4.573650385913148, 45.691169987979464 ], [ 4.573899876686714, 45.691049506476723 ], [ 4.574090312680636, 45.691062247108391 ], [ 4.574209740331511, 45.691031937236069 ], [ 4.574330427376339, 45.690964592362711 ], [ 4.574456191766798, 45.690872453180489 ], [ 4.574627185751687, 45.690771035299633 ], [ 4.574749002030044, 45.690689218528767 ], [ 4.574866793332016, 45.69065814614585 ], [ 4.575116110973638, 45.690560226728572 ], [ 4.57534969535617, 45.690520405541896 ], [ 4.575483346797693, 45.690481981478634 ], [ 4.575725880517306, 45.690451173102268 ], [ 4.57578636214709, 45.690438142108455 ], [ 4.575975141034249, 45.690300683519226 ], [ 4.576172023333853, 45.690147293023109 ], [ 4.576385436930752, 45.690005829808769 ], [ 4.576609276086482, 45.689905560747683 ], [ 4.577074463972987, 45.689588995765988 ], [ 4.577139834339428, 45.689528906967602 ], [ 4.57759056239043, 45.689286847011935 ], [ 4.577725354515975, 45.689200657120722 ], [ 4.577905258793456, 45.689101135824096 ], [ 4.578720280465674, 45.688709546479487 ], [ 4.578830532228432, 45.688736237160846 ], [ 4.578971907013432, 45.688745739145951 ], [ 4.579128731491334, 45.688729220345223 ], [ 4.579228358442223, 45.688680809054745 ], [ 4.579261623771643, 45.6886306260281 ], [ 4.579293613496271, 45.688589782752224 ], [ 4.579500577526659, 45.688465966836084 ], [ 4.579653169362753, 45.688422756899968 ], [ 4.579864322541627, 45.688405205017574 ], [ 4.580030691165224, 45.688371933828641 ], [ 4.580239129533616, 45.688286329062464 ], [ 4.580368952855603, 45.688255866707301 ], [ 4.580575043696403, 45.688182588315108 ], [ 4.580994594934562, 45.688118607987498 ], [ 4.581493631764961, 45.688057022804749 ], [ 4.581948559896315, 45.688030370168242 ], [ 4.582040766776815, 45.688019212978453 ], [ 4.582311521697311, 45.687982851150053 ], [ 4.582721990252038, 45.687978841127794 ], [ 4.582943657764575, 45.687965053605069 ], [ 4.58319302498826, 45.687841445506912 ], [ 4.58326985418164, 45.687818344440231 ], [ 4.583378627404175, 45.68780681820818 ], [ 4.583663527407683, 45.687725941540108 ], [ 4.584351686514972, 45.687604807656768 ], [ 4.58475059607011, 45.687574203001489 ], [ 4.584838030254073, 45.687557976851956 ], [ 4.584985603246365, 45.687528205099021 ], [ 4.585036207458396, 45.687437516565367 ], [ 4.585083167668919, 45.687327289801509 ], [ 4.585108718687043, 45.687304098390051 ], [ 4.585166690568865, 45.687282207054054 ], [ 4.585289306842843, 45.687256028472618 ], [ 4.585523540086014, 45.687263810068494 ], [ 4.585754262413194, 45.687364319127013 ], [ 4.58591039434058, 45.687404542510578 ], [ 4.586063562293937, 45.687408600639237 ], [ 4.586113803385009, 45.687386007060134 ], [ 4.586220354132061, 45.687364241764527 ], [ 4.586269080418574, 45.687369500026314 ], [ 4.586405144580884, 45.687422434506352 ], [ 4.586519516473592, 45.687444871556373 ], [ 4.586776930975408, 45.687373695919618 ], [ 4.587107599197125, 45.687437127970199 ], [ 4.587198619067564, 45.687465297338036 ], [ 4.587276356548379, 45.687500814087421 ], [ 4.587433584302501, 45.687565743231815 ], [ 4.587511496683027, 45.687634221747551 ], [ 4.587535000161094, 45.687633755420563 ], [ 4.587606903350189, 45.687667462770506 ], [ 4.587721928604454, 45.687672326411082 ], [ 4.58775939267504, 45.687688145465479 ], [ 4.587902029760578, 45.68786257549899 ], [ 4.587959137117299, 45.687931482085808 ], [ 4.588048762882625, 45.688005064029539 ], [ 4.588105991831045, 45.68803789713872 ], [ 4.588259577077535, 45.688083287021449 ], [ 4.588408122453981, 45.688154551861139 ], [ 4.58869667279431, 45.688375559416883 ], [ 4.588958911018443, 45.688526009902887 ], [ 4.589026930042071, 45.688572065265689 ], [ 4.589073075987709, 45.688621671537682 ], [ 4.589142489338617, 45.68866257336461 ], [ 4.589278617609525, 45.688717530059058 ], [ 4.589358998978081, 45.688737606715101 ], [ 4.589467092425027, 45.688756076409788 ], [ 4.58954068723025, 45.688754632688095 ], [ 4.589876168442346, 45.688797318560411 ], [ 4.589962951386462, 45.688798660635953 ], [ 4.59005397464373, 45.68878656788803 ], [ 4.590260766936476, 45.688805129763253 ], [ 4.590417793932014, 45.68879575264836 ], [ 4.590552800870028, 45.6888250546438 ], [ 4.590828917177533, 45.688854525461501 ], [ 4.591004558718389, 45.688902572395676 ], [ 4.591168787264156, 45.689063183544995 ], [ 4.591315915247014, 45.689178777499379 ], [ 4.591384798858605, 45.689201176748632 ], [ 4.591431985745107, 45.689206454554402 ], [ 4.591529024440239, 45.689242641478153 ], [ 4.591671293074229, 45.689269677963942 ], [ 4.591921892539538, 45.689283159555785 ], [ 4.592117514556926, 45.689315385921994 ], [ 4.59222347398911, 45.68931321284154 ], [ 4.592282782634581, 45.689324398470127 ] ] ] } },
{ "type": "Feature", "properties": { "id_map": 69000067.0, "num_tronc": "67", "nom": "le garon", "me_sdage": null, "Date": "2026\/08\/13", "Longueur": 1263.299, "ONDE_num": 1, "ONDE_com": null }, "geometry": { "type": "MultiLineString", "coordinates": [ [ [ 4.591008280568892, 45.698377632694132 ], [ 4.592664113504037, 45.696987294528128 ], [ 4.592695684969016, 45.696958882484232 ], [ 4.592849855209721, 45.696809308639963 ], [ 4.592902800575943, 45.696773298944301 ], [ 4.592973615600297, 45.696741900177891 ], [ 4.593194842086605, 45.696684867096003 ], [ 4.593469989575776, 45.696612345043924 ], [ 4.593595733921475, 45.696560309251915 ], [ 4.593644730604216, 45.696534487568591 ], [ 4.593833347078644, 45.696429683676591 ], [ 4.59399564347269, 45.696401718587502 ], [ 4.594111128824018, 45.696314836380935 ], [ 4.594188164832016, 45.696218365583427 ], [ 4.594248248947462, 45.696175904512735 ], [ 4.594304836576876, 45.696159297038982 ], [ 4.594393252996062, 45.695949315921695 ], [ 4.594401536937248, 45.695648060181192 ], [ 4.594422992659207, 45.695589798526981 ], [ 4.59448295550496, 45.6955164010744 ], [ 4.594539601092794, 45.695461694375176 ], [ 4.594639460467937, 45.695381247359499 ], [ 4.594669515951416, 45.695286927259964 ], [ 4.594633256018477, 45.695192735190645 ], [ 4.594627354514813, 45.695121755975116 ], [ 4.594677922252034, 45.695096992386084 ], [ 4.594765069416497, 45.695110619874974 ], [ 4.594931624498637, 45.695003154129637 ], [ 4.595193123815033, 45.694925687128141 ], [ 4.595446805825574, 45.69493817191249 ], [ 4.595491322461582, 45.69483729707148 ], [ 4.595450942916765, 45.694787476491271 ], [ 4.595460663516542, 45.694736811322826 ], [ 4.595702217688511, 45.694743252652316 ], [ 4.595932657432597, 45.694765387443553 ], [ 4.596037976831041, 45.694754033165204 ], [ 4.596166148088307, 45.694719523079037 ], [ 4.596293158412735, 45.694658144328677 ], [ 4.596484404008166, 45.694591396894225 ], [ 4.59656458028245, 45.69453716629738 ], [ 4.596644317229156, 45.694507800329824 ], [ 4.596682940410849, 45.69451009006567 ], [ 4.596849322522752, 45.694517053855598 ], [ 4.596998809337855, 45.694539793433911 ], [ 4.597038202887344, 45.694528697193661 ], [ 4.597066925184183, 45.694508565388062 ], [ 4.59707915893225, 45.694451514717151 ], [ 4.597115145543937, 45.694429253415578 ], [ 4.597209795508481, 45.694475737132969 ], [ 4.59738228744893, 45.694520711819045 ], [ 4.597574308484863, 45.694507586362462 ], [ 4.597596594903619, 45.694478223755098 ], [ 4.597630384553328, 45.694433296577515 ], [ 4.597612352129402, 45.694356274876313 ], [ 4.597666089522252, 45.694307822406223 ], [ 4.597841323681137, 45.694234139367801 ], [ 4.59795634993672, 45.694131723051761 ], [ 4.598135885074448, 45.694060140145162 ], [ 4.598220298467784, 45.69400584823358 ], [ 4.598572666130619, 45.693911007214375 ], [ 4.598670243074745, 45.693885304561505 ], [ 4.59877665127648, 45.693831645815159 ], [ 4.598849736696093, 45.69374563047807 ], [ 4.59896251103185, 45.69365878160346 ], [ 4.59909696252571, 45.693641606943977 ], [ 4.599275767269056, 45.693478164261926 ], [ 4.599337565694189, 45.693441890672212 ], [ 4.599704131550681, 45.693371567859295 ], [ 4.599889856956279, 45.693314214843127 ], [ 4.600187173614261, 45.693209207309792 ], [ 4.600483917807138, 45.693231066439552 ], [ 4.600653942161724, 45.693217437549386 ], [ 4.600844942007058, 45.693169194831604 ], [ 4.601164278751691, 45.693065763192536 ], [ 4.601455643331342, 45.692995017278072 ], [ 4.60157438954121, 45.693021430137975 ], [ 4.601964683930648, 45.693065057593216 ], [ 4.602184878433754, 45.69315960398982 ], [ 4.602403054920765, 45.693237696406349 ], [ 4.602805016957324, 45.693351272208972 ], [ 4.603029111199076, 45.693367403194799 ] ] ] } },
{ "type": "Feature", "properties": { "id_map": 69000496.0, "num_tronc": "478", "nom": "le garon", "me_sdage": "FRDR479a", "Date": "2026\/08\/13", "Longueur": 1840.89, "ONDE_num": 4, "ONDE_com": null }, "geometry": { "type": "MultiLineString", "coordinates": [ [ [ 4.569358295415155, 45.701548214039455 ], [ 4.569727421521166, 45.701537803403767 ], [ 4.569946989320171, 45.70151596552256 ], [ 4.570047646023625, 45.701489164309649 ], [ 4.570576032758595, 45.701383718267138 ], [ 4.57082300168827, 45.701417022627368 ], [ 4.570934767089376, 45.701414788960257 ], [ 4.571027307335377, 45.70137377947237 ], [ 4.571219751463307, 45.701252343617718 ], [ 4.571294916669149, 45.701224140445433 ], [ 4.571410127698916, 45.701193892647076 ], [ 4.571736719474808, 45.70115232018258 ], [ 4.571816594238022, 45.701127023152772 ], [ 4.571962811525352, 45.701034466650363 ], [ 4.57221343825794, 45.700938696839714 ], [ 4.572435353231791, 45.700891017295511 ], [ 4.572524472910399, 45.700878965595564 ], [ 4.572606972897469, 45.700878219479954 ], [ 4.572677853778409, 45.700889254042231 ], [ 4.572791810254421, 45.700896309806573 ], [ 4.572918218172751, 45.700893734667886 ], [ 4.573000044727072, 45.700882865196512 ], [ 4.573112654791908, 45.700829009517328 ], [ 4.573220654908331, 45.700735093509167 ], [ 4.573282271128433, 45.700691541710263 ], [ 4.573435090005242, 45.700614292426572 ], [ 4.574345833301978, 45.700395003494506 ], [ 4.574447703698099, 45.700370342931166 ], [ 4.574722295094571, 45.700317464458045 ], [ 4.57486911075627, 45.70027326140265 ], [ 4.574967397251045, 45.700231087501592 ], [ 4.57520527778455, 45.700107793655825 ], [ 4.575439137684405, 45.700032921191102 ], [ 4.575560364228996, 45.700010961154632 ], [ 4.575742313176904, 45.699954782182978 ], [ 4.57612952351153, 45.699889247031471 ], [ 4.576524746164712, 45.699915466224333 ], [ 4.576773525023166, 45.699917659241422 ], [ 4.577053127653909, 45.699837820056253 ], [ 4.577121226160848, 45.699818898622901 ], [ 4.577274963445578, 45.699828230095633 ], [ 4.577341808005609, 45.699846478506039 ], [ 4.577435754443964, 45.69984151559931 ], [ 4.577641563955331, 45.69979729355174 ], [ 4.577881316570178, 45.699726386439018 ], [ 4.578062598229388, 45.699728035713619 ], [ 4.578210388797655, 45.699677600004826 ], [ 4.578279412090938, 45.699637048949008 ], [ 4.578372356177638, 45.699610483334361 ], [ 4.578498946246851, 45.699573854199002 ], [ 4.578935048685921, 45.699586792828654 ], [ 4.578993691137172, 45.699574352451684 ], [ 4.579154231108401, 45.699511307637543 ], [ 4.579549508959568, 45.699390932148788 ], [ 4.579650454055773, 45.699374520885137 ], [ 4.579752401537877, 45.69937971144477 ], [ 4.579834186528588, 45.699408016488896 ], [ 4.579936485047885, 45.699425496043844 ], [ 4.580030372684959, 45.699418505288207 ], [ 4.58005824049088, 45.699408657502588 ], [ 4.580126221727549, 45.699385682882102 ], [ 4.58023547205848, 45.699322545180564 ], [ 4.580301611048619, 45.699316078467803 ], [ 4.580494959227144, 45.699294722699534 ], [ 4.581294030420166, 45.699149897271425 ], [ 4.581555822436924, 45.69914878975473 ], [ 4.581669533865641, 45.699160838641077 ], [ 4.581816898284718, 45.699163093069565 ], [ 4.582023632236497, 45.699218823869373 ], [ 4.582290997708604, 45.699210340998469 ], [ 4.582473926412014, 45.699256137690739 ], [ 4.582531141816111, 45.699247768496775 ], [ 4.582951851888065, 45.699100138854028 ], [ 4.58313805256993, 45.69908509353872 ], [ 4.583356925098435, 45.699039461505087 ], [ 4.583411176394469, 45.699035321611113 ], [ 4.583434653828464, 45.699033775774254 ], [ 4.583547448750243, 45.699054211843794 ], [ 4.583827153771582, 45.699207401617045 ], [ 4.58406858739884, 45.699384095776864 ], [ 4.584184370084639, 45.699441506605744 ], [ 4.58435161504342, 45.699545478680626 ], [ 4.584478841962101, 45.699598540193925 ], [ 4.58464202092698, 45.699735533425724 ], [ 4.584980412539314, 45.699769952762118 ], [ 4.585101217405654, 45.699773792431252 ], [ 4.585375904013702, 45.69979194907723 ], [ 4.585577132816681, 45.699789928100422 ], [ 4.585893890256855, 45.699796007943426 ], [ 4.585942719187436, 45.699764112554419 ], [ 4.585986327662486, 45.69975188012976 ], [ 4.586042326459405, 45.699754874679385 ], [ 4.586149585037926, 45.69971661759967 ], [ 4.586298082793069, 45.699677644727281 ], [ 4.586458763960815, 45.699606346303518 ], [ 4.586664592645508, 45.69953616818561 ], [ 4.586822015031709, 45.699458835620355 ], [ 4.58701049562245, 45.699429160993304 ], [ 4.587146512324498, 45.699371854073092 ], [ 4.58734098506955, 45.69930913006327 ], [ 4.587669907023954, 45.69910765488796 ], [ 4.587707469005842, 45.699059435266705 ], [ 4.587756475890946, 45.698993491342868 ], [ 4.587880067798238, 45.698960136215149 ], [ 4.588014058147946, 45.698993508934343 ], [ 4.588145474023009, 45.699004356069786 ], [ 4.588333121700112, 45.698986039347822 ], [ 4.588500798286192, 45.698916800937525 ], [ 4.588684235989468, 45.698939883612013 ], [ 4.588865658894573, 45.698946512188421 ], [ 4.58899239176831, 45.698915138038558 ], [ 4.589343058691893, 45.698893709868798 ], [ 4.58944580558381, 45.698886451170353 ], [ 4.589615136064357, 45.698847990578571 ], [ 4.589771600451447, 45.698791202548421 ], [ 4.589872983842383, 45.698790177302499 ], [ 4.590243809417969, 45.698678620253709 ], [ 4.59035109406144, 45.698641439540893 ], [ 4.590702499318003, 45.698458011580968 ], [ 4.590827214516302, 45.698410181602583 ], [ 4.591008280568892, 45.698377632694132 ] ] ] } },
{ "type": "Feature", "properties": { "id_map": 69013000.0, "num_tronc": "14505", "nom": null, "me_sdage": "FRDR10853", "Date": "2026\/08\/12", "Longueur": 899.3, "ONDE_num": 4, "ONDE_com": null }, "geometry": { "type": "MultiLineString", "coordinates": [ [ [ 4.768676347671904, 45.674841281305262 ], [ 4.768431068668585, 45.674752720349616 ], [ 4.768321569843052, 45.67470350462078 ], [ 4.768241220868389, 45.674613569402638 ], [ 4.768186763284107, 45.674513635069111 ], [ 4.76805492516104, 45.674223604942377 ], [ 4.767829533608686, 45.67362321780476 ], [ 4.767759022327042, 45.673189552385061 ], [ 4.767650757626578, 45.672503020045035 ], [ 4.767631125452565, 45.672190016588367 ], [ 4.7676340978495, 45.672053782740321 ], [ 4.767649088839325, 45.671931816621004 ], [ 4.767748199474555, 45.671438744005982 ], [ 4.767759918093004, 45.6712384675644 ], [ 4.767749514650765, 45.671069612849593 ], [ 4.767730985932809, 45.671020454789428 ], [ 4.767687677346564, 45.670967767621583 ], [ 4.767500125607948, 45.6707914254198 ], [ 4.767248349555796, 45.670619468503375 ], [ 4.766924529552981, 45.670375954300432 ], [ 4.766843169801842, 45.670302381971076 ], [ 4.766708244881319, 45.670144533010429 ], [ 4.766672019629035, 45.670120511990874 ], [ 4.766629535974364, 45.670093616804557 ], [ 4.766300528664859, 45.669904765219442 ], [ 4.765925882002958, 45.669710818865589 ], [ 4.765553572699037, 45.669505485739386 ], [ 4.765240583859385, 45.669311110885957 ], [ 4.764594245814801, 45.668936323463129 ], [ 4.764379328237601, 45.668795667898713 ], [ 4.764088072424848, 45.668593653721572 ], [ 4.763902459597177, 45.668453348837772 ], [ 4.763586571166677, 45.668228075701485 ] ] ] } },
{ "type": "Feature", "properties": { "id_map": 69008723.0, "num_tronc": "8743", "nom": null, "me_sdage": "FRDR10853", "Date": "2026\/08\/12", "Longueur": 646.982, "ONDE_num": 4, "ONDE_com": null }, "geometry": { "type": "MultiLineString", "coordinates": [ [ [ 4.763436227069337, 45.66591633250134 ], [ 4.763499065666145, 45.665602442614905 ], [ 4.763492409102573, 45.665490273688178 ], [ 4.763522255275671, 45.665398879834861 ], [ 4.763529910435459, 45.665336746236093 ], [ 4.763547587485943, 45.665238382342238 ], [ 4.763572150311078, 45.665162608424936 ], [ 4.76360891213587, 45.665094749800126 ], [ 4.763660706944869, 45.665039085461807 ], [ 4.763920371808632, 45.664855056641713 ], [ 4.764024500354718, 45.664748583016078 ], [ 4.764100255863748, 45.664634582555856 ], [ 4.764168330999079, 45.664509353461057 ], [ 4.764208775701094, 45.664387799790944 ], [ 4.764278911713005, 45.664182150187443 ], [ 4.764338232032985, 45.664024092262586 ], [ 4.764366967755147, 45.663910017732952 ], [ 4.764375030458528, 45.663788160772349 ], [ 4.764346528752413, 45.663607294967917 ], [ 4.764341009084444, 45.663518751842993 ], [ 4.764353407753196, 45.663399934385488 ], [ 4.764361201498232, 45.663305913505475 ], [ 4.764390341172335, 45.663131980629238 ], [ 4.764386353309671, 45.662946407313669 ], [ 4.764401052008389, 45.662815124048365 ], [ 4.764478997628823, 45.662407233175614 ], [ 4.764598546159681, 45.661890064922382 ], [ 4.764617003292535, 45.661767909939911 ], [ 4.764606173902379, 45.661524888664253 ], [ 4.764565639724864, 45.661305030764041 ], [ 4.764500634097856, 45.661103255269708 ], [ 4.764419968694613, 45.660942121877426 ], [ 4.764371296028391, 45.660865874144889 ], [ 4.764321965109674, 45.660817333457402 ], [ 4.764276698926623, 45.660787508802557 ], [ 4.764221029139736, 45.660757712042205 ], [ 4.764135577230867, 45.660724463826199 ], [ 4.764058551549804, 45.660713781347447 ], [ 4.763910791928105, 45.660696370845528 ], [ 4.763833667371956, 45.660682582323666 ], [ 4.763646643298723, 45.660642278129089 ] ] ] } },
{ "type": "Feature", "properties": { "id_map": 69007933.0, "num_tronc": "7907", "nom": "le garon", "me_sdage": "FRDR11456", "Date": "2026\/08\/13", "Longueur": 1510.79, "ONDE_num": 4, "ONDE_com": null }, "geometry": { "type": "MultiLineString", "coordinates": [ [ [ 4.765792665501524, 45.651242817351005 ], [ 4.765469853007654, 45.651160061598553 ], [ 4.765355087740181, 45.651125382792635 ], [ 4.765277222730122, 45.651087963532952 ], [ 4.765221112484879, 45.651056147752627 ], [ 4.765052798995884, 45.65093705642898 ], [ 4.764937964345477, 45.650803480705292 ], [ 4.76469614393089, 45.650553948096317 ], [ 4.764450763414578, 45.650386074819231 ], [ 4.764307473638867, 45.650302528401667 ], [ 4.764066524975348, 45.650140664633952 ], [ 4.763981696455646, 45.650053904861906 ], [ 4.763904929340381, 45.649942024111525 ], [ 4.763847658522641, 45.649716483938299 ], [ 4.76372601664744, 45.649526269246529 ], [ 4.763692188467106, 45.649419795362306 ], [ 4.763627931951676, 45.6491684242216 ], [ 4.763485087164431, 45.648796283612057 ], [ 4.763414000041144, 45.648681206162088 ], [ 4.763343449189925, 45.648546665020874 ], [ 4.763281815616735, 45.648413875641147 ], [ 4.76316850106936, 45.648146249424038 ], [ 4.763078171021302, 45.647898664107196 ], [ 4.76300631036299, 45.647638224617992 ], [ 4.762990589151846, 45.647543761618465 ], [ 4.762950568104503, 45.647436303717072 ], [ 4.762892667697663, 45.647360200173139 ], [ 4.762803404398705, 45.647303367482969 ], [ 4.762627491446804, 45.647211277911907 ], [ 4.762368122697691, 45.647063209865081 ], [ 4.762260207938999, 45.646989240125869 ], [ 4.762153073888347, 45.6469276878044 ], [ 4.762028406612592, 45.646896268238436 ], [ 4.761742647629386, 45.646851022126782 ], [ 4.761597788292502, 45.646802489467696 ], [ 4.761471821573521, 45.646742312091568 ], [ 4.761357870668174, 45.646660194521957 ], [ 4.761273051722661, 45.646573432735288 ], [ 4.761212132666847, 45.646487107574792 ], [ 4.761197402523609, 45.646387359754037 ], [ 4.761196411552766, 45.646295638417712 ], [ 4.761106951019453, 45.646135586696928 ], [ 4.761077988317565, 45.64604862638592 ], [ 4.760999228616932, 45.645958527079628 ], [ 4.760899551514504, 45.645864836888869 ], [ 4.760639725152126, 45.645544512343839 ], [ 4.760535976942171, 45.645456019554373 ], [ 4.760325224259795, 45.645346232193624 ], [ 4.760117915338539, 45.645308401966972 ], [ 4.759759054259177, 45.645277939748688 ], [ 4.759630585569718, 45.645260087615931 ], [ 4.759505641403072, 45.645231912208089 ], [ 4.759435895106101, 45.645182878222222 ], [ 4.759349965884946, 45.644963999042105 ], [ 4.759243520184051, 45.644814749707635 ], [ 4.759132444686164, 45.644701645864608 ], [ 4.758789203503698, 45.644447201481597 ], [ 4.758709738811834, 45.644346843663818 ], [ 4.758680351943098, 45.644246378882251 ], [ 4.758699802649486, 45.644155283948585 ], [ 4.758725932960895, 45.644080432429121 ], [ 4.758877705478735, 45.643922419099646 ], [ 4.758951172428527, 45.643821833250769 ], [ 4.759042736622774, 45.643623958640312 ], [ 4.759067957852864, 45.643532638346798 ], [ 4.759071916960107, 45.643451107741143 ], [ 4.759026974619853, 45.643406684810977 ], [ 4.758936630875761, 45.643351892706754 ], [ 4.758837124934175, 45.643263332180204 ], [ 4.758742970317613, 45.643161312492182 ], [ 4.758674323875381, 45.643074026004143 ], [ 4.758615782066935, 45.642977394413421 ], [ 4.758585453575943, 45.642859380609274 ], [ 4.758604346464505, 45.642750730677307 ], [ 4.758664672324375, 45.642515379773407 ], [ 4.758666845512685, 45.64240185706074 ], [ 4.758651499216096, 45.642282528338107 ], [ 4.758606218174639, 45.642154615260836 ], [ 4.758545589348327, 45.642052882252685 ], [ 4.75846487481718, 45.641949436441557 ], [ 4.758327080933891, 45.641831750469656 ], [ 4.758190180212956, 45.641754311866713 ], [ 4.758043831496958, 45.641706879024078 ], [ 4.757910524104221, 45.641681940053445 ], [ 4.757629272117947, 45.641668498526059 ], [ 4.757524102791413, 45.641656224935389 ], [ 4.757427770062137, 45.64160679433418 ], [ 4.757360587597484, 45.641541236262235 ], [ 4.757307337244231, 45.64144127891111 ], [ 4.757280841849263, 45.641334688956348 ], [ 4.757263104222011, 45.641237014338209 ], [ 4.757267762405944, 45.641141016638315 ], [ 4.757299441496602, 45.641058918247822 ], [ 4.757340267441196, 45.64098586421175 ], [ 4.757497416513839, 45.64081533905216 ], [ 4.757541019967475, 45.640769127580811 ], [ 4.757566310098078, 45.640740630693024 ], [ 4.75769298752551, 45.640678125139601 ] ] ] } },
{ "type": "Feature", "properties": { "id_map": 69001905.0, "num_tronc": "1824", "nom": "le garon", "me_sdage": "FRDR479c", "Date": "2026\/08\/12", "Longueur": 309.799, "ONDE_num": 4, "ONDE_com": null }, "geometry": { "type": "MultiLineString", "coordinates": [ [ [ 4.774923719596224, 45.602653145729306 ], [ 4.774897048514246, 45.602517515102903 ], [ 4.774904983987835, 45.602392687245761 ], [ 4.7749209481971, 45.602326233487858 ], [ 4.774937301446512, 45.602259908693796 ], [ 4.774935341524263, 45.602150639053882 ], [ 4.774908055180955, 45.601899637824175 ], [ 4.774866539584359, 45.601793289206377 ], [ 4.774753779696289, 45.601601867335148 ], [ 4.774716354392844, 45.601515044464023 ], [ 4.774697777517853, 45.601427789065575 ], [ 4.774711943244891, 45.601353257376815 ], [ 4.774761004384374, 45.601298576017207 ], [ 4.774790862704953, 45.601245278504841 ], [ 4.774798699628773, 45.601189491266787 ], [ 4.774731060630222, 45.601048697564742 ], [ 4.77463472919863, 45.600769197650919 ], [ 4.774602128607144, 45.600628661654255 ], [ 4.774609118214682, 45.600558431490043 ], [ 4.774614227442814, 45.600501606463588 ], [ 4.774500932545911, 45.599932707459374 ] ] ] } },
{ "type": "Feature", "properties": { "id_map": 69000396.0, "num_tronc": "386", "nom": "le furon", "me_sdage": null, "Date": "2026\/08\/13", "Longueur": 4505.98, "ONDE_num": 1, "ONDE_com": null }, "geometry": { "type": "MultiLineString", "coordinates": [ [ [ 4.685434008948567, 45.663084398327726 ], [ 4.685685183921398, 45.663284238768718 ], [ 4.686181950394986, 45.663652252422821 ], [ 4.686538429708716, 45.663905771266364 ], [ 4.68667444206027, 45.663993577592073 ], [ 4.68691395879922, 45.66412671396899 ], [ 4.68700082473466, 45.664195125816121 ], [ 4.68731915335436, 45.664486367279686 ], [ 4.687460140624611, 45.664585581927867 ], [ 4.687695385289448, 45.664730129412874 ], [ 4.687833516891152, 45.664824117389031 ], [ 4.688083048197885, 45.665020059400781 ], [ 4.688207983367459, 45.66512356690383 ], [ 4.688323002645431, 45.665230465432664 ], [ 4.688433807731744, 45.665350802269295 ], [ 4.688786400671902, 45.665792031134878 ], [ 4.688803652471947, 45.665814334649525 ], [ 4.688897877383227, 45.665921679608992 ], [ 4.689101715812097, 45.666110198634968 ], [ 4.689201898880368, 45.666185434492242 ], [ 4.689312260276601, 45.666253221986381 ], [ 4.689523145359124, 45.666369489387591 ], [ 4.689626717642999, 45.666416842740261 ], [ 4.689739342245352, 45.666508238960695 ], [ 4.689831136179563, 45.6666620952278 ], [ 4.689905657961687, 45.666818237192238 ], [ 4.689964973318117, 45.666867605460482 ], [ 4.69006496926969, 45.666936628645601 ], [ 4.690426758471692, 45.667173438420228 ], [ 4.690581656388695, 45.667260821649322 ], [ 4.690811585978651, 45.667369505238533 ], [ 4.691031036237733, 45.667450514439558 ], [ 4.691173996126333, 45.667487682579647 ], [ 4.691308971311163, 45.667515783436187 ], [ 4.69180878336398, 45.667577448259259 ], [ 4.692030016030495, 45.667628435802513 ], [ 4.692175174048356, 45.667649222140788 ], [ 4.692342718916327, 45.667683722608189 ], [ 4.692944203666782, 45.667818566597155 ], [ 4.693098974293739, 45.667863796076951 ], [ 4.693474999164585, 45.667985814541041 ], [ 4.693801763941195, 45.668097494252571 ], [ 4.69392585069289, 45.668147507465434 ], [ 4.694082677264243, 45.668196892903119 ], [ 4.694381460383143, 45.668237927460041 ], [ 4.69453626642914, 45.668284235297023 ], [ 4.69471403987226, 45.668350597912578 ], [ 4.694982026154422, 45.668493422057658 ], [ 4.69507381279088, 45.668570940931538 ], [ 4.69513195643195, 45.668657342602444 ], [ 4.695215735363675, 45.668762813250403 ], [ 4.695319945667531, 45.668830687658222 ], [ 4.695585671017229, 45.668949901338621 ], [ 4.695722270058949, 45.669018233421134 ], [ 4.695820736167623, 45.669087274711259 ], [ 4.695922904084969, 45.669201654985002 ], [ 4.696068657052206, 45.669442916548078 ], [ 4.696218061934519, 45.669639808946556 ], [ 4.696286025125843, 45.669744706465316 ], [ 4.696325928746398, 45.669852053185338 ], [ 4.696375314674465, 45.669941828682951 ], [ 4.696463290901805, 45.670008055192717 ], [ 4.696684619825183, 45.670086863716463 ], [ 4.696813684182083, 45.67014814757308 ], [ 4.697011799408573, 45.670312015250602 ], [ 4.697114494255947, 45.670405715722808 ], [ 4.697199058513445, 45.6704988787369 ], [ 4.697257716959075, 45.670589324755973 ], [ 4.697300908131836, 45.67067811242152 ], [ 4.697383079082592, 45.670743480022594 ], [ 4.697589632203869, 45.670855609953804 ], [ 4.697656066904437, 45.67093567067802 ], [ 4.697854970348335, 45.671213012197235 ], [ 4.698115323940142, 45.671458082741538 ], [ 4.698515308015944, 45.671694021426028 ], [ 4.698586479394339, 45.671739964057302 ], [ 4.69867057156017, 45.671817596234206 ], [ 4.698802244614014, 45.671938554424244 ], [ 4.698866101012306, 45.671984742338495 ], [ 4.698979054029397, 45.672048293430933 ], [ 4.699036145679376, 45.672074993264417 ], [ 4.699227130138199, 45.672131692460603 ], [ 4.699645043178413, 45.672210636368959 ], [ 4.699800580436362, 45.672230040527914 ], [ 4.700113009100971, 45.672250183438287 ], [ 4.700582932030806, 45.672227956574091 ], [ 4.700731318780472, 45.672227877376677 ], [ 4.700890745605498, 45.672235872573822 ], [ 4.701026606679683, 45.672254626498926 ], [ 4.701134246622382, 45.672295693387696 ], [ 4.701306570859997, 45.672397255247404 ], [ 4.701418511294921, 45.672440283461725 ], [ 4.701556648021314, 45.672470351101403 ], [ 4.702014825258958, 45.672517333833724 ], [ 4.702288384519156, 45.672551838787818 ], [ 4.702420075551259, 45.672572815747465 ], [ 4.702533176049533, 45.672603395777614 ], [ 4.702784305733545, 45.672698089658994 ], [ 4.70304251858601, 45.672822533845277 ], [ 4.703299169575328, 45.672933760896015 ], [ 4.703416525329073, 45.673002375008551 ], [ 4.703512693728513, 45.673083874164803 ], [ 4.703769531943882, 45.673376406849499 ], [ 4.703869481972027, 45.673480545974506 ], [ 4.704049636645699, 45.673698444925073 ], [ 4.704333441873763, 45.674002862841782 ], [ 4.704551156037559, 45.674213707644867 ], [ 4.704662449078401, 45.674298084356259 ], [ 4.704793892562619, 45.674385938847173 ], [ 4.70493420422323, 45.674461364473316 ], [ 4.705058698035153, 45.674523789220125 ], [ 4.705590251291904, 45.674737310891381 ], [ 4.705718434426505, 45.674806839571708 ], [ 4.705837371509241, 45.674876508159571 ], [ 4.705948053645209, 45.674953462185456 ], [ 4.70615674437477, 45.675121342539327 ], [ 4.706368937392093, 45.675265256043396 ], [ 4.706476899180786, 45.675341440167394 ], [ 4.706570310455469, 45.6754332465445 ], [ 4.706636376197626, 45.675525737446634 ], [ 4.706695979858095, 45.675646157683246 ], [ 4.70682738970248, 45.675870195341652 ], [ 4.707036009513573, 45.676173044244258 ], [ 4.707173088528355, 45.676343359288985 ], [ 4.707329502912589, 45.676490683575949 ], [ 4.7074265181736, 45.676561763736622 ], [ 4.707537857586964, 45.676622358731144 ], [ 4.7076534039109, 45.676669379419678 ], [ 4.707919594595184, 45.676739109874354 ], [ 4.707984136544525, 45.676769610358704 ], [ 4.708034771928702, 45.676849094308743 ], [ 4.708076925291154, 45.676941001355765 ], [ 4.708120874154076, 45.67704112251176 ], [ 4.70817647513009, 45.677131609636774 ], [ 4.708232500895524, 45.677210876649653 ], [ 4.708280756853173, 45.677300664509239 ], [ 4.708322122562453, 45.677342054469108 ], [ 4.708462859227054, 45.677430844769788 ], [ 4.708515103069372, 45.677487471523285 ], [ 4.708544243552975, 45.677507430193153 ], [ 4.708661278778973, 45.677527676678174 ], [ 4.708777954612709, 45.677573733394432 ], [ 4.708953999526056, 45.677669958543618 ], [ 4.709052949536117, 45.677741143119945 ], [ 4.70913303938331, 45.677863142792759 ], [ 4.709187255378032, 45.677996073198912 ], [ 4.709270140411314, 45.67810870817776 ], [ 4.709325693251575, 45.678172579989223 ], [ 4.709448417923935, 45.678289609056563 ], [ 4.709532465489636, 45.678389931731019 ], [ 4.709641498193269, 45.678562831368382 ], [ 4.709725415717644, 45.678671397244514 ], [ 4.709729395711896, 45.67880022626214 ], [ 4.709752080362214, 45.67884824921569 ], [ 4.709822806767877, 45.678954042984365 ], [ 4.709961759533948, 45.679134594383854 ], [ 4.710106804228711, 45.679225343910318 ], [ 4.710280289005012, 45.679325794217533 ], [ 4.710361243084002, 45.679363339822082 ], [ 4.710423764320707, 45.679415621453884 ], [ 4.710480794211666, 45.679477308643136 ], [ 4.710522732420253, 45.679562057627017 ], [ 4.710553270420159, 45.679652113699532 ], [ 4.710598167028666, 45.679845036252487 ], [ 4.710605494179392, 45.679944902132625 ], [ 4.710603896820327, 45.680042876992374 ], [ 4.710553263675892, 45.680200637148722 ], [ 4.710542332589178, 45.680283486977331 ], [ 4.710570454801905, 45.680532327272921 ], [ 4.710566016404683, 45.680563333559931 ], [ 4.710582080391735, 45.680659013630965 ], [ 4.710565117627131, 45.680708854519871 ], [ 4.710557580673294, 45.68081421521984 ], [ 4.710562694619943, 45.680892362933477 ], [ 4.710580335891627, 45.680964240700135 ], [ 4.710590105690264, 45.681055828133182 ], [ 4.710607433646753, 45.681080153947264 ], [ 4.710734165846136, 45.681251703049412 ], [ 4.710814213906342, 45.681334657186234 ], [ 4.711044284699184, 45.681519497761364 ], [ 4.711285111244832, 45.681715523240577 ], [ 4.711384203157087, 45.681766032829415 ], [ 4.711484789326675, 45.681877316575928 ], [ 4.711619921599119, 45.68197132233874 ], [ 4.711735955662919, 45.682071022361427 ], [ 4.711785731416425, 45.682134845773746 ], [ 4.711788692027897, 45.682243019357315 ], [ 4.711855483591346, 45.682321040307222 ], [ 4.711956310546871, 45.682377737850125 ], [ 4.712022622064227, 45.68244022900339 ], [ 4.712151197372494, 45.682596346731742 ], [ 4.712220110504921, 45.68265569083033 ], [ 4.712420481087331, 45.682764916484452 ], [ 4.712576131040622, 45.682861581526744 ], [ 4.712658241993456, 45.682923832105267 ], [ 4.712940659055069, 45.683093146702554 ], [ 4.713093301490001, 45.68315486475791 ], [ 4.713217649180745, 45.683273891934405 ], [ 4.713321771738648, 45.683399576534732 ], [ 4.713438770027578, 45.683517769544899 ], [ 4.713491087428299, 45.683576419629134 ], [ 4.713506042145064, 45.683611184176279 ], [ 4.713522470654447, 45.683656194237656 ], [ 4.713541092658478, 45.683809389570925 ], [ 4.713568174146743, 45.683899632653066 ], [ 4.713733338472715, 45.684141523812272 ], [ 4.713828056983173, 45.68426221710282 ], [ 4.713897965780638, 45.684341135236373 ], [ 4.713957287854188, 45.684389410607544 ], [ 4.714079775262815, 45.684535351006325 ], [ 4.714126988284254, 45.68460340070687 ], [ 4.714154798019276, 45.684741999986784 ], [ 4.714204520398385, 45.684803931772123 ], [ 4.714276709410794, 45.684869304545174 ], [ 4.714339301995957, 45.684960898490104 ], [ 4.714444787114917, 45.685217477650468 ], [ 4.714440454687369, 45.685388720958045 ], [ 4.714448974808375, 45.68548951432102 ], [ 4.714510631855302, 45.685787291863925 ], [ 4.71454141070174, 45.685859914905002 ], [ 4.714558341259105, 45.685970848192021 ], [ 4.714591971717416, 45.686073285909238 ], [ 4.71461583862202, 45.686184113610594 ], [ 4.714627349880042, 45.686281889144098 ], [ 4.714658510314748, 45.686354371249472 ], [ 4.714670117928081, 45.686455252718147 ], [ 4.714677534068914, 45.686657256151946 ], [ 4.714692442159614, 45.686765112815898 ], [ 4.7147186261938, 45.686863610727819 ], [ 4.714769083798677, 45.686936744794195 ], [ 4.714856145515541, 45.687009186497399 ], [ 4.715062211833589, 45.687152232331634 ], [ 4.71515682273999, 45.687194565672485 ], [ 4.715260841041406, 45.6872543192774 ], [ 4.715357273520877, 45.6873429655707 ], [ 4.715494631888911, 45.687520562835381 ], [ 4.715553208315959, 45.687619242798647 ], [ 4.715604476259794, 45.687681150504467 ], [ 4.715650956774624, 45.687737862026388 ], [ 4.715729547551276, 45.687785707979309 ], [ 4.715863847693003, 45.687790012275194 ], [ 4.715949697651275, 45.687835720936285 ], [ 4.71612007867076, 45.687897029844784 ], [ 4.716211994150806, 45.687951833017117 ], [ 4.716232082833105, 45.688002866692678 ], [ 4.716269738764633, 45.688060928362148 ], [ 4.716324827971923, 45.688109267083462 ], [ 4.716455137377218, 45.688196180387273 ], [ 4.716511324166219, 45.688205321970187 ], [ 4.716605238216525, 45.688200243052542 ], [ 4.716678347069156, 45.688183186599908 ], [ 4.716763883560745, 45.688156618483923 ], [ 4.716889299867978, 45.688098233328013 ], [ 4.717039307788857, 45.688062035657659 ], [ 4.717131617262913, 45.688054954185851 ], [ 4.717270383399181, 45.68806648438818 ], [ 4.717363748805335, 45.68808100336588 ], [ 4.717563885950856, 45.688219001213 ], [ 4.717847478076989, 45.688313033022119 ], [ 4.717895309996286, 45.68836350824224 ], [ 4.717901950564297, 45.688415962674277 ], [ 4.717893403542964, 45.688488373996329 ], [ 4.717844012922579, 45.688573972906795 ], [ 4.717782839149133, 45.688652590931341 ], [ 4.717706032465761, 45.688711992231674 ], [ 4.71750682466081, 45.688840001428581 ], [ 4.717491540404975, 45.688856852328719 ], [ 4.71742224362028, 45.688922218635938 ], [ 4.717299282915476, 45.689109456738052 ], [ 4.717274838898534, 45.689191432564819 ], [ 4.717283235281561, 45.68931289872264 ], [ 4.717314849361924, 45.689399829467604 ], [ 4.717459766652257, 45.689547316076279 ], [ 4.717524778135743, 45.689629549346471 ], [ 4.717721104697273, 45.689743961807785 ], [ 4.717823106949908, 45.689788206880763 ], [ 4.717975387552755, 45.689837494606543 ], [ 4.718030131224267, 45.689849764877579 ], [ 4.718148573958271, 45.689864711427802 ], [ 4.718267602535284, 45.689861274684738 ], [ 4.718572172067156, 45.689922829944585 ], [ 4.718728951209, 45.689943135638266 ], [ 4.718933385607881, 45.689946096080263 ], [ 4.719064253527662, 45.68997625401375 ], [ 4.719264150005931, 45.690106146419829 ], [ 4.719609847783471, 45.690238001188455 ], [ 4.719741102905218, 45.69028058207622 ], [ 4.719817836142739, 45.690318050588914 ], [ 4.719998888493946, 45.690424586098054 ], [ 4.720076264405696, 45.690482715652678 ], [ 4.720148602105223, 45.690552405991056 ], [ 4.720185741865792, 45.690692888225051 ], [ 4.720177447790712, 45.690810555998702 ] ] ] } },
{ "type": "Feature", "properties": { "id_map": 69000396.0, "num_tronc": "386", "nom": "le furon", "me_sdage": null, "Date": "2026\/08\/13", "Longueur": 389.461, "ONDE_num": 1, "ONDE_com": null }, "geometry": { "type": "MultiLineString", "coordinates": [ [ [ 4.720177447790712, 45.690810555998702 ], [ 4.720124513332201, 45.691116971206831 ], [ 4.720129640119983, 45.691232272375494 ], [ 4.720099289452746, 45.691384593534082 ], [ 4.720102558123966, 45.691464930948129 ], [ 4.720178831166283, 45.691723167434397 ], [ 4.720323274844412, 45.691966582204543 ], [ 4.72037650517726, 45.692041698201123 ], [ 4.720471156510443, 45.692122126210606 ], [ 4.72057891119663, 45.692202354019273 ], [ 4.720728375990356, 45.692284781847739 ], [ 4.720891424274478, 45.692345250118969 ], [ 4.721028272945428, 45.692381529339649 ], [ 4.721145987856006, 45.692385270257809 ], [ 4.721307753280684, 45.692379691290945 ], [ 4.72148695837835, 45.692339799186769 ], [ 4.721615171082689, 45.692346351502763 ], [ 4.721757414406969, 45.692370117760355 ], [ 4.721933212080851, 45.692480918895313 ], [ 4.721988629679966, 45.692576671780415 ], [ 4.722007410776191, 45.692635020198239 ], [ 4.722087168561452, 45.692707568269675 ], [ 4.722171615835596, 45.69275734698811 ], [ 4.722367674636915, 45.692800555536216 ], [ 4.722687002381957, 45.69293915434654 ], [ 4.722922172391234, 45.693099170001197 ] ] ] } },
{ "type": "Feature", "properties": { "id_map": 69000210.0, "num_tronc": "208", "nom": "l'artilla", "me_sdage": "FRDR11789", "Date": "2026\/08\/13", "Longueur": 279.013, "ONDE_num": 1, "ONDE_com": null }, "geometry": { "type": "MultiLineString", "coordinates": [ [ [ 4.596784094415706, 45.669865836297916 ], [ 4.596758175848176, 45.669915920638189 ], [ 4.596766241677746, 45.670008484931898 ], [ 4.596811428949451, 45.670038511921831 ], [ 4.59715027500228, 45.670121386662181 ], [ 4.597217713190491, 45.670147855512461 ], [ 4.597248175818966, 45.670175118972082 ], [ 4.597323551695346, 45.670182831361082 ], [ 4.59734775914158, 45.670166951483459 ], [ 4.597427642799181, 45.670210671593203 ], [ 4.597568649956534, 45.670208941508086 ], [ 4.59761836721245, 45.670235661516458 ], [ 4.597806667963743, 45.670270142516173 ], [ 4.597923201073566, 45.670315098580161 ], [ 4.598007771451496, 45.670374288302099 ], [ 4.598050243287435, 45.670470417309915 ], [ 4.598097268938971, 45.670510685323435 ], [ 4.59823425362011, 45.670583181478364 ], [ 4.598284624246688, 45.67059246401088 ], [ 4.598419763954344, 45.670587708844202 ], [ 4.598820432375214, 45.670529061861991 ], [ 4.59889210378016, 45.6705285846948 ], [ 4.599016224261526, 45.670542629083869 ], [ 4.599094330806392, 45.670578132161822 ], [ 4.599260203488158, 45.670609957029249 ], [ 4.599296589409867, 45.670628759624066 ], [ 4.599332089903236, 45.670670271613425 ], [ 4.599358913155083, 45.670718256536617 ], [ 4.599370686592207, 45.670792259331527 ], [ 4.599408827589172, 45.670858457133328 ], [ 4.59948202242835, 45.670924021954498 ] ] ] } },
{ "type": "Feature", "properties": { "id_map": 69001238.0, "num_tronc": "1584", "nom": "le chéron", "me_sdage": null, "Date": "2026\/08\/12", "Longueur": 330.878, "ONDE_num": 4, "ONDE_com": null }, "geometry": { "type": "MultiLineString", "coordinates": [ [ [ 4.747791151479645, 45.669668276012338 ], [ 4.74812438523801, 45.66968796286843 ], [ 4.748289960801557, 45.66967093608482 ], [ 4.748536552890055, 45.669656434058631 ], [ 4.748995792379874, 45.66960215042976 ], [ 4.749266006411495, 45.669591197972963 ], [ 4.749361068265008, 45.669574724519698 ], [ 4.749624061011991, 45.669566990811376 ], [ 4.749698014432244, 45.669577731055362 ], [ 4.749875730035846, 45.669639955412187 ], [ 4.749979828331496, 45.669665493974087 ], [ 4.750219329984701, 45.669731486306176 ], [ 4.750256794107402, 45.669746170955776 ], [ 4.750330003726667, 45.66980650612723 ], [ 4.750368536413731, 45.669842791037254 ], [ 4.750376924191706, 45.66986427756521 ], [ 4.750374945034827, 45.669887006079527 ], [ 4.750387373871441, 45.669902214933273 ], [ 4.750451606674265, 45.669922428078195 ], [ 4.750512047910598, 45.66993243209653 ], [ 4.750578785189729, 45.669946526483194 ], [ 4.75064645869551, 45.669978034907601 ], [ 4.750696219637012, 45.670003742017848 ], [ 4.750744149268227, 45.670020290392351 ], [ 4.750806003428984, 45.670026219118405 ], [ 4.750875459625242, 45.670028787076994 ], [ 4.750966650872162, 45.670036151053289 ], [ 4.751023175974654, 45.670044189107266 ], [ 4.751091646674172, 45.670064335996472 ], [ 4.751203556978491, 45.670105289126518 ], [ 4.751274573484507, 45.670144986642796 ], [ 4.751356773173416, 45.670209234534369 ], [ 4.75134450297543, 45.670259954896281 ], [ 4.751311084461625, 45.670373152778218 ], [ 4.751324798394793, 45.670453327391336 ] ] ] } },
{ "type": "Feature", "properties": { "id_map": 69001035.0, "num_tronc": "997", "nom": "le broulon", "me_sdage": null, "Date": "2026\/08\/12", "Longueur": 267.109, "ONDE_num": 4, "ONDE_com": null }, "geometry": { "type": "MultiLineString", "coordinates": [ [ [ 4.759340250258865, 45.609287922848573 ], [ 4.759480856255283, 45.609411776847402 ], [ 4.759660458042615, 45.609551233304316 ], [ 4.759772460681263, 45.609622978448328 ], [ 4.759877205649783, 45.609672274448549 ], [ 4.759944183975427, 45.609720404875922 ], [ 4.760019038710629, 45.609858932581851 ], [ 4.760068414867148, 45.609910445770687 ], [ 4.760256273611964, 45.610067335828404 ], [ 4.760459610316708, 45.61021452598812 ], [ 4.760520788947505, 45.610273960600829 ], [ 4.76061102275133, 45.61038752298608 ], [ 4.760680267169151, 45.610422107001014 ], [ 4.760786725459383, 45.610440436254677 ], [ 4.760886815091255, 45.610476428797647 ], [ 4.760960781969786, 45.610526340729677 ], [ 4.761298586241587, 45.610616031142463 ], [ 4.761416863006256, 45.610667005365684 ], [ 4.761549406581434, 45.610706542309821 ], [ 4.76182935825702, 45.610829292180021 ] ] ] } },
{ "type": "Feature", "properties": { "id_map": 69001876.0, "num_tronc": "1805", "nom": "le mornantet", "me_sdage": "FRDR479c", "Date": "2026\/08\/12", "Longueur": 346.206, "ONDE_num": 4, "ONDE_com": null }, "geometry": { "type": "MultiLineString", "coordinates": [ [ [ 4.771876344297173, 45.60207187250532 ], [ 4.771912371442488, 45.60199470002464 ], [ 4.771980673487339, 45.601939716798128 ], [ 4.772084536139505, 45.601901331665296 ], [ 4.772244757979037, 45.601867867925201 ], [ 4.772448737554256, 45.601830471844117 ], [ 4.772786658979659, 45.601732328395954 ], [ 4.772886950209791, 45.601678596753096 ], [ 4.772962064315378, 45.601607968377841 ], [ 4.773104018268982, 45.601436713344256 ], [ 4.773229015973972, 45.601300988043576 ], [ 4.773271395437765, 45.601229929805903 ], [ 4.773303127395242, 45.601150933087865 ], [ 4.773314018199169, 45.601070238379123 ], [ 4.773293147991717, 45.600995448672478 ], [ 4.773254380845367, 45.600914726275512 ], [ 4.773200090326501, 45.600818035928675 ], [ 4.773196615489796, 45.600769587771801 ], [ 4.773217496322058, 45.600712379067822 ], [ 4.773276812469033, 45.600653348413438 ], [ 4.773355145048101, 45.600599151902252 ], [ 4.773449100339153, 45.600564029105051 ], [ 4.773669428233718, 45.600496379474066 ], [ 4.773776131549472, 45.600450652217624 ], [ 4.774410022479979, 45.600002775497529 ], [ 4.774500932545911, 45.599932707459374 ] ] ] } },
{ "type": "Feature", "properties": { "id_map": 69008143.0, "num_tronc": "8116", "nom": "le grand val", "me_sdage": "FRDR11709", "Date": "2026\/08\/12", "Longueur": 617.591, "ONDE_num": 2, "ONDE_com": null }, "geometry": { "type": "MultiLineString", "coordinates": [ [ [ 4.675119043256762, 45.627909405670039 ], [ 4.675104692316118, 45.627638603942813 ], [ 4.675264689874124, 45.627466128144555 ], [ 4.675318145365533, 45.627438176714129 ], [ 4.675466256968837, 45.6274329992223 ], [ 4.675512648792573, 45.627451628093418 ], [ 4.675562366417314, 45.627516547541624 ], [ 4.675573640159837, 45.62757096103369 ], [ 4.675792325683999, 45.627810888774327 ], [ 4.675831714538491, 45.627839889594803 ], [ 4.675894270293353, 45.62785814248592 ], [ 4.676075225589972, 45.627856528121882 ], [ 4.676133317416985, 45.627879981263376 ], [ 4.676149075418887, 45.627942569160979 ], [ 4.676192897498535, 45.628003523096382 ], [ 4.67632941263597, 45.628136862109891 ], [ 4.676426627082789, 45.628205937313112 ], [ 4.676640284499417, 45.628254092961093 ], [ 4.676660866403183, 45.628259730797794 ], [ 4.676690691066361, 45.628265366013153 ], [ 4.67687430756556, 45.628300728800518 ], [ 4.676986076442531, 45.628303521547856 ], [ 4.677103243352077, 45.62829380430648 ], [ 4.677198288472673, 45.628278472158975 ], [ 4.677290376656464, 45.628267237079427 ], [ 4.677331528908479, 45.628265407747008 ], [ 4.677404216875381, 45.628287561856261 ], [ 4.677568912818941, 45.628359413021585 ], [ 4.677678551652413, 45.628380880979968 ], [ 4.67777161793552, 45.628389220784349 ], [ 4.677847636660561, 45.628381467302788 ], [ 4.677982630938343, 45.628337302398734 ], [ 4.678104844490266, 45.628278061347238 ], [ 4.678222044964673, 45.628231324353798 ], [ 4.678270568376536, 45.628231276178532 ], [ 4.67841068674517, 45.628279984847808 ], [ 4.678556493026846, 45.628351170619005 ], [ 4.678680349355806, 45.628435113090106 ], [ 4.678764160343597, 45.628468449010228 ], [ 4.678958172378813, 45.628503653339536 ], [ 4.679042135611041, 45.628503886666508 ], [ 4.679124145459851, 45.628503203361412 ], [ 4.679295426016938, 45.628487272243781 ], [ 4.679398747239868, 45.628465464905858 ], [ 4.679615287503561, 45.628405354796492 ], [ 4.679905257420189, 45.628277542503177 ], [ 4.68013377000328, 45.628117006542794 ], [ 4.680411902325916, 45.627992612115783 ], [ 4.680478570756756, 45.627968649064996 ], [ 4.680699568029905, 45.627941300190706 ], [ 4.680880101636125, 45.627938468478135 ], [ 4.681081826922712, 45.627910596110389 ], [ 4.681381116970942, 45.627836276425569 ] ] ] } },
{ "type": "Feature", "properties": { "id_map": 69002279.0, "num_tronc": "2218", "nom": "ruisseau de corsenat", "me_sdage": null, "Date": "2026\/08\/12", "Longueur": 1921.436, "ONDE_num": 1, "ONDE_com": null }, "geometry": { "type": "MultiLineString", "coordinates": [ [ [ 4.643651899851285, 45.609509537263442 ], [ 4.643848590383123, 45.609469375251102 ], [ 4.644016467247215, 45.609444224911989 ], [ 4.644181626494468, 45.609392364038996 ], [ 4.644295849662541, 45.609310579548385 ], [ 4.644993655362694, 45.608643516009295 ], [ 4.64519951654284, 45.608510403048768 ], [ 4.645868537185009, 45.608482107376297 ], [ 4.645896651131011, 45.60841765811319 ], [ 4.646035216749794, 45.608326058544904 ], [ 4.646130993488865, 45.60829736657648 ], [ 4.646215715312001, 45.608285318643205 ], [ 4.646658092623958, 45.608144147917663 ], [ 4.647485785208883, 45.607949777130329 ], [ 4.647394828752021, 45.607739135595189 ], [ 4.647408905471701, 45.607552219693595 ], [ 4.647991202512785, 45.607003015419295 ], [ 4.648345728284776, 45.606950265161657 ], [ 4.648325575476785, 45.606777495920745 ], [ 4.648324821126273, 45.606765077670282 ], [ 4.648660867916659, 45.606440638573027 ], [ 4.648874274670074, 45.606238236284135 ], [ 4.649378764672591, 45.606141132716331 ], [ 4.649477104850189, 45.606108212099748 ], [ 4.649524062414685, 45.606069154758586 ], [ 4.649694261063135, 45.605928450213554 ], [ 4.649718317465799, 45.60587013898936 ], [ 4.649735649738305, 45.605831651151888 ], [ 4.649822873097802, 45.605696891880356 ], [ 4.64994630687526, 45.60552417836012 ], [ 4.650031045671572, 45.605448224375131 ], [ 4.650141204384598, 45.605372708013654 ], [ 4.650262363330715, 45.605317565531685 ], [ 4.650586440249994, 45.605057198915162 ], [ 4.650761773461561, 45.60493398049293 ], [ 4.65092109200891, 45.604945152339468 ], [ 4.650937313332327, 45.604946940769075 ], [ 4.650995297772086, 45.60492920203238 ], [ 4.651058591257574, 45.604895848696621 ], [ 4.65130315637999, 45.604809441494979 ], [ 4.65135980205729, 45.604759703232126 ], [ 4.651436302525498, 45.604730343918604 ], [ 4.651490544941876, 45.604729142211148 ], [ 4.651606701290806, 45.604725815465194 ], [ 4.651845807948932, 45.604688799162233 ], [ 4.652014760011471, 45.604687398662762 ], [ 4.652259118041013, 45.604658680624269 ], [ 4.652279447120284, 45.604656220380441 ], [ 4.65240449674253, 45.604589669883232 ], [ 4.652437445321328, 45.604571487575924 ], [ 4.652526114824055, 45.604550054808939 ], [ 4.65260176610087, 45.604530974862065 ], [ 4.652707687223592, 45.604429713835685 ], [ 4.652783430907646, 45.604413739734866 ], [ 4.652876578057667, 45.604426286410671 ], [ 4.652959721147866, 45.604413175684115 ], [ 4.653027092383228, 45.60437462744266 ], [ 4.653235473015433, 45.604198094781076 ], [ 4.653279672492027, 45.604131245492482 ], [ 4.653310052160321, 45.604014071443977 ], [ 4.653397417071613, 45.603884441023702 ], [ 4.653465264788519, 45.603823188488469 ], [ 4.653648756859704, 45.603754426411676 ], [ 4.653704188608425, 45.603702813355973 ], [ 4.653861240979439, 45.603599448415551 ], [ 4.653968270661503, 45.603561262156454 ], [ 4.654065801441095, 45.603501464173505 ], [ 4.654238891007475, 45.60331639676302 ], [ 4.654382742101784, 45.603209307285461 ], [ 4.654502786417296, 45.60306555005301 ], [ 4.654665713618368, 45.602952775539286 ], [ 4.654913480097025, 45.602806463316014 ], [ 4.654937901367092, 45.602786379198314 ], [ 4.655056989794168, 45.602688029455074 ], [ 4.655251446552194, 45.602664362288991 ], [ 4.655437380819976, 45.602613124446535 ], [ 4.655643130069814, 45.60258091410816 ], [ 4.655673062798491, 45.602564936838533 ], [ 4.655719379152294, 45.602543314329168 ], [ 4.655777561655898, 45.602493686238837 ], [ 4.6559673520331, 45.602429826312999 ], [ 4.656125249467445, 45.602342117425302 ], [ 4.65621654277001, 45.602318481425129 ], [ 4.656391073326766, 45.602310777437914 ], [ 4.656489694471103, 45.602274739073408 ], [ 4.656542996598587, 45.602255039853546 ], [ 4.656614288348462, 45.602206163950498 ], [ 4.656694612757891, 45.602189038878876 ], [ 4.656883130452045, 45.602198556175196 ], [ 4.656954974975672, 45.602168180797619 ], [ 4.65702844531416, 45.601986197666442 ], [ 4.657077020251396, 45.601924281096863 ], [ 4.657187840763171, 45.601871444900446 ], [ 4.657679090611998, 45.601706677527901 ], [ 4.657833594132352, 45.601608613390809 ], [ 4.658093886066365, 45.601508314031179 ], [ 4.658204722258595, 45.601494655989221 ], [ 4.658287584918943, 45.601472358483115 ], [ 4.658526577041657, 45.60135494405759 ], [ 4.658732360794733, 45.601182627280174 ], [ 4.65889842840731, 45.601008058776927 ], [ 4.659073655446748, 45.60092090064061 ], [ 4.659258601178718, 45.600772668094535 ], [ 4.659284248991759, 45.60071649281943 ], [ 4.659307839421638, 45.600578746616534 ], [ 4.659504404414641, 45.600227284742793 ], [ 4.659520394920693, 45.600118562337855 ], [ 4.659537993107035, 45.600012112933612 ], [ 4.659628065628189, 45.599819345090602 ], [ 4.659788427641868, 45.59975010342017 ], [ 4.659913903619118, 45.599659895265347 ], [ 4.660219863212765, 45.599529734888506 ], [ 4.660305476033311, 45.599509421770399 ], [ 4.660389553049179, 45.599514935640485 ], [ 4.660544663989443, 45.599463198479384 ], [ 4.660715065072783, 45.599497835377612 ], [ 4.660815986272513, 45.599487428434905 ], [ 4.660991382257182, 45.599470382388809 ], [ 4.661083839422845, 45.599434430920368 ] ] ] } },
{ "type": "Feature", "properties": { "id_map": 69006377.0, "num_tronc": "6311", "nom": null, "me_sdage": null, "Date": "2026\/08\/12", "Longueur": 115.653, "ONDE_num": 4, "ONDE_com": null }, "geometry": { "type": "MultiLineString", "coordinates": [ [ [ 4.652484209155969, 45.634695587466481 ], [ 4.652597595673575, 45.634597324822529 ], [ 4.652595902596208, 45.634592215821961 ], [ 4.652589005382059, 45.63456759350273 ], [ 4.652631485504286, 45.634558458293711 ], [ 4.652652488920358, 45.634539505832755 ], [ 4.652655643925388, 45.634503252259819 ], [ 4.652619820801804, 45.63442568956755 ], [ 4.652620020815345, 45.6343936675405 ], [ 4.652654248977638, 45.634366144573406 ], [ 4.652694868460631, 45.634359198288202 ], [ 4.652698951231718, 45.634276591224641 ], [ 4.652650563497366, 45.63413936303423 ], [ 4.652666209508855, 45.63409576564235 ], [ 4.652638546815873, 45.633956071470998 ], [ 4.65252017356091, 45.633770964165024 ] ] ] } },
{ "type": "Feature", "properties": { "id_map": 69000881.0, "num_tronc": "849", "nom": "ruisseau de malval", "me_sdage": null, "Date": "2026\/08\/12", "Longueur": 2481.215, "ONDE_num": 2, "ONDE_com": null }, "geometry": { "type": "MultiLineString", "coordinates": [ [ [ 4.626849122512692, 45.63103510592132 ], [ 4.626985140293836, 45.630984908539574 ], [ 4.627146803742288, 45.630942446217574 ], [ 4.627333215597671, 45.630942722902276 ], [ 4.627479011289978, 45.63095007151896 ], [ 4.627924784419174, 45.630851214878135 ], [ 4.628202667208385, 45.630818823474968 ], [ 4.628803020660464, 45.630764201299655 ], [ 4.628990880447054, 45.630761346955374 ], [ 4.629135044662731, 45.630765609722111 ], [ 4.629206323401509, 45.630779709085154 ], [ 4.629290289857179, 45.630779979529322 ], [ 4.629620110605217, 45.630758856591207 ], [ 4.629851361235598, 45.630777799177324 ], [ 4.629914332854353, 45.630771347988066 ], [ 4.630135294359414, 45.630636964510721 ], [ 4.630239084143776, 45.630447130457817 ], [ 4.630327329488685, 45.630383435453574 ], [ 4.630365009862394, 45.630328984325907 ], [ 4.630608609096257, 45.630178735311311 ], [ 4.6307392405306, 45.630141986346729 ], [ 4.630894813032364, 45.629997470614782 ], [ 4.630914317738645, 45.62990126635443 ], [ 4.630910248375623, 45.629802296433276 ], [ 4.630932069622939, 45.62975861281376 ], [ 4.63103439277792, 45.629676069285019 ], [ 4.631187845124662, 45.62955117347321 ], [ 4.631359307074091, 45.62943628402099 ], [ 4.631398497775998, 45.629380864926837 ], [ 4.63149661361561, 45.629129370818653 ], [ 4.631532815809167, 45.629077102321773 ], [ 4.631581016042488, 45.629039926245348 ], [ 4.631722757017659, 45.629014363485183 ], [ 4.63196670777609, 45.628915579735541 ], [ 4.632034113450685, 45.628902848382708 ], [ 4.632128447954511, 45.628915260474876 ], [ 4.632216526711191, 45.62891141602443 ], [ 4.632288653134006, 45.628875919101091 ], [ 4.632327791833129, 45.628831848893022 ], [ 4.632391306926439, 45.628804717968258 ], [ 4.63257937544044, 45.628769970704361 ], [ 4.632799621434049, 45.628650993691238 ], [ 4.632876343862396, 45.628627723872363 ], [ 4.633027541887257, 45.62866173680343 ], [ 4.633111751996858, 45.628670377068829 ], [ 4.633189253447502, 45.628660470716568 ], [ 4.633337129433395, 45.628607931781744 ], [ 4.633457823623889, 45.628547816269752 ], [ 4.633537167261923, 45.628508971342427 ], [ 4.633721608800102, 45.628455765974309 ], [ 4.634014915779339, 45.628333158864791 ], [ 4.634244648770943, 45.628274836608831 ], [ 4.634320887971673, 45.628235225596626 ], [ 4.634441603505374, 45.628136740033085 ], [ 4.634807002945029, 45.627977687215242 ], [ 4.634895815015044, 45.627855211370942 ], [ 4.635197857628767, 45.627663437600305 ], [ 4.635823009573341, 45.627641381666258 ], [ 4.635991970001121, 45.627677023794874 ], [ 4.636132526461473, 45.627728885483535 ], [ 4.636420686729624, 45.627771305114024 ], [ 4.636603244711799, 45.627810936724103 ], [ 4.636835716588492, 45.627884562953781 ], [ 4.636948811796342, 45.627958439256581 ], [ 4.637054658627563, 45.627995538324875 ], [ 4.637143006978617, 45.628000872939879 ], [ 4.637319700223125, 45.628037481408825 ], [ 4.63740572128345, 45.62805527897622 ], [ 4.637493922058982, 45.628055616727075 ], [ 4.637563959063541, 45.628079861420638 ], [ 4.637676539223905, 45.628240479373375 ], [ 4.637753894555588, 45.628264752546862 ], [ 4.637869707997016, 45.628326294199198 ], [ 4.637951082342447, 45.628343213286001 ], [ 4.638052635482472, 45.628417391624232 ], [ 4.6381511379354, 45.628453515788664 ], [ 4.638267559894125, 45.628496539340979 ], [ 4.638487951740172, 45.628669367189531 ], [ 4.638554822462466, 45.628690685164976 ], [ 4.638613559866062, 45.628723470027531 ], [ 4.638768205512727, 45.628873882230685 ], [ 4.638824312492224, 45.628908866912852 ], [ 4.639149072827339, 45.628977496664959 ], [ 4.639337287295473, 45.629051897620855 ], [ 4.639522270466652, 45.629082167285361 ], [ 4.639647360884005, 45.629118713397617 ], [ 4.639989833030812, 45.629122099037275 ], [ 4.640098490072188, 45.629123892957423 ], [ 4.640204910896006, 45.629206239645249 ], [ 4.640327593388784, 45.629226472871615 ], [ 4.640401043786365, 45.629222835249415 ], [ 4.640528101877981, 45.629234763303252 ], [ 4.640609566362951, 45.629254651411806 ], [ 4.640848636940976, 45.629342629147374 ], [ 4.640998752739758, 45.629352869446265 ], [ 4.641152039978829, 45.629431154284646 ], [ 4.641316328156735, 45.629490769604757 ], [ 4.641372476580268, 45.629540073172137 ], [ 4.641404684923231, 45.62960026380641 ], [ 4.641453459313077, 45.629647648378665 ], [ 4.641515343140959, 45.62968254749233 ], [ 4.641679303529735, 45.629744058498915 ], [ 4.64197101721535, 45.629827888371693 ], [ 4.642077441374193, 45.629845249622583 ], [ 4.64220591697796, 45.629852966986604 ], [ 4.642500289415289, 45.629870557106415 ], [ 4.64260271709432, 45.629857038014883 ], [ 4.642753161907488, 45.629800396084768 ], [ 4.642830727296749, 45.629792643776447 ], [ 4.642893578781247, 45.629821178262667 ], [ 4.642914970474194, 45.629867205678295 ], [ 4.642947068093874, 45.629936584401349 ], [ 4.64298568693709, 45.629979117858532 ], [ 4.64311426193078, 45.630029119432642 ], [ 4.643368946648061, 45.629968117450197 ], [ 4.643558803617959, 45.629980746219196 ], [ 4.643825591145323, 45.630068042728901 ], [ 4.643934975794709, 45.630081305954405 ], [ 4.644440508035168, 45.630219288644994 ], [ 4.644543705681683, 45.630231695987931 ], [ 4.644746087172345, 45.630186181273693 ], [ 4.645084800206884, 45.63006274631136 ], [ 4.645157040207543, 45.630031292418465 ], [ 4.645317804234629, 45.629933155158042 ], [ 4.645589018528737, 45.629819352009072 ], [ 4.645724925127253, 45.629830874634003 ], [ 4.645766712855165, 45.62981148440722 ], [ 4.645872462820996, 45.62974130627385 ], [ 4.645928926193601, 45.629684413365986 ], [ 4.646030519163684, 45.629513240071283 ], [ 4.646064932182764, 45.629491931082256 ], [ 4.646337119619909, 45.629320288464911 ], [ 4.646590971689879, 45.629140807380416 ], [ 4.646675171290836, 45.629110123194899 ], [ 4.647027749874578, 45.629038898672775 ], [ 4.647287659600726, 45.628998481734904 ], [ 4.647358246489162, 45.62900217695455 ], [ 4.647546936246906, 45.628975636641911 ], [ 4.647762978897015, 45.628975310460973 ], [ 4.648204621276609, 45.628998159621695 ], [ 4.648479805445458, 45.62904398110561 ], [ 4.648620461028718, 45.629033949516085 ], [ 4.648830310360215, 45.629058435589471 ], [ 4.649046079948817, 45.629048924052505 ], [ 4.64906466121396, 45.629039194651853 ], [ 4.649104847059719, 45.62901780011434 ], [ 4.649142540211636, 45.628964423048686 ], [ 4.649186803642596, 45.628937699765807 ], [ 4.649247261206345, 45.628937489209484 ], [ 4.649323844836646, 45.629013239486888 ], [ 4.649632912911165, 45.628955344004574 ], [ 4.649731000403679, 45.628873790859387 ], [ 4.649814060264926, 45.62885663115167 ], [ 4.650023250962886, 45.628871937753779 ], [ 4.65027240980699, 45.628858556718384 ], [ 4.650470589948879, 45.628879157821139 ], [ 4.650596954618575, 45.628880681882201 ], [ 4.650718208912099, 45.628865798383302 ], [ 4.650923539203466, 45.628816176116672 ], [ 4.650938195513781, 45.628816906801241 ], [ 4.650989571089785, 45.628822097510245 ], [ 4.651464474301226, 45.628965902161347 ], [ 4.651682932903113, 45.628982015386789 ], [ 4.651920987245678, 45.629022429009368 ], [ 4.652030817781501, 45.629011899943627 ], [ 4.652259074168783, 45.628917490236176 ], [ 4.652614862012421, 45.628915372974411 ], [ 4.652804945573501, 45.628896909430644 ], [ 4.652981531332108, 45.628903637634053 ], [ 4.653209396175729, 45.628938118645543 ], [ 4.653534851579088, 45.628951980785487 ], [ 4.653907280993717, 45.628926782728065 ], [ 4.654006239853181, 45.628939108587296 ], [ 4.654073915608693, 45.629012960135675 ] ] ] } },
{ "type": "Feature", "properties": { "id_map": 69001487.0, "num_tronc": "1414", "nom": "le fondagny", "me_sdage": "FRDR10530", "Date": "2026\/08\/12", "Longueur": 3129.599, "ONDE_num": 1, "ONDE_com": null }, "geometry": { "type": "MultiLineString", "coordinates": [ [ [ 4.626906332201187, 45.594655238850962 ], [ 4.627013921710298, 45.594662328765907 ], [ 4.627181213785619, 45.594657881841663 ], [ 4.627459157454996, 45.5946337300024 ], [ 4.627848723971199, 45.594636062646394 ], [ 4.628043612442286, 45.594667016545017 ], [ 4.628131990239629, 45.594701403563569 ], [ 4.628343814675885, 45.594745486683657 ], [ 4.628617119301643, 45.594825426362696 ], [ 4.628715833086178, 45.594831697491081 ], [ 4.628969460671073, 45.594818296801527 ], [ 4.629074400827316, 45.59480069977625 ], [ 4.629293937876426, 45.594740507070561 ], [ 4.629634425752788, 45.59467059040319 ], [ 4.630123693323216, 45.594568794133792 ], [ 4.630752816500769, 45.59453738156563 ], [ 4.63099678389651, 45.594509660620261 ], [ 4.631104465048899, 45.594519852604904 ], [ 4.631210029509363, 45.594549664741876 ], [ 4.631303850740331, 45.59458586174236 ], [ 4.63140850374917, 45.594623928040441 ], [ 4.631651609159473, 45.594749962411882 ], [ 4.631752495359827, 45.594738501208823 ], [ 4.631848407096779, 45.594714953061697 ], [ 4.631906510196624, 45.594701410506417 ], [ 4.632226658379687, 45.594659746871386 ], [ 4.632471495531939, 45.594648492350309 ], [ 4.632661229626264, 45.594621960330123 ], [ 4.632830999308051, 45.594610173602341 ], [ 4.633033708119888, 45.594645193461119 ], [ 4.633256226143919, 45.594660200607102 ], [ 4.633360225308958, 45.5946890877768 ], [ 4.633468786785047, 45.594689942793046 ], [ 4.633853494265023, 45.594644904964817 ], [ 4.634356308348401, 45.594663402982057 ], [ 4.634488507104917, 45.59465661806933 ], [ 4.634730599734589, 45.59461756781203 ], [ 4.634949980634263, 45.594630590706352 ], [ 4.635220913985151, 45.594616789190482 ], [ 4.635325783586432, 45.594622965014189 ], [ 4.635428121376971, 45.594647686329225 ], [ 4.635686575858339, 45.594680539742114 ], [ 4.635891038545519, 45.594761868454114 ], [ 4.636004035228339, 45.594795621040113 ], [ 4.636236373902463, 45.594804264820425 ], [ 4.636466563754633, 45.594792269006106 ], [ 4.636481334480366, 45.594797187889419 ], [ 4.637164504043831, 45.595005837294806 ], [ 4.63727768818734, 45.595084979688046 ], [ 4.637390534776173, 45.595113599266895 ], [ 4.637499152423664, 45.595181459482603 ], [ 4.637531256220885, 45.595212875767452 ], [ 4.637644645437424, 45.595324979367426 ], [ 4.637717175255837, 45.595369857379396 ], [ 4.637818311808967, 45.59540594250128 ], [ 4.638000160774459, 45.595399105896547 ], [ 4.638148486468737, 45.595430045084605 ], [ 4.638315568407636, 45.59541842434772 ], [ 4.63840822063251, 45.595427882619333 ], [ 4.638603594680967, 45.595566081181403 ], [ 4.638627962426683, 45.595583154114948 ], [ 4.638798493374519, 45.595662134945272 ], [ 4.638855053904207, 45.595713594679516 ], [ 4.638987382208713, 45.595789214018261 ], [ 4.639089780986633, 45.595880941098152 ], [ 4.639222409484919, 45.595927644254559 ], [ 4.639251941442714, 45.595963150577617 ], [ 4.639268980038905, 45.596057742890835 ], [ 4.639394211651752, 45.596140625551506 ], [ 4.639439327322588, 45.596195494259391 ], [ 4.639648088651046, 45.596239600963621 ], [ 4.639758553365405, 45.596278655701632 ], [ 4.639940467755771, 45.596378004191031 ], [ 4.640038790632104, 45.596409940275265 ], [ 4.640137788976119, 45.596464698443597 ], [ 4.640382456034356, 45.596655539943548 ], [ 4.640626799849981, 45.596744384605913 ], [ 4.640841182563933, 45.596848256762904 ], [ 4.641096172466734, 45.596932621880931 ], [ 4.641208726344864, 45.596990153549989 ], [ 4.641301381580772, 45.597064592904445 ], [ 4.641336688009873, 45.597139058558959 ], [ 4.64131612834349, 45.597211637514754 ], [ 4.641293031455668, 45.597289522423878 ], [ 4.641290137425088, 45.597360762758349 ], [ 4.641350718116304, 45.597404867195152 ], [ 4.641541634233802, 45.59747003643411 ], [ 4.641656873023607, 45.597488214166461 ], [ 4.641778305062878, 45.597481577930211 ], [ 4.642095990070574, 45.597421413467558 ], [ 4.64218467891226, 45.597426873533792 ], [ 4.642261300373722, 45.597440750891963 ], [ 4.642316018875354, 45.597481833105149 ], [ 4.642343840901161, 45.597550463328602 ], [ 4.642402791657093, 45.597591483698508 ], [ 4.642507034824628, 45.597589285820582 ], [ 4.64261910178321, 45.597565357446157 ], [ 4.64272896381656, 45.59755794346416 ], [ 4.642799443731709, 45.597520436756469 ], [ 4.642852495347624, 45.597453327310504 ], [ 4.64293285402781, 45.597411488085143 ], [ 4.643482275223507, 45.597339287700905 ], [ 4.643570692338535, 45.597309624426885 ], [ 4.643842368320608, 45.597164743624617 ], [ 4.644037929176996, 45.597100954551188 ], [ 4.644096757364844, 45.597072939297497 ], [ 4.644284706627518, 45.597063976907535 ], [ 4.644696565581, 45.596908938313639 ], [ 4.644798967886381, 45.596896632647002 ], [ 4.644939177932938, 45.596913225896095 ], [ 4.645181914585978, 45.596921699265067 ], [ 4.645538804731783, 45.59698956752225 ], [ 4.645763507372967, 45.596986955031682 ], [ 4.645808970424475, 45.597027360410188 ], [ 4.645784535297926, 45.597215508264782 ], [ 4.645828932577559, 45.597258901455632 ], [ 4.646242722681071, 45.597350388097702 ], [ 4.646351044872163, 45.597342993104753 ], [ 4.646452569449097, 45.597314081371472 ], [ 4.646506614975221, 45.597267626029662 ], [ 4.646526612233942, 45.597111561877099 ], [ 4.646632142385475, 45.59703611660651 ], [ 4.646732909278735, 45.597020590698072 ], [ 4.646969643475069, 45.597034281945803 ], [ 4.647048221349807, 45.597049208209427 ], [ 4.647202235163736, 45.597076944976628 ], [ 4.647336139346751, 45.597114433162979 ], [ 4.647424328909236, 45.597154887563612 ], [ 4.647556914486086, 45.59726453873126 ], [ 4.647700518718478, 45.597472922243441 ], [ 4.647773336513343, 45.597527111690127 ], [ 4.647855418772235, 45.597556306765384 ], [ 4.648203300398998, 45.597515137059375 ], [ 4.648417275635776, 45.597436479536363 ], [ 4.648519246571868, 45.597383781602844 ], [ 4.648838423649162, 45.597283451106762 ], [ 4.648934758401979, 45.597274202849505 ], [ 4.649118650316838, 45.597348784309453 ], [ 4.649402760868582, 45.597363532071398 ], [ 4.649572544969951, 45.597416703537647 ], [ 4.64984411823951, 45.597411098718752 ], [ 4.649921496177274, 45.597437389087425 ], [ 4.650121262723411, 45.597579691888384 ], [ 4.650289481091202, 45.597631939558674 ], [ 4.650443276831064, 45.59772979260282 ], [ 4.650539160326441, 45.597769996601137 ], [ 4.650663344110509, 45.597791141208035 ], [ 4.650801411871416, 45.59778735838578 ], [ 4.650915745524521, 45.597813781140424 ], [ 4.651041050466347, 45.597859632379944 ], [ 4.651175747235773, 45.597884810226979 ], [ 4.651827519352058, 45.597979537393137 ], [ 4.651956719422695, 45.598013981924467 ], [ 4.65216309537262, 45.598106602008031 ], [ 4.652285171121084, 45.598147365481381 ], [ 4.652503521954351, 45.598202656207469 ], [ 4.652774977965156, 45.598192993051676 ], [ 4.653120704848898, 45.59810536499517 ], [ 4.653473569475207, 45.598076399945569 ], [ 4.654226232511259, 45.597811341510038 ], [ 4.654635766607492, 45.597553353236599 ], [ 4.654706819031541, 45.597535285105266 ], [ 4.654826496978543, 45.597521500203207 ], [ 4.655011827864507, 45.597527959954967 ], [ 4.655291480208618, 45.59739333649167 ], [ 4.655593099707465, 45.59727257457164 ], [ 4.655681603018612, 45.597246007741624 ], [ 4.655781968357597, 45.597217104579997 ], [ 4.655882704774276, 45.597200625181308 ], [ 4.655972131802717, 45.597204982712022 ], [ 4.65608411254856, 45.597242783383301 ], [ 4.656268752481516, 45.597342065815205 ], [ 4.656337071997429, 45.597387129195504 ], [ 4.656398403251724, 45.597455938187771 ], [ 4.65649294135744, 45.597502506742565 ], [ 4.656610601220247, 45.597537115927345 ], [ 4.656702308008486, 45.597591967196486 ], [ 4.656772026153012, 45.597670920150904 ], [ 4.656899817227415, 45.59781265024413 ], [ 4.657258245655838, 45.598162955854065 ], [ 4.657348523479194, 45.598182836432997 ], [ 4.657457444592302, 45.598182582291386 ], [ 4.657560875427432, 45.598166061698059 ], [ 4.657662056388451, 45.598125796331637 ], [ 4.657921962578444, 45.597987404270057 ], [ 4.658024545732664, 45.59798116344318 ], [ 4.658135744735871, 45.598005598607827 ], [ 4.65829966446185, 45.598093969875308 ], [ 4.658434506299353, 45.598188173754991 ], [ 4.65852839436844, 45.598187194543456 ], [ 4.658690692090315, 45.598131300892142 ], [ 4.658781534495876, 45.598131447197375 ], [ 4.659319237505742, 45.598311036022004 ], [ 4.659708815263259, 45.598492673253688 ], [ 4.659781771506111, 45.598551041225797 ], [ 4.660139038258991, 45.598733288957604 ], [ 4.660344642904446, 45.598761056962218 ], [ 4.660401469339849, 45.59882060838018 ], [ 4.660442869181086, 45.59903332238575 ], [ 4.660490093973838, 45.59908072128745 ], [ 4.660764287463308, 45.599200830998839 ], [ 4.660859540414243, 45.59927102819406 ], [ 4.66091571147219, 45.599347206532364 ], [ 4.661009717542534, 45.599414314687294 ], [ 4.661083839422845, 45.599434430920368 ] ] ] } },
{ "type": "Feature", "properties": { "id_map": 69008148.0, "num_tronc": "8117", "nom": "le jonan", "me_sdage": "FRDR11709", "Date": "2026\/08\/12", "Longueur": 912.433, "ONDE_num": 4, "ONDE_com": null }, "geometry": { "type": "MultiLineString", "coordinates": [ [ [ 4.702204148836678, 45.612451491939595 ], [ 4.702238995816773, 45.612307485083242 ], [ 4.702281159401817, 45.612226190472249 ], [ 4.702323686851798, 45.612194338097957 ], [ 4.702440799687367, 45.612146495634228 ], [ 4.702469180617234, 45.612130394155521 ], [ 4.702532846490731, 45.612072281980964 ], [ 4.702586905960833, 45.611989726383662 ], [ 4.702612592967655, 45.611973665639624 ], [ 4.702778324014909, 45.61190428106616 ], [ 4.70282851428944, 45.611871231678236 ], [ 4.702870581224249, 45.611786830921474 ], [ 4.70293365463664, 45.611684413633235 ], [ 4.702962985816665, 45.611611554301831 ], [ 4.702983289289567, 45.611508028103451 ], [ 4.703010437044669, 45.611451819504417 ], [ 4.703047714699816, 45.611399510635287 ], [ 4.703115217301396, 45.611366063911497 ], [ 4.703167610318892, 45.611354597524695 ], [ 4.703352362069012, 45.61134045150326 ], [ 4.703388359537158, 45.61135922618223 ], [ 4.703453182075325, 45.611464030408591 ], [ 4.703515732590625, 45.611482402957407 ], [ 4.703660055977188, 45.611455628536284 ], [ 4.70369019556076, 45.611446660575822 ], [ 4.703723391641458, 45.611424406201117 ], [ 4.703778243516451, 45.611267531232642 ], [ 4.703775526305481, 45.611241767673611 ], [ 4.70374694437634, 45.611188699694118 ], [ 4.703752795756276, 45.611153619340676 ], [ 4.703795840694273, 45.611101087759259 ], [ 4.703820451463281, 45.611050051298641 ], [ 4.703810079636872, 45.61091307863542 ], [ 4.703844452091225, 45.610828929133696 ], [ 4.703906513457925, 45.610768813899256 ], [ 4.703918642236626, 45.610737556445166 ], [ 4.703931254148496, 45.610621852166041 ], [ 4.703949312966447, 45.610595638805968 ], [ 4.704042516532158, 45.610509111945028 ], [ 4.704063551250475, 45.61041692311867 ], [ 4.704142378316883, 45.610100803390459 ], [ 4.704145084359921, 45.610063609013224 ], [ 4.7041269269946, 45.609911352563621 ], [ 4.704155899662123, 45.609764326667175 ], [ 4.704202652606887, 45.609657157045284 ], [ 4.704339834371305, 45.609498494039727 ], [ 4.704382838890218, 45.609469740991607 ], [ 4.704499621689049, 45.609423927832232 ], [ 4.704535572217468, 45.609403658009882 ], [ 4.704558439165161, 45.609383586434909 ], [ 4.704620859110224, 45.609297660630723 ], [ 4.704669217427366, 45.609267745512824 ], [ 4.704841463540095, 45.609235277308976 ], [ 4.704914447869092, 45.609192424253834 ], [ 4.704954248730505, 45.609159666439282 ], [ 4.70498356414534, 45.609123960165007 ], [ 4.705097559974706, 45.608975104845683 ], [ 4.705123069541331, 45.608915813157139 ], [ 4.70510084475745, 45.608844140025866 ], [ 4.70495709634119, 45.608714187949843 ], [ 4.704928705711152, 45.608667332134914 ], [ 4.704929567969533, 45.608582744451091 ], [ 4.704938891763566, 45.608497893414771 ], [ 4.704900380982864, 45.608422414000103 ], [ 4.704909783423293, 45.608402681525156 ], [ 4.704939865524095, 45.608379393134769 ], [ 4.705155877392456, 45.608318024472815 ], [ 4.705194585408324, 45.608287309678971 ], [ 4.705177423050227, 45.608230015872024 ], [ 4.705090700583323, 45.608126625473886 ], [ 4.70504360878054, 45.608022499200544 ], [ 4.705006783020898, 45.607889170112472 ], [ 4.705005819251361, 45.607795287989283 ], [ 4.705012373701401, 45.607670488376513 ], [ 4.705055504670896, 45.607545809854216 ], [ 4.705093583119477, 45.607482139450077 ], [ 4.705146332770594, 45.607444861965 ], [ 4.705202447453844, 45.607416855563777 ], [ 4.705527911977075, 45.607359501166016 ], [ 4.705602494836111, 45.607318649937731 ], [ 4.705638323683167, 45.607269469494888 ], [ 4.705666503514085, 45.607171902968894 ], [ 4.705676733310902, 45.607066502433895 ], [ 4.705763747098507, 45.60686671629955 ], [ 4.705775077654123, 45.606822095513934 ], [ 4.705796521850838, 45.60664329895544 ], [ 4.705759454747383, 45.606564690582999 ], [ 4.70575837161452, 45.60654200966713 ], [ 4.705827494749273, 45.606436391521548 ], [ 4.705877700340269, 45.60624148679522 ], [ 4.705863798649641, 45.60601499442199 ], [ 4.705842706370593, 45.60590507007538 ] ] ] } },
{ "type": "Feature", "properties": { "id_map": 69007834.0, "num_tronc": "7801", "nom": "le mornantet", "me_sdage": "FRDR479b", "Date": "2026\/08\/12", "Longueur": 198.102, "ONDE_num": 4, "ONDE_com": null }, "geometry": { "type": "MultiLineString", "coordinates": [ [ [ 4.769630951764745, 45.604627483405721 ], [ 4.769816956193378, 45.604509041504663 ], [ 4.769861079950657, 45.604444172048034 ], [ 4.769930147396386, 45.604111671170905 ], [ 4.769954605398014, 45.604033735678051 ], [ 4.769984077323175, 45.603968150993275 ], [ 4.770027848556825, 45.603868159554729 ], [ 4.770129919215043, 45.603749416660619 ], [ 4.770323637948808, 45.603547222086505 ], [ 4.770411242003177, 45.603493827527927 ], [ 4.77044093934437, 45.603471472963008 ], [ 4.770568242234869, 45.603359357964173 ], [ 4.770600659425051, 45.603325746773038 ], [ 4.770654090444242, 45.603238978460979 ], [ 4.770707385304567, 45.603184097192226 ], [ 4.770856668687689, 45.603169587384834 ] ] ] } },
{ "type": "Feature", "properties": { "id_map": 69001905.0, "num_tronc": "1824", "nom": "le garon", "me_sdage": "FRDR479c", "Date": "2026\/08\/12", "Longueur": 643.489, "ONDE_num": 2, "ONDE_com": null }, "geometry": { "type": "MultiLineString", "coordinates": [ [ [ 4.774077735817089, 45.610437508174691 ], [ 4.774261172979005, 45.610166429889198 ], [ 4.774357482464843, 45.609987922101901 ], [ 4.774370539107182, 45.609782490357532 ], [ 4.774388442976676, 45.609692362549993 ], [ 4.774416537589073, 45.609595859117974 ], [ 4.774439608294337, 45.609546857082471 ], [ 4.774501370680672, 45.609419693920778 ], [ 4.774523827232782, 45.609363540944749 ], [ 4.774567750410887, 45.609292457879988 ], [ 4.774652816099846, 45.609123584605662 ], [ 4.774661169163662, 45.609107915648877 ], [ 4.774700871888706, 45.60901325558828 ], [ 4.774721291118499, 45.608905524276018 ], [ 4.774715859422634, 45.60878401470584 ], [ 4.774690993234882, 45.608656731995652 ], [ 4.77465812005974, 45.608543896828408 ], [ 4.774637901939955, 45.608417486522107 ], [ 4.774632271536432, 45.608289765223581 ], [ 4.774649910353761, 45.608155326839039 ], [ 4.774678794826165, 45.608047461984441 ], [ 4.774758777979259, 45.60786421247829 ], [ 4.774821805179416, 45.607788639596293 ], [ 4.774857110558003, 45.607761061355532 ], [ 4.774943934171798, 45.607695245857663 ], [ 4.775053049682603, 45.607640292297823 ], [ 4.775385462890251, 45.60751345084703 ], [ 4.775650352414462, 45.607454011322517 ], [ 4.775694901100429, 45.607438581529131 ], [ 4.775760059606952, 45.607417557224139 ], [ 4.775876186136156, 45.60735316985749 ], [ 4.776148715543607, 45.607099731574699 ], [ 4.776394569684755, 45.606914942353221 ], [ 4.776508198529172, 45.606820735351633 ], [ 4.776596630380441, 45.606733141080539 ], [ 4.77661226312759, 45.606716411247014 ], [ 4.776662312638025, 45.606656444333133 ], [ 4.7767458515487, 45.606512317850978 ], [ 4.776784272124119, 45.606389845431309 ], [ 4.776791054737245, 45.60637325537072 ], [ 4.776793744475553, 45.606205006038557 ], [ 4.776793612852201, 45.606164881666253 ], [ 4.776793027171532, 45.606122602772281 ], [ 4.776794437898167, 45.605518251830851 ], [ 4.776782910535811, 45.605398865214426 ] ] ] } },
{ "type": "Feature", "properties": { "id_map": 69001905.0, "num_tronc": "1824", "nom": "le garon", "me_sdage": "FRDR479c", "Date": "2026\/08\/12", "Longueur": 113.719, "ONDE_num": 4, "ONDE_com": null }, "geometry": { "type": "MultiLineString", "coordinates": [ [ [ 4.775268671502471, 45.603639648323849 ], [ 4.775176206695954, 45.603144593913385 ], [ 4.77511990877376, 45.603033479747388 ], [ 4.774969269856453, 45.602789289052751 ], [ 4.774923719596224, 45.602653145729306 ] ] ] } },
{ "type": "Feature", "properties": { "id_map": 69007912.0, "num_tronc": "7887", "nom": "le garon", "me_sdage": "FRDR10853", "Date": "2026\/08\/12", "Longueur": 466.067, "ONDE_num": 4, "ONDE_com": null }, "geometry": { "type": "MultiLineString", "coordinates": [ [ [ 4.761003444298831, 45.663208376197488 ], [ 4.760905122236984, 45.663073456870414 ], [ 4.760777438424496, 45.662948318945254 ], [ 4.760659282681765, 45.662868292395771 ], [ 4.760431312604957, 45.662740263743231 ], [ 4.760366101119174, 45.662689132411373 ], [ 4.76037806077906, 45.66262895838058 ], [ 4.760557772985571, 45.662572511430014 ], [ 4.760643840372723, 45.662516042388951 ], [ 4.760688386350422, 45.66242631097812 ], [ 4.760704333555435, 45.662321894900373 ], [ 4.760801686658259, 45.662159866590741 ], [ 4.760813985145918, 45.662074017073863 ], [ 4.760800066263402, 45.6619877669254 ], [ 4.760837327706959, 45.661899230216477 ], [ 4.760894642160643, 45.66179903097575 ], [ 4.761011741873518, 45.661652095720079 ], [ 4.761153221110042, 45.661532610827678 ], [ 4.76130333815856, 45.661430284192058 ], [ 4.761490238717522, 45.661333461649555 ], [ 4.761638277696028, 45.661286965837306 ], [ 4.761797369104771, 45.661260832994458 ], [ 4.761988015436831, 45.661245419913456 ], [ 4.762556007886397, 45.66125679567282 ], [ 4.762656828944288, 45.661240220565922 ], [ 4.762742928343703, 45.66119698975109 ], [ 4.762806032653629, 45.661121423235876 ], [ 4.762868489317357, 45.661037625355142 ], [ 4.762919915550317, 45.660970483085912 ], [ 4.762994201424706, 45.66091933067986 ], [ 4.763072359778886, 45.660892977095472 ], [ 4.763167531616175, 45.660880543161952 ], [ 4.763327081372212, 45.660868857299299 ], [ 4.763454305594968, 45.660846463709511 ], [ 4.763526651789347, 45.660819119989227 ], [ 4.763578203499266, 45.660792237045925 ], [ 4.763613285854778, 45.660756424841935 ], [ 4.763646643298723, 45.660642278129089 ] ] ] } },
{ "type": "Feature", "properties": { "id_map": 69000396.0, "num_tronc": "386", "nom": "le furon", "me_sdage": null, "Date": "2026\/08\/13", "Longueur": 35.084, "ONDE_num": 1, "ONDE_com": null }, "geometry": { "type": "MultiLineString", "coordinates": [ [ [ 4.725294256403586, 45.694287188694069 ], [ 4.725402787214474, 45.694280662796309 ], [ 4.725491445821635, 45.694255121146547 ], [ 4.725596286860648, 45.694229196456789 ], [ 4.725721288534735, 45.694194451234289 ] ] ] } },
{ "type": "Feature", "properties": { "id_map": 69000396.0, "num_tronc": "386", "nom": "le furon", "me_sdage": null, "Date": "2026\/08\/13", "Longueur": 25.01, "ONDE_num": 1, "ONDE_com": null }, "geometry": { "type": "MultiLineString", "coordinates": [ [ [ 4.725721288534735, 45.694194451234289 ], [ 4.725963531120092, 45.694185200984123 ], [ 4.726039439675231, 45.694171203049343 ] ] ] } },
{ "type": "Feature", "properties": { "id_map": 69000387.0, "num_tronc": "379", "nom": "le broulon", "me_sdage": null, "Date": "2026\/08\/12", "Longueur": 2375.742, "ONDE_num": 4, "ONDE_com": null }, "geometry": { "type": "MultiLineString", "coordinates": [ [ [ 4.734067375312553, 45.615329342966419 ], [ 4.73416747820811, 45.615329150980351 ], [ 4.734232027095706, 45.61532477833822 ], [ 4.734802524668711, 45.615333140669669 ], [ 4.735007454334423, 45.615348354561085 ], [ 4.735106538030746, 45.615364795303641 ], [ 4.735320217911404, 45.615376631165127 ], [ 4.735678778946026, 45.615416494842478 ], [ 4.735942447217061, 45.615426207235856 ], [ 4.736016997920855, 45.615421544129916 ], [ 4.736157116366188, 45.615395873654045 ], [ 4.736342862650709, 45.615376389109478 ], [ 4.73639598814559, 45.615351520549112 ], [ 4.736458374769437, 45.615302730626553 ], [ 4.736562666744908, 45.615227353755067 ], [ 4.736634323605168, 45.615191795977537 ], [ 4.736698794922336, 45.615148107705828 ], [ 4.736759446946454, 45.615093129580863 ], [ 4.736908907882562, 45.614984765074873 ], [ 4.736971142040186, 45.614955702466922 ], [ 4.737162795410724, 45.614842227707491 ], [ 4.737282992148257, 45.614795246701583 ], [ 4.73731284017108, 45.614777087072028 ], [ 4.737421748623285, 45.614713932592863 ], [ 4.737448483421366, 45.614682445660009 ], [ 4.737482949452373, 45.614664214662007 ], [ 4.737579357244287, 45.614619897514274 ], [ 4.737647647039006, 45.614599792992031 ], [ 4.737761626059528, 45.614551016037133 ], [ 4.737936123719179, 45.614443073999325 ], [ 4.738098114498679, 45.614316950698672 ], [ 4.738165267056372, 45.61423606638477 ], [ 4.738238869860695, 45.614176699088681 ], [ 4.738257809696139, 45.614142224992634 ], [ 4.738353343180898, 45.614070089135033 ], [ 4.738585452272868, 45.613933154054237 ], [ 4.738677561128794, 45.613886875805278 ], [ 4.738795800656316, 45.613838977653387 ], [ 4.739063573814114, 45.613746615233453 ], [ 4.739322615006059, 45.613621421655488 ], [ 4.739444782753104, 45.613526986097661 ], [ 4.739504785866854, 45.613451480570475 ], [ 4.739549326631569, 45.613361757919719 ], [ 4.739557298257988, 45.613309078972897 ], [ 4.739587092204164, 45.613215666307639 ], [ 4.739633367009359, 45.613132131616354 ], [ 4.739679795544443, 45.613016709847763 ], [ 4.739749851227676, 45.612905786426992 ], [ 4.739774819778305, 45.61286716568587 ], [ 4.739781832701286, 45.612833010874816 ], [ 4.739846706985391, 45.61276553609099 ], [ 4.740082351090559, 45.612680153076091 ], [ 4.740141400576136, 45.612647895406432 ], [ 4.740242380255294, 45.612577700200397 ], [ 4.740289263161776, 45.612501316357161 ], [ 4.740327442550718, 45.612466544250026 ], [ 4.740362670516326, 45.612435870927939 ], [ 4.740424383679548, 45.612402626162627 ], [ 4.740499722675496, 45.612374169414309 ], [ 4.740545468080155, 45.61234738644427 ], [ 4.740582235157188, 45.612316689236941 ], [ 4.740656468526838, 45.612228533254466 ], [ 4.740702082222013, 45.612197564013478 ], [ 4.740759820624564, 45.612172621943365 ], [ 4.740816720186201, 45.612133236631102 ], [ 4.740897175053221, 45.61205930529281 ], [ 4.741006583602712, 45.611975603574521 ], [ 4.741055500378948, 45.611951743608529 ], [ 4.741138120393209, 45.611922227998058 ], [ 4.741204556275395, 45.611929035764078 ], [ 4.741294377172251, 45.611969392772082 ], [ 4.741482411953544, 45.612035385349373 ], [ 4.741643075085119, 45.612112474664151 ], [ 4.741682423557401, 45.612139426800454 ], [ 4.741724345660458, 45.612187010086117 ], [ 4.741768152295939, 45.612221053714535 ], [ 4.741863558413497, 45.612279833141585 ], [ 4.742032790216933, 45.612286534822275 ], [ 4.742285189738173, 45.612281139812701 ], [ 4.742363039349496, 45.61228358188373 ], [ 4.742553531757928, 45.612305220311214 ], [ 4.742633793963254, 45.612323161861539 ], [ 4.742691931632675, 45.61234766091534 ], [ 4.742965305395795, 45.612543920970403 ], [ 4.743060035388106, 45.612593387664795 ], [ 4.743235923762281, 45.61265254014063 ], [ 4.743403631538657, 45.612696417191728 ], [ 4.743492418473067, 45.612703822965976 ], [ 4.743632947288766, 45.612691512034118 ], [ 4.743968068838875, 45.612598634253011 ], [ 4.744169491443846, 45.612600510335668 ], [ 4.74441937928879, 45.612564210512666 ], [ 4.74450492803064, 45.612578826252374 ], [ 4.744575479100543, 45.612606239257573 ], [ 4.744716808936127, 45.612680516692599 ], [ 4.744833065695278, 45.612753291386973 ], [ 4.744868544515393, 45.612791786366834 ], [ 4.744880025862439, 45.612887397562346 ], [ 4.744926116372055, 45.612932753378068 ], [ 4.744969636371549, 45.612957613123569 ], [ 4.745064647222844, 45.612979242230296 ], [ 4.745135770879724, 45.612988136660434 ], [ 4.745233979379032, 45.612989044988851 ], [ 4.745432475355976, 45.612959079506219 ], [ 4.745540227653274, 45.612932953633376 ], [ 4.745701200910816, 45.612885195640352 ], [ 4.745844553952694, 45.612803664459037 ], [ 4.74589718763836, 45.612763396999341 ], [ 4.746014013700209, 45.612646474513028 ], [ 4.74610582545909, 45.612529940169296 ], [ 4.746167437400207, 45.612493586362291 ], [ 4.746230882224377, 45.612466526300906 ], [ 4.746315342826229, 45.612409957321653 ], [ 4.746446103377015, 45.612344292985547 ], [ 4.74657206784229, 45.612236415147429 ], [ 4.746639383424295, 45.61219781084084 ], [ 4.746714850917802, 45.612173536132097 ], [ 4.746799684447507, 45.61216546362008 ], [ 4.746871148650571, 45.61214854662925 ], [ 4.747148044424634, 45.612004277830785 ], [ 4.747235504847048, 45.611981843072734 ], [ 4.747301003129032, 45.611971098184242 ], [ 4.747349661678057, 45.611939133159602 ], [ 4.747454370830208, 45.611914268624332 ], [ 4.747677086910937, 45.611932155304444 ], [ 4.747787154955841, 45.61193071544794 ], [ 4.747857109079703, 45.611914767017929 ], [ 4.747937541441429, 45.611877038951157 ], [ 4.74800479173362, 45.61183640824882 ], [ 4.748090097372346, 45.611806710636976 ], [ 4.748202694118359, 45.611787802545251 ], [ 4.748409207416462, 45.61178026964398 ], [ 4.748670305293782, 45.611733382972254 ], [ 4.748848999740162, 45.6116861555398 ], [ 4.74899814976663, 45.611666543259688 ], [ 4.749071657294809, 45.611641216577894 ], [ 4.749183620486983, 45.611577867828316 ], [ 4.749203589690906, 45.611564046824881 ], [ 4.74923508561185, 45.611512892727141 ], [ 4.749312448001906, 45.611365776410473 ], [ 4.749334444843885, 45.611294234051961 ], [ 4.749356719132288, 45.611133923444832 ], [ 4.749355247539646, 45.611001948828914 ], [ 4.749339815789601, 45.610915586560672 ], [ 4.749340206192691, 45.610854783279613 ], [ 4.749363403212597, 45.610748094974632 ], [ 4.749368234525821, 45.610657229342237 ], [ 4.749381168061179, 45.610615686105348 ], [ 4.749404653563947, 45.610579112752873 ], [ 4.749509066166578, 45.610483996311814 ], [ 4.749753192149969, 45.610424130698242 ], [ 4.74998953411112, 45.610386002431696 ], [ 4.750056067334184, 45.610395910857321 ], [ 4.750357647487284, 45.610472957098139 ], [ 4.75052704799875, 45.610509501500232 ], [ 4.750832583129229, 45.610541089674861 ], [ 4.750932458921654, 45.610546155266583 ], [ 4.751049771574322, 45.610542572835065 ], [ 4.751247455442433, 45.610523823270213 ], [ 4.751364379619144, 45.610507952004014 ], [ 4.751444007390744, 45.610481447607349 ], [ 4.751569358388424, 45.61039113717699 ], [ 4.751599945855435, 45.610323513715599 ], [ 4.751588242405272, 45.610257764718504 ], [ 4.75153666204204, 45.610148457312143 ], [ 4.751488684347474, 45.609994779357869 ], [ 4.751491569700691, 45.609927722361547 ], [ 4.751520693328065, 45.609886872500972 ], [ 4.751601569092372, 45.609851161408336 ], [ 4.751810387257041, 45.60985588081013 ], [ 4.751998726268506, 45.609931308493131 ], [ 4.752122274106461, 45.609966673155476 ], [ 4.752176750009209, 45.609972714979087 ], [ 4.752213815551972, 45.609976055666145 ], [ 4.752351423590541, 45.60996904830224 ], [ 4.752783402886544, 45.609932865171444 ], [ 4.7530902119459, 45.609895253552764 ], [ 4.753531399749848, 45.609870272846535 ], [ 4.753612859684203, 45.609853060574309 ], [ 4.753736405020442, 45.609815331676529 ], [ 4.75381839948315, 45.609778520685161 ], [ 4.754000500150303, 45.609644629455111 ], [ 4.754162538369597, 45.609582386260314 ], [ 4.754327214472808, 45.609421069662353 ], [ 4.754372493281859, 45.609379831969541 ], [ 4.754512587858333, 45.609293341363809 ], [ 4.754669745720329, 45.609162134835493 ], [ 4.754741746337191, 45.609089405981926 ], [ 4.754859568293494, 45.60902906744117 ], [ 4.755074180495381, 45.608961544224641 ], [ 4.755151456805739, 45.608921698429064 ], [ 4.75519283113847, 45.608890924407959 ], [ 4.755211258669573, 45.608877126359147 ], [ 4.755374250906497, 45.608808651646129 ], [ 4.755716884951813, 45.608747640912952 ], [ 4.755909814858591, 45.608724904082209 ], [ 4.75630966009342, 45.608695558781257 ], [ 4.756396389930519, 45.608698933260648 ], [ 4.756541314956977, 45.608716395602848 ], [ 4.756665726278151, 45.608742554639747 ], [ 4.757240860920867, 45.608886915799744 ], [ 4.757404040054924, 45.608921520448021 ], [ 4.757546519426416, 45.608922536884911 ], [ 4.757698915822985, 45.608884217670621 ], [ 4.757816235144289, 45.608844554928233 ], [ 4.757829797423611, 45.608847315304438 ], [ 4.757836575400131, 45.608866799639095 ] ] ] } },
{ "type": "Feature", "properties": { "id_map": 69008360.0, "num_tronc": "8338", "nom": "le mornantet", "me_sdage": "FRDR479b", "Date": "2026\/08\/12", "Longueur": 1860.594, "ONDE_num": 4, "ONDE_com": null }, "geometry": { "type": "MultiLineString", "coordinates": [ [ [ 4.750460631503351, 45.601947992339959 ], [ 4.75056667929617, 45.601685859691827 ], [ 4.751888579336411, 45.601308735403862 ], [ 4.751965279432391, 45.601348342342654 ], [ 4.752020279428721, 45.601395582930735 ], [ 4.752015487423307, 45.601487528900556 ], [ 4.751887292520678, 45.601682050235802 ], [ 4.751807053601505, 45.602066322374895 ], [ 4.751733665204315, 45.60230200748812 ], [ 4.751639061463726, 45.602487628832591 ], [ 4.751576314737092, 45.60259723034855 ], [ 4.751276808280688, 45.602937764956074 ], [ 4.751174536577, 45.603051359270346 ], [ 4.751025109893869, 45.603232024105509 ], [ 4.750973315209277, 45.603322810285626 ], [ 4.750916982709149, 45.603440552950318 ], [ 4.75084219279919, 45.603644239390078 ], [ 4.75083942408225, 45.603751555757171 ], [ 4.75092347157309, 45.60392615396168 ], [ 4.751013075249737, 45.603996364647436 ], [ 4.75116055228202, 45.604143764869001 ], [ 4.751251613291547, 45.604308796323366 ], [ 4.75137556215387, 45.604588695212968 ], [ 4.75153404522082, 45.604755378726608 ], [ 4.75178538968125, 45.604888190626184 ], [ 4.751960357291703, 45.604930860721012 ], [ 4.752092188732391, 45.604948532557565 ], [ 4.75270719202283, 45.605040549794367 ], [ 4.752983763842273, 45.605045832195323 ], [ 4.753128537834092, 45.605034523755634 ], [ 4.753393473551571, 45.604976216959805 ], [ 4.753643176031281, 45.604910986469015 ], [ 4.753782460844704, 45.604835722992213 ], [ 4.753856893985968, 45.604754850438013 ], [ 4.753914679118577, 45.604670994912986 ], [ 4.753932648243716, 45.604642747975333 ], [ 4.753974631862281, 45.604558328188944 ], [ 4.754042548973531, 45.604466208294696 ], [ 4.754128190942223, 45.604374622561288 ], [ 4.754434079069216, 45.604114368101428 ], [ 4.75452284935459, 45.604060832870466 ], [ 4.754783490994479, 45.604012992781712 ], [ 4.754943653300981, 45.604074398597028 ], [ 4.75508479223064, 45.604215813006078 ], [ 4.755319754155936, 45.604511809419975 ], [ 4.755548618941025, 45.605077029849305 ], [ 4.755668107880315, 45.605421979547877 ], [ 4.755694629237426, 45.605493576584728 ], [ 4.755740989150246, 45.605608097576436 ], [ 4.755820776165664, 45.605817751160401 ], [ 4.755974153245939, 45.606102184947773 ], [ 4.756189359187068, 45.606418213560815 ], [ 4.756491555462016, 45.606745853513004 ], [ 4.756878547996276, 45.607125129524668 ], [ 4.757115995484474, 45.607353125897049 ], [ 4.757507610678967, 45.607671530359049 ], [ 4.757651293277045, 45.607759130236396 ], [ 4.757793324302719, 45.607818924077847 ], [ 4.758001823005291, 45.607886595890996 ], [ 4.758141501494705, 45.607920756083004 ], [ 4.758339636393727, 45.607977240432341 ], [ 4.758566029796549, 45.608050711226774 ], [ 4.758797075639416, 45.608125189672378 ], [ 4.759189085753651, 45.608285779432663 ], [ 4.759354188351646, 45.608368853947525 ], [ 4.759502009834019, 45.608453279384648 ], [ 4.759726212110384, 45.608603116656454 ], [ 4.759823668912679, 45.608689680638818 ], [ 4.759902694205485, 45.608777748862565 ], [ 4.759994250903436, 45.608860351859221 ], [ 4.760111990282888, 45.60893092604384 ], [ 4.760559740038415, 45.60914913960022 ], [ 4.760607980399125, 45.609177026892809 ], [ 4.760776591022537, 45.6092734199229 ], [ 4.761098773859357, 45.609513862671839 ], [ 4.761276537146649, 45.609583225726894 ], [ 4.761365510621233, 45.609632902408002 ], [ 4.761451397545605, 45.609718700484073 ], [ 4.761524433107186, 45.609811995438044 ], [ 4.761576880905684, 45.609899533016844 ], [ 4.76166490391793, 45.61006460434362 ], [ 4.761697789691849, 45.610142315328687 ], [ 4.761739467574746, 45.610423897725518 ], [ 4.761774982960871, 45.610693282046704 ], [ 4.76182935825702, 45.610829292180021 ] ] ] } },
{ "type": "Feature", "properties": { "id_map": 69005462.0, "num_tronc": "5379", "nom": null, "me_sdage": null, "Date": "2026\/08\/12", "Longueur": 698.662, "ONDE_num": 4, "ONDE_com": null }, "geometry": { "type": "MultiLineString", "coordinates": [ [ [ 4.61917536519075, 45.615830942930572 ], [ 4.619254390629944, 45.615821024030048 ], [ 4.619365146600855, 45.615803352936553 ], [ 4.619373785330417, 45.615795933177893 ], [ 4.620478222788162, 45.61528880582847 ], [ 4.620672153349566, 45.615218867446394 ], [ 4.62073311463951, 45.615196913593358 ], [ 4.620791755481156, 45.615200932389421 ], [ 4.620880181633421, 45.615170206553373 ], [ 4.621232826143047, 45.614879523223237 ], [ 4.621446716687487, 45.614728640958788 ], [ 4.621681178754357, 45.614570301422816 ], [ 4.622006238080147, 45.614192468210042 ], [ 4.622125635039276, 45.61402295211402 ], [ 4.622249973654992, 45.613903892139085 ], [ 4.622467495426908, 45.613798349196522 ], [ 4.622693773262455, 45.613728886410101 ], [ 4.622957572544509, 45.613599707920365 ], [ 4.623462046030949, 45.61332749722272 ], [ 4.623777931236615, 45.613189053769837 ], [ 4.623820112722363, 45.613143861801717 ], [ 4.623890614119831, 45.613040302972564 ], [ 4.624032313088608, 45.612909506824764 ], [ 4.624203136685704, 45.612774101887652 ], [ 4.624631617603877, 45.612549862745603 ], [ 4.624688873243351, 45.612519854183205 ], [ 4.624908049158263, 45.612379156402433 ], [ 4.625074041006933, 45.612236659565788 ], [ 4.625113142006087, 45.612191511591078 ], [ 4.625204567547097, 45.61209264833662 ], [ 4.625287398681289, 45.611923927171915 ], [ 4.625350333359372, 45.611746306586234 ], [ 4.625364955659592, 45.611601673003896 ] ] ] } },
{ "type": "Feature", "properties": { "id_map": 69000210.0, "num_tronc": "208", "nom": "l'artilla", "me_sdage": "FRDR11789", "Date": "2026\/08\/13", "Longueur": 4134.626, "ONDE_num": 1, "ONDE_com": null }, "geometry": { "type": "MultiLineString", "coordinates": [ [ [ 4.59948202242835, 45.670924021954498 ], [ 4.599560512848013, 45.670932769431019 ], [ 4.599776719482751, 45.670932535364258 ], [ 4.59990995978173, 45.670915376182755 ], [ 4.600154941481272, 45.670937294315728 ], [ 4.600317822330019, 45.670998882210796 ], [ 4.600389532083497, 45.67102636930094 ], [ 4.600632699492079, 45.671185438926699 ], [ 4.600792077485545, 45.671192495444245 ], [ 4.600936154041899, 45.671123572723957 ], [ 4.600986674043661, 45.671137985747762 ], [ 4.601032554936535, 45.671218528725205 ], [ 4.601064592287082, 45.671246849604429 ], [ 4.601184301959997, 45.67129486450893 ], [ 4.601555789115206, 45.67138644892345 ], [ 4.60182636493137, 45.67138705892927 ], [ 4.60192325299549, 45.671378925752627 ], [ 4.601965208584738, 45.671363738108113 ], [ 4.602056758277009, 45.671330957401906 ], [ 4.602265921884661, 45.67123381676106 ], [ 4.602390323700871, 45.671150986551325 ], [ 4.602472953394474, 45.671116305915874 ], [ 4.602760408817102, 45.671061012139624 ], [ 4.603045442628567, 45.671055198809313 ], [ 4.603128288880756, 45.671067934815589 ], [ 4.603283026403631, 45.671114368062455 ], [ 4.603445905120304, 45.671135826722896 ], [ 4.604140885473464, 45.671085669335902 ], [ 4.604225559871121, 45.671068386218479 ], [ 4.604499310108613, 45.671072186969717 ], [ 4.604847172134427, 45.670986845483199 ], [ 4.604881834307325, 45.670972706376382 ], [ 4.60501619026791, 45.67091431961601 ], [ 4.605154608440496, 45.67087641005002 ], [ 4.605197860942314, 45.670852826474054 ], [ 4.605273799283768, 45.670839990294532 ], [ 4.605405974517686, 45.670839322014622 ], [ 4.605654040039155, 45.670861184250249 ], [ 4.60578603510243, 45.670854303474954 ], [ 4.605861087903862, 45.670850801453149 ], [ 4.605997686444076, 45.670883033905746 ], [ 4.606043467015318, 45.670893459253108 ], [ 4.606257008083261, 45.670894331562288 ], [ 4.60647376929993, 45.670979595303244 ], [ 4.606767295924311, 45.671040661212196 ], [ 4.606817022287048, 45.671067512206143 ], [ 4.606823303883279, 45.671071475592058 ], [ 4.606825683825353, 45.67110035313064 ], [ 4.606908341552638, 45.671172938560822 ], [ 4.607078789540887, 45.671242649948631 ], [ 4.607110211425447, 45.671289486698882 ], [ 4.607166046318333, 45.671327598810102 ], [ 4.607246914775876, 45.671365083417797 ], [ 4.607300202095118, 45.671408365641945 ], [ 4.607478188910751, 45.671512014166602 ], [ 4.607523500880816, 45.671546088196997 ], [ 4.607555800099717, 45.671649654510688 ], [ 4.607598266411469, 45.671678635316098 ], [ 4.607793554561435, 45.671674631496643 ], [ 4.607850741550694, 45.6716663845094 ], [ 4.607967800480709, 45.671649446809006 ], [ 4.608064899963328, 45.671648600750956 ], [ 4.608291791586383, 45.671697644590225 ], [ 4.608360927151467, 45.671729216453734 ], [ 4.608467694609979, 45.671862116584315 ], [ 4.608592559088512, 45.671967873126107 ], [ 4.60869026527241, 45.672120492067776 ], [ 4.608700212157799, 45.672184252529156 ], [ 4.608685152670105, 45.672249586102438 ], [ 4.608540736936416, 45.672638171523708 ], [ 4.608542308106815, 45.672745283800616 ], [ 4.608559154957722, 45.67279448996679 ], [ 4.608699147139288, 45.6729432625282 ], [ 4.608867874433562, 45.673072845447898 ], [ 4.60907054996595, 45.673176949487598 ], [ 4.609176283964303, 45.673207862872331 ], [ 4.609384725174916, 45.673271624011569 ], [ 4.609454119868313, 45.673272253512401 ], [ 4.609686480423163, 45.673164499839125 ], [ 4.609813905482835, 45.673119581370841 ], [ 4.610060239065138, 45.673068234316752 ], [ 4.610172035990947, 45.673069067761759 ], [ 4.610254461387902, 45.673133413037966 ], [ 4.61034989535684, 45.673207704791714 ], [ 4.610418922363142, 45.673341413044781 ], [ 4.610435265370752, 45.673558691312472 ], [ 4.610510104354462, 45.673627197920545 ], [ 4.610556634833756, 45.673650040012227 ], [ 4.610625884463284, 45.673658912009905 ], [ 4.610960634029379, 45.673678982632509 ], [ 4.611041209752476, 45.673706201148583 ], [ 4.611153640710296, 45.673821454801612 ], [ 4.611169924111027, 45.673864454051078 ], [ 4.611106963721806, 45.674045173696264 ], [ 4.611097127310827, 45.674130968211799 ], [ 4.61111430312637, 45.674191382686267 ], [ 4.611146225492114, 45.67421551432794 ], [ 4.611200741221391, 45.674287553661451 ], [ 4.61125308698861, 45.674417447090256 ], [ 4.611426770353922, 45.674531553962282 ], [ 4.611470330137474, 45.674624420336571 ], [ 4.611648870369533, 45.674812627649636 ], [ 4.61179142267767, 45.674876786931272 ], [ 4.611893957317752, 45.674903555503889 ], [ 4.611985912623967, 45.674924395878783 ], [ 4.612132628279611, 45.674946208636285 ], [ 4.612367017766958, 45.674960956722494 ], [ 4.612492035957472, 45.674965651657111 ], [ 4.612644110039429, 45.67497293125831 ], [ 4.612774726403531, 45.674971331087306 ], [ 4.612882257697315, 45.674971142176844 ], [ 4.613118447028038, 45.674955059965818 ], [ 4.613304138571849, 45.674859450817557 ], [ 4.613345210905587, 45.674787529274063 ], [ 4.613412006459842, 45.674725371763287 ], [ 4.613383516612537, 45.674541367423259 ], [ 4.613327422238754, 45.674388831689996 ], [ 4.613348436974168, 45.674329626736366 ], [ 4.613380257914343, 45.674244462736056 ], [ 4.613418868998289, 45.67418068246328 ], [ 4.613479259279275, 45.674110375522709 ], [ 4.613655165453866, 45.673996532246036 ], [ 4.613743598928298, 45.673962705841255 ], [ 4.613943399778291, 45.673954573782574 ], [ 4.614117486721081, 45.673963427302944 ], [ 4.614511459655907, 45.674031680164227 ], [ 4.614612334783542, 45.674054417024813 ], [ 4.614682152063544, 45.674069493042012 ], [ 4.614735012755234, 45.674071437163001 ], [ 4.614791884587878, 45.67409196765125 ], [ 4.614844867800118, 45.674164162361002 ], [ 4.614962292878655, 45.674225705728745 ], [ 4.615033575451918, 45.674277778132023 ], [ 4.615157579628589, 45.674472301221222 ], [ 4.615195117138664, 45.67459632579088 ], [ 4.615268554300169, 45.674695787531348 ], [ 4.615739138874385, 45.674839944835661 ], [ 4.615896199443773, 45.675004811151425 ], [ 4.615989634441169, 45.675023465438485 ], [ 4.616123392183082, 45.675023842822135 ], [ 4.616230704293184, 45.674989743555621 ], [ 4.616328192660833, 45.674922820572299 ], [ 4.616389684869013, 45.674811155358974 ], [ 4.616439180389092, 45.674763835187917 ], [ 4.616613074435297, 45.674739587958925 ], [ 4.616850984259393, 45.674729687833818 ], [ 4.617104365525932, 45.67473483145239 ], [ 4.617198447278918, 45.674736047439197 ], [ 4.617245170505297, 45.674725784345881 ], [ 4.617525751904189, 45.674791196709009 ], [ 4.617595811664364, 45.674814508616087 ], [ 4.617768944162745, 45.674869709848807 ], [ 4.617976127127014, 45.674863491146802 ], [ 4.618409582754629, 45.674752559924883 ], [ 4.618587466433087, 45.674640706919568 ], [ 4.618626012553476, 45.674574899197864 ], [ 4.618725487599938, 45.674457417799118 ], [ 4.618798516439621, 45.674371389651903 ], [ 4.618912145169016, 45.674237087224327 ], [ 4.618978939605437, 45.674188301321671 ], [ 4.619024613121906, 45.674155355616534 ], [ 4.619167058381032, 45.674110210557664 ], [ 4.619302204877959, 45.674105430333775 ], [ 4.619424734256715, 45.674117313687987 ], [ 4.619558614358165, 45.674187802583475 ], [ 4.619741212725836, 45.674263535099747 ], [ 4.619794854267558, 45.674278975714778 ], [ 4.619951129823055, 45.674284969099858 ], [ 4.619991569255394, 45.674270742212983 ], [ 4.620022637553507, 45.674239222090925 ], [ 4.620008835012393, 45.674017855088032 ], [ 4.620022939258356, 45.673959828998775 ], [ 4.620043391684979, 45.673921166124899 ], [ 4.620154582933722, 45.673835398694663 ], [ 4.620270164869045, 45.673820631080666 ], [ 4.62043787858231, 45.673822406181863 ], [ 4.620736450379153, 45.673896738540115 ], [ 4.620779389072009, 45.673902065036977 ], [ 4.62095078634315, 45.673924321714289 ], [ 4.621237718942049, 45.673890739496997 ], [ 4.62134774389673, 45.673844166937528 ], [ 4.621448308631177, 45.673790435018589 ], [ 4.621479225493006, 45.673753782822757 ], [ 4.621503072062736, 45.673686294289247 ], [ 4.621561696827131, 45.673608712829122 ], [ 4.621575818143018, 45.673525017087989 ], [ 4.62163154252358, 45.673453691996102 ], [ 4.621718500828304, 45.673382862817313 ], [ 4.621856840890223, 45.673210913575559 ], [ 4.621909102271198, 45.672981975343994 ], [ 4.621960892526461, 45.672921109513652 ], [ 4.622106278502066, 45.672844980178887 ], [ 4.622297213108778, 45.672836960932131 ], [ 4.622603538987149, 45.672952382406542 ], [ 4.622704142288073, 45.672965793983366 ], [ 4.622791587375779, 45.672977368561661 ], [ 4.623065929894887, 45.672961526155888 ], [ 4.623150933912869, 45.672955572501643 ], [ 4.623250276819367, 45.672939144427552 ], [ 4.623379413590897, 45.672900400423792 ], [ 4.623632394994451, 45.672787051381214 ], [ 4.623661947080143, 45.672756497784071 ], [ 4.623828914749442, 45.672706669940915 ], [ 4.623899436939944, 45.672706328569262 ], [ 4.624133526389937, 45.672776718045057 ], [ 4.624295731623659, 45.672787888773584 ], [ 4.624515562544108, 45.672740134565423 ], [ 4.62464344477072, 45.672737479181912 ], [ 4.624749402898334, 45.672736355866256 ], [ 4.625095896821117, 45.672828223924029 ], [ 4.625264759157948, 45.672921708879201 ], [ 4.625408232080628, 45.673161199045573 ], [ 4.625439424678154, 45.67319965796726 ], [ 4.625487652714328, 45.673227603315155 ], [ 4.625839523689717, 45.67323995207088 ], [ 4.625889841855221, 45.673247196600975 ], [ 4.626009828633387, 45.673264378436308 ], [ 4.626082940395975, 45.673286560210691 ], [ 4.62614676542039, 45.673333734645283 ], [ 4.626257295643542, 45.673488180440529 ], [ 4.62632906838919, 45.673543481181127 ], [ 4.62635406479029, 45.673620262970296 ], [ 4.626394182896747, 45.673660754366146 ], [ 4.626461629450223, 45.673765564531671 ], [ 4.62650897255591, 45.673802709117808 ], [ 4.626553845690384, 45.673821380498048 ], [ 4.626801122944067, 45.673828752034083 ], [ 4.626934937414971, 45.673831142236693 ], [ 4.627164017082596, 45.67374393482568 ], [ 4.627315574477195, 45.673641905194735 ], [ 4.627384890649696, 45.673613613136226 ], [ 4.627454957330399, 45.67359773949898 ], [ 4.627631893070175, 45.67361166482462 ], [ 4.627756317620908, 45.673661745377892 ], [ 4.627819270688631, 45.673731628499901 ], [ 4.627936764934124, 45.673834363406087 ], [ 4.628069277381299, 45.674015239801548 ], [ 4.628252756770789, 45.674107428292395 ], [ 4.628439969851286, 45.674156195008187 ], [ 4.629226848024548, 45.674189532901636 ], [ 4.629302325249702, 45.67420032989741 ], [ 4.629479554379253, 45.674250320152687 ], [ 4.629575647856418, 45.674332962759465 ], [ 4.629622654089408, 45.674437121187601 ], [ 4.629779632952362, 45.674637096237085 ], [ 4.629826625571226, 45.674675325356581 ], [ 4.629883748746708, 45.674664906480828 ], [ 4.629955077736762, 45.674718049791821 ], [ 4.630054827641048, 45.674820093683955 ], [ 4.630113581116575, 45.674851937805748 ], [ 4.630168290458259, 45.674864250745649 ], [ 4.63040949358398, 45.674822255273575 ], [ 4.630489299540571, 45.674796781670096 ], [ 4.630561046031466, 45.674680906810238 ], [ 4.63061373085079, 45.674637587098957 ], [ 4.630756011768834, 45.674417068121819 ], [ 4.630822736297211, 45.674366249539915 ], [ 4.630901417431645, 45.674341872731858 ], [ 4.631001369390972, 45.67434609950643 ], [ 4.63123599380053, 45.674394850498885 ], [ 4.631432455522464, 45.674482657725292 ], [ 4.631742924116174, 45.674593806612229 ], [ 4.632019358703281, 45.674596421052193 ], [ 4.632103909325827, 45.674614245075169 ], [ 4.632174846124344, 45.674654017657325 ], [ 4.632361183509818, 45.674712112621215 ], [ 4.632679920684188, 45.674776799347242 ], [ 4.632762857332436, 45.674818289025787 ], [ 4.632882027242894, 45.674964362206531 ], [ 4.63294228142056, 45.675099265496108 ], [ 4.632943124515256, 45.675153969343029 ], [ 4.632942514164847, 45.675211666495102 ], [ 4.632881601155017, 45.675302662310528 ], [ 4.632805144234325, 45.675376320263773 ], [ 4.632768003634034, 45.675476158255172 ], [ 4.632777731360033, 45.67557072331347 ], [ 4.632859184998784, 45.675757873765662 ], [ 4.632959905511973, 45.675840311420259 ], [ 4.633019753828854, 45.675869976571519 ], [ 4.633119451686581, 45.675969992104136 ], [ 4.633169259016399, 45.67599899217084 ], [ 4.633351098245319, 45.676022024438836 ], [ 4.633399177300502, 45.676044699703453 ], [ 4.633529960469709, 45.676179255326232 ], [ 4.633640292503527, 45.676352206064472 ], [ 4.633751582761588, 45.676453133732295 ], [ 4.633880436764644, 45.676509223015984 ], [ 4.633926887611948, 45.676528949454131 ], [ 4.63401138199534, 45.676544746393624 ], [ 4.634146804291468, 45.676549131323704 ], [ 4.634523887892702, 45.676487727355479 ], [ 4.634800394952803, 45.676453316249642 ], [ 4.634907869208216, 45.676451080658353 ], [ 4.634981933160045, 45.676466082572979 ], [ 4.635794208059954, 45.676822709699465 ], [ 4.636080441216841, 45.676986888565203 ], [ 4.636123022367886, 45.677019099671178 ], [ 4.636229497420884, 45.677100370105549 ], [ 4.636245254291095, 45.677124864773077 ], [ 4.636329866102889, 45.677248874634302 ], [ 4.636388837388338, 45.677287872796569 ], [ 4.63644992679729, 45.677307250427518 ], [ 4.637045304507819, 45.677406409173834 ], [ 4.637166599863082, 45.677454363451922 ], [ 4.637415647675698, 45.677468846590976 ], [ 4.637517174910912, 45.677473990483094 ], [ 4.637615276816322, 45.677493639960112 ], [ 4.637663514740384, 45.677521580103651 ], [ 4.637731131875524, 45.677657319717909 ], [ 4.637908749559574, 45.677863063506514 ], [ 4.637917368870151, 45.678037084142225 ], [ 4.637906088937171, 45.67808574966265 ], [ 4.63788981450982, 45.678147997975664 ], [ 4.637875296162888, 45.678256560603685 ], [ 4.637883948402213, 45.678327498231873 ] ] ] } },
{ "type": "Feature", "properties": { "id_map": 69000396.0, "num_tronc": "386", "nom": "le furon", "me_sdage": null, "Date": "2026\/08\/13", "Longueur": 65.628, "ONDE_num": 1, "ONDE_com": null }, "geometry": { "type": "MultiLineString", "coordinates": [ [ [ 4.722922172391234, 45.693099170001197 ], [ 4.723023059761095, 45.69315680296819 ], [ 4.723128735667838, 45.69318247785575 ], [ 4.723323737820017, 45.693166930313922 ], [ 4.723433362944899, 45.693183222269582 ], [ 4.723518357400077, 45.693238125625093 ], [ 4.72353222669572, 45.693361534416852 ] ] ] } },
{ "type": "Feature", "properties": { "id_map": 69000396.0, "num_tronc": "386", "nom": "le furon", "me_sdage": null, "Date": "2026\/08\/13", "Longueur": 120.395, "ONDE_num": 1, "ONDE_com": null }, "geometry": { "type": "MultiLineString", "coordinates": [ [ [ 4.72409842298324, 45.693861946164901 ], [ 4.7241591109355, 45.6941019094712 ], [ 4.7242039083086, 45.694153644584731 ], [ 4.724261770274182, 45.694166809928504 ], [ 4.724329878083045, 45.694174684436298 ], [ 4.724433015041813, 45.694180671681522 ], [ 4.72452212379979, 45.694194304340499 ], [ 4.724593697915292, 45.694214420179243 ], [ 4.72467211243385, 45.694231323842004 ], [ 4.724778395869159, 45.694239289178924 ], [ 4.724877428335712, 45.694249662216748 ], [ 4.724967977862013, 45.694260029948715 ], [ 4.725046072564801, 45.694266670274075 ], [ 4.725099535461677, 45.694274768562792 ], [ 4.725182318146473, 45.694283363583857 ], [ 4.725294256403586, 45.694287188694069 ] ] ] } },
{ "type": "Feature", "properties": { "id_map": 69000396.0, "num_tronc": "386", "nom": "le furon", "me_sdage": null, "Date": "2026\/08\/13", "Longueur": 72.829, "ONDE_num": 1, "ONDE_com": null }, "geometry": { "type": "MultiLineString", "coordinates": [ [ [ 4.72353222669572, 45.693361534416852 ], [ 4.723588516421837, 45.693435656451314 ], [ 4.723680090897369, 45.693478975107766 ], [ 4.723859941731779, 45.693583496518819 ], [ 4.723992393914547, 45.693688878102961 ], [ 4.724041878656728, 45.693742568115447 ], [ 4.72409842298324, 45.693861946164901 ] ] ] } },
{ "type": "Feature", "properties": { "id_map": 69001905.0, "num_tronc": "1824", "nom": "le garon", "me_sdage": "FRDR479c", "Date": "2026\/08\/12", "Longueur": 129.899, "ONDE_num": 4, "ONDE_com": null }, "geometry": { "type": "MultiLineString", "coordinates": [ [ [ 4.776782910535811, 45.605398865214426 ], [ 4.776739293552743, 45.605143123241525 ], [ 4.776733524421465, 45.605011215927533 ], [ 4.776712611804224, 45.604899273283259 ], [ 4.77664713189125, 45.604814110047037 ], [ 4.776494838192842, 45.604662765036586 ], [ 4.776434071360555, 45.604580499577096 ], [ 4.77634965248915, 45.604504957603559 ], [ 4.776158386809547, 45.604362739317594 ] ] ] } },
{ "type": "Feature", "properties": { "id_map": 69001487.0, "num_tronc": "1414", "nom": "le fondagny", "me_sdage": "FRDR10530", "Date": "2026\/08\/12", "Longueur": 1966.274, "ONDE_num": 2, "ONDE_com": null }, "geometry": { "type": "MultiLineString", "coordinates": [ [ [ 4.609527629823255, 45.602001684298912 ], [ 4.609777765598229, 45.601972840913213 ], [ 4.609895634263246, 45.60197561216971 ], [ 4.610375337037439, 45.602071150588714 ], [ 4.610557697551283, 45.602107583301915 ], [ 4.610953573602981, 45.602232555437112 ], [ 4.610997731843093, 45.602242055445231 ], [ 4.611310609128827, 45.602305799025075 ], [ 4.611517486612783, 45.602377815514934 ], [ 4.611819184259919, 45.60253358573528 ], [ 4.612241158485571, 45.602788010346949 ], [ 4.612467830858494, 45.602839071122226 ], [ 4.612773334948419, 45.602874140148394 ], [ 4.613009781248442, 45.602943568376055 ], [ 4.613179951023223, 45.60297098494221 ], [ 4.613262009883053, 45.602960080810085 ], [ 4.613327867853171, 45.602921578429495 ], [ 4.613380212457488, 45.602908128219553 ], [ 4.613875879293889, 45.602784696245699 ], [ 4.614184920445966, 45.602650430550334 ], [ 4.614714629509526, 45.60249327169447 ], [ 4.615199301826908, 45.602283392596853 ], [ 4.615559716006232, 45.602155410487917 ], [ 4.615972464891267, 45.601934537150356 ], [ 4.61632579107018, 45.601708842014574 ], [ 4.616533171364909, 45.601573598798026 ], [ 4.616820334739684, 45.601441936825267 ], [ 4.616999140642899, 45.601330070470432 ], [ 4.617442926602155, 45.601117932166211 ], [ 4.617710930867046, 45.601028964773725 ], [ 4.61780812254994, 45.600995953418717 ], [ 4.617961330023657, 45.601009421180208 ], [ 4.618138754191918, 45.600929456439879 ], [ 4.618447051970176, 45.600823155158004 ], [ 4.618620978696263, 45.600728919366638 ], [ 4.618820446645866, 45.600652554186361 ], [ 4.619060697399934, 45.600456983760324 ], [ 4.619248565826933, 45.600378893377567 ], [ 4.619424222217427, 45.600264906803034 ], [ 4.619472944170548, 45.600232997161363 ], [ 4.619692010005932, 45.600168777408314 ], [ 4.620043191493276, 45.60002861947001 ], [ 4.620141741401363, 45.599989506990632 ], [ 4.62063579252785, 45.599864852048576 ], [ 4.620930147885977, 45.599769147425583 ], [ 4.621155440502433, 45.599681057419915 ], [ 4.621437779789679, 45.599582552441696 ], [ 4.621529108533124, 45.599546650129703 ], [ 4.621595419491355, 45.599484493734117 ], [ 4.621660572100146, 45.599422218899406 ], [ 4.621726423984249, 45.599383846659023 ], [ 4.622119115214322, 45.599255107466391 ], [ 4.622200790033194, 45.599205023220428 ], [ 4.622336001236894, 45.599064054903778 ], [ 4.622693406211489, 45.598860842080406 ], [ 4.622717911017945, 45.59881698628368 ], [ 4.622683367335841, 45.598688869367621 ], [ 4.622642614300579, 45.598624744386072 ], [ 4.622433042753723, 45.59839499031618 ], [ 4.622383350234633, 45.598327886906354 ], [ 4.622355433943259, 45.598255200450147 ], [ 4.622383328903294, 45.598182519503887 ], [ 4.622482295193803, 45.598052611633904 ], [ 4.622673274368946, 45.597739396300327 ], [ 4.622708174221906, 45.597656211491888 ], [ 4.622696503776226, 45.597586262922981 ], [ 4.62264871434495, 45.597531561392671 ], [ 4.622492530626086, 45.597416142507257 ], [ 4.622427537752782, 45.597339127359113 ], [ 4.622339247557865, 45.597294602069269 ], [ 4.62225143577709, 45.59726641692162 ], [ 4.622118968566105, 45.597224825385496 ], [ 4.622114841964471, 45.597202188091366 ], [ 4.622111072434158, 45.597178599946517 ], [ 4.622149552503088, 45.597151970617759 ], [ 4.622287006617477, 45.597061497398883 ], [ 4.622429431367166, 45.596917317565399 ], [ 4.622643411159846, 45.596522169999176 ], [ 4.622715841286531, 45.596458843802814 ], [ 4.622883682352257, 45.596367796271032 ], [ 4.622933542375525, 45.59632235863269 ], [ 4.62295457309071, 45.596304492128922 ], [ 4.623022050960434, 45.596124645810193 ], [ 4.623220284511755, 45.595836048094448 ], [ 4.62323360741696, 45.595594431924326 ], [ 4.62328383427814, 45.595561553134338 ], [ 4.623525235526388, 45.59553793855455 ], [ 4.623584023850639, 45.595573972186592 ], [ 4.623607942780141, 45.595694136170103 ], [ 4.623778682904358, 45.595662759652733 ], [ 4.624010064839243, 45.595651853010004 ], [ 4.624276231772043, 45.595619638079206 ], [ 4.624525249724866, 45.595566999912883 ], [ 4.624648159118614, 45.595558334297365 ], [ 4.624745425916605, 45.595567737130054 ], [ 4.624767410532828, 45.595569310916531 ], [ 4.624880960568348, 45.595543352343263 ], [ 4.625056968827501, 45.595468530602247 ], [ 4.62516834213161, 45.595420852061672 ], [ 4.62531128279442, 45.595360287980867 ], [ 4.625520918369658, 45.595211620112231 ], [ 4.625630093867978, 45.59515465095766 ], [ 4.62593658353365, 45.5950669985018 ], [ 4.62603240322806, 45.595040214283642 ], [ 4.626535442090597, 45.594987681320823 ], [ 4.626605623643012, 45.594979100641069 ], [ 4.626744900434227, 45.594938042125648 ], [ 4.626785344419361, 45.594886659415643 ], [ 4.626906332201187, 45.594655238850962 ] ] ] } },
{ "type": "Feature", "properties": { "id_map": 69002279.0, "num_tronc": "2218", "nom": "ruisseau de corsenat", "me_sdage": null, "Date": "2026\/08\/12", "Longueur": 392.794, "ONDE_num": 3, "ONDE_com": null }, "geometry": { "type": "MultiLineString", "coordinates": [ [ [ 4.639261157183288, 45.610863009831597 ], [ 4.639339906819361, 45.610818089567289 ], [ 4.63949799582088, 45.610761204887019 ], [ 4.639562309520494, 45.610722844597014 ], [ 4.639834823230724, 45.610668749977023 ], [ 4.640247431850831, 45.610626257240554 ], [ 4.640786624810114, 45.61045113902712 ], [ 4.640906058174491, 45.610428050979714 ], [ 4.641033583858484, 45.61041821974478 ], [ 4.641139937032718, 45.610395457361562 ], [ 4.641457187998301, 45.610396097471039 ], [ 4.641515359512871, 45.61034539637901 ], [ 4.641633609309801, 45.610191412007133 ], [ 4.641730708946106, 45.610116229828485 ], [ 4.641951170619875, 45.609981693992246 ], [ 4.642175923041413, 45.609875060970843 ], [ 4.642256598209901, 45.60980430622115 ], [ 4.642316069751863, 45.609784523839522 ], [ 4.642427793203242, 45.609748171713974 ], [ 4.64277511158537, 45.609555444849711 ], [ 4.642906195276702, 45.609522862533666 ], [ 4.643008260494045, 45.609511374357069 ], [ 4.643199190118613, 45.609510612018127 ], [ 4.643412523267064, 45.609512359174964 ], [ 4.643651899851285, 45.609509537263442 ] ] ] } },
{ "type": "Feature", "properties": { "id_map": 69006377.0, "num_tronc": "6311", "nom": null, "me_sdage": null, "Date": "2026\/08\/12", "Longueur": 60.899, "ONDE_num": 3, "ONDE_com": null }, "geometry": { "type": "MultiLineString", "coordinates": [ [ [ 4.65252017356091, 45.633770964165024 ], [ 4.652334371996699, 45.633610759769489 ], [ 4.652231342930939, 45.633539722869749 ], [ 4.652163358547591, 45.633429802536853 ], [ 4.652201071304087, 45.633312521073499 ] ] ] } },
{ "type": "Feature", "properties": { "id_map": 69006377.0, "num_tronc": "6311", "nom": null, "me_sdage": null, "Date": "2026\/08\/12", "Longueur": 347.51, "ONDE_num": 1, "ONDE_com": null }, "geometry": { "type": "MultiLineString", "coordinates": [ [ [ 4.652074686444564, 45.631735308972239 ], [ 4.652204369259935, 45.631460499849815 ], [ 4.652409776069026, 45.631206600239878 ], [ 4.652697761253872, 45.630790311273309 ], [ 4.652768661967257, 45.630726988133816 ], [ 4.653081558380045, 45.630513254870714 ], [ 4.653134629134724, 45.630446140361336 ], [ 4.653283807789563, 45.630115111432495 ], [ 4.653319613699534, 45.629779263165105 ], [ 4.653400289527434, 45.629669321030093 ], [ 4.653619728309925, 45.629498840805297 ], [ 4.653859239199065, 45.629252543326061 ], [ 4.653929658923904, 45.629186119147455 ], [ 4.654073915608693, 45.629012960135675 ] ] ] } },
{ "type": "Feature", "properties": { "id_map": 69006377.0, "num_tronc": "6311", "nom": null, "me_sdage": null, "Date": "2026\/08\/12", "Longueur": 178.48, "ONDE_num": 2, "ONDE_com": null }, "geometry": { "type": "MultiLineString", "coordinates": [ [ [ 4.652201071304087, 45.633312521073499 ], [ 4.652243956378977, 45.632890914821338 ], [ 4.652223624695862, 45.632441730271125 ], [ 4.652195021368559, 45.632360819048422 ], [ 4.652072372911379, 45.632135513860725 ], [ 4.652016706334672, 45.63199947314466 ], [ 4.652028707537392, 45.631898240973868 ], [ 4.652074686444564, 45.631735308972239 ] ] ] } }
]
}
